,Symbol,Company Name,Market Cap,% Change,Volume,Revenue
0,GOOGL,Alphabet Inc.,"2,497.41B",1.57%,29602639,339.86B
1,META,"Meta Platforms, Inc.","1,746.15B",0.32%,18808409,164.50B
2,NFLX,"Netflix, Inc.",417.82B,0.36%,3542960,39.00B
3,TMUS,"T-Mobile US, Inc.",266.65B,-0.60%,3314298,81.40B
4,DIS,The Walt Disney Company,204.46B,-0.33%,5258857,91.36B
5,T,AT&T Inc.,170.29B,-1.21%,30438003,122.34B
6,VZ,Verizon Communications Inc.,165.82B,-0.20%,20421941,134.79B
7,CMCSA,Comcast Corporation,128.80B,1.23%,38255149,123.73B
8,SPOT,Spotify Technology S.A.,110.85B,-0.29%,1560084,16.84B
9,DASH,"DoorDash, Inc.",78.44B,0.14%,1835961,10.15B
10,NTES,"NetEase, Inc.",66.60B,-1.94%,1039029,15.07B
11,CHTR,"Charter Communications, Inc.",54.95B,2.64%,2761020,55.09B
12,RBLX,Roblox Corporation,46.64B,-0.43%,9052127,3.36B
13,AMX,"América Móvil, S.A.B. de C.V.",42.71B,-2.03%,1155323,42.54B
14,RDDT,"Reddit, Inc.",35.04B,0.31%,3141525,1.12B
15,LYV,"Live Nation Entertainment, Inc.",33.36B,0.43%,1579155,23.32B
16,TTWO,"Take-Two Interactive Software, Inc.",32.58B,-2.99%,1671255,5.46B
17,EA,Electronic Arts Inc.,32.24B,3.56%,6545969,7.41B
18,BIDU,"Baidu, Inc.",31.77B,-4.40%,6811250,19.10B
19,CHT,"Chunghwa Telecom Co., Ltd.",29.50B,-,104947,7.02B
20,TKO,"TKO Group Holdings, Inc.",26.51B,-1.44%,670304,2.78B
21,WBD,"Warner Bros. Discovery, Inc.",25.61B,-1.69%,27899748,39.58B
22,FWONK,Formula One Group,23.80B,-0.39%,886755,3.72B
23,FWONA,Formula One Group,23.60B,-0.28%,45348,3.72B
24,FOXA,Fox Corporation,23.38B,0.31%,3679000,14.34B
25,TEF,"Telefónica, S.A.",23.06B,-0.98%,531927,45.25B
26,PINS,"Pinterest, Inc.",22.28B,0.09%,6732957,3.47B
27,TU,TELUS Corporation,21.85B,-0.21%,3909399,14.78B
28,BCE,BCE Inc.,21.82B,-0.46%,2770728,18.11B
29,VOD,Vodafone Group Public Limited Company,21.68B,-0.81%,8037507,41.28B
30,Z,"Zillow Group, Inc.",19.02B,-2.03%,1801164,2.16B
31,TME,Tencent Music Entertainment Group,18.96B,-2.36%,6220831,3.97B
32,SNAP,Snap Inc.,18.94B,-0.53%,20647939,5.17B
33,OMC,Omnicom Group Inc.,17.05B,0.31%,2290587,15.43B
34,WMG,Warner Music Group Corp.,16.53B,-1.33%,2206733,6.43B
35,TLK,Perusahaan Perseroan (Persero) PT Telekomunikasi Indonesia Tbk,16.17B,-1.72%,1238117,9.92B
36,NWSA,News Corporation,15.96B,0.14%,2558152,10.16B
37,RCI,Rogers Communications Inc.,15.25B,-3.98%,1083281,14.32B
38,VIV,Telefônica Brasil S.A.,14.48B,1.03%,776314,10.06B
39,EDR,"Endeavor Group Holdings, Inc.",14.32B,-1.39%,1257464,7.48B
40,ROKU,"Roku, Inc.",12.02B,-2.96%,2651790,3.90B
41,PSO,Pearson plc,11.07B,-1.19%,350449,4.49B
42,LBRDK,Liberty Broadband Corporation,10.98B,2.75%,1161081,1.00B
43,IPG,"The Interpublic Group of Companies, Inc.",10.68B,-0.14%,4268955,9.34B
44,WPP,WPP plc,10.32B,-1.72%,167361,18.77B
45,MTCH,"Match Group, Inc.",8.96B,1.39%,3889791,3.49B
46,FYBR,"Frontier Communications Parent, Inc.",8.90B,-0.11%,2053667,5.86B
47,NYT,The New York Times Company,8.90B,0.43%,2626375,2.51B
48,SIRI,Sirius XM Holdings Inc.,8.14B,3.89%,10628669,8.70B
49,KT,KT Corporation,8.12B,-1.48%,1015329,20.14B
50,SKM,"SK Telecom Co., Ltd.",8.12B,-0.79%,206067,13.67B
51,NBIS,Nebius Group N.V.,7.69B,2.70%,11557015,8.66B
52,PARA,Paramount Global,7.26B,-0.91%,6598789,28.87B
53,BILI,Bilibili Inc.,6.95B,-4.95%,4865788,3.63B
54,DJT,Trump Media & Technology Group Corp.,6.91B,0.82%,4639304,3.37M
55,LLYVK,Liberty Live Group,6.75B,0.55%,249438,-
56,LLYVA,Liberty Live Group,6.71B,0.56%,62466,-
57,TKC,Turkcell Iletisim Hizmetleri A.S.,6.57B,-,237584,3.32B
58,TIMB,TIM S.A.,6.47B,-0.75%,1430113,4.61B
59,BZ,Kanzhun Limited,6.27B,-6.25%,1807001,1.01B
60,TEO,Telecom Argentina S.A.,5.98B,-5.21%,154334,1.78B
61,USM,United States Cellular Corporation,5.40B,-1.13%,87128,3.80B
62,MSGS,Madison Square Garden Sports Corp.,5.28B,-0.33%,89333,1.04B
63,LUMN,"Lumen Technologies, Inc.",5.01B,-1.20%,10767987,13.30B
64,PHI,PLDT Inc.,4.96B,-0.61%,34887,3.85B
65,NXST,"Nexstar Media Group, Inc.",4.75B,-2.34%,361374,5.22B
66,TIGO,Millicom International Cellular S.A.,4.52B,-1.87%,273713,5.85B
67,LBTYB,Liberty Global Ltd.,4.16B,0.86%,14,7.67B
68,LBTYK,Liberty Global Ltd.,4.16B,-0.17%,1203602,7.67B
69,TDS,"Telephone and Data Systems, Inc.",4.03B,-1.53%,831446,5.04B
70,IAC,IAC Inc.,3.65B,0.02%,411879,3.88B
71,CCOI,"Cogent Communications Holdings, Inc.",3.57B,0.65%,292723,976.01M
72,CNK,"Cinemark Holdings, Inc.",3.44B,-0.76%,2561993,2.87B
73,ATHM,Autohome Inc.,3.39B,-4.40%,227187,1.02B
74,IRDM,Iridium Communications Inc.,3.27B,1.16%,1053357,812.43M
75,VEON,VEON Ltd.,3.19B,3.92%,77373,3.96B
76,TGNA,TEGNA Inc.,2.94B,-0.82%,948806,2.96B
77,GSAT,"Globalstar, Inc.",2.90B,3.38%,14864741,241.58M
78,MANU,Manchester United plc,2.69B,-1.79%,345081,868.15M
79,PLTK,Playtika Holding Corp.,2.67B,-2.71%,886890,2.54B
80,YELP,Yelp Inc.,2.63B,-1.36%,420966,1.39B
81,BATRA,"Atlanta Braves Holdings, Inc.",2.47B,-0.56%,83840,678.38M
82,MGNI,"Magnite, Inc.",2.42B,-1.60%,1415561,661.13M
83,BATRK,"Atlanta Braves Holdings, Inc.",2.41B,0.13%,408336,678.38M
84,WB,Weibo Corporation,2.39B,-4.94%,1044581,1.76B
85,YY,JOYY Inc.,2.33B,-4.18%,144899,2.26B
86,ZD,"Ziff Davis, Inc.",2.30B,-0.20%,331834,1.38B
87,WLY,"John Wiley & Sons, Inc.",2.21B,-1.23%,390221,1.76B
88,UPWK,Upwork Inc.,2.11B,-1.68%,3548504,761.78M
89,CRTO,Criteo S.A.,2.10B,0.03%,449312,1.95B
90,IQ,"iQIYI, Inc.",2.08B,-6.47%,36540686,4.32B
91,GENI,Genius Sports Limited,2.06B,-1.23%,2912603,462.54M
92,LGF.A,Lions Gate Entertainment Corp.,1.89B,-1.01%,706818,3.88B
93,IAS,Integral Ad Science Holding Corp.,1.71B,-,704175,511.36M
94,CABO,"Cable One, Inc.",1.71B,0.36%,107956,1.60B
95,SPHR,Sphere Entertainment Co.,1.67B,0.93%,791612,1.14B
96,STGW,Stagwell Inc.,1.66B,-2.50%,289745,2.71B
97,WBTN,WEBTOON Entertainment Inc.,1.64B,-0.86%,168411,1.33B
98,OPRA,Opera Limited,1.62B,-2.61%,331920,447.82M
99,FUBO,fuboTV Inc.,1.37B,-1.94%,20769998,1.59B
100,AMC,"AMC Entertainment Holdings, Inc.",1.34B,-0.96%,8527944,4.44B
101,QNST,"QuinStreet, Inc.",1.33B,-3.19%,418833,768.81M
102,ATUS,"Altice USA, Inc.",1.30B,-1.75%,2023124,9.02B
103,TBLA,Taboola.com Ltd.,1.28B,-0.78%,751112,1.69B
104,BMBL,Bumble Inc.,1.25B,-3.57%,1828002,1.08B
105,IMAX,IMAX Corporation,1.24B,-0.13%,642390,345.55M
106,MOMO,Hello Group Inc.,1.24B,-3.62%,403412,1.56B
107,TTGT,"TechTarget, Inc.",1.22B,-2.07%,162961,260.75M
108,LILAK,Liberty Latin America Ltd.,1.21B,-3.16%,897487,4.47B
109,IDT,IDT Corporation,1.19B,-0.67%,49864,1.21B
110,GOGO,Gogo Inc.,1.10B,1.08%,1176731,404.72M
111,IHS,IHS Holding Limited,1.09B,-5.48%,1737045,1.78B
112,FVRR,Fiverr International Ltd.,1.09B,-1.06%,409330,379.32M
113,NRDS,"NerdWallet, Inc.",1.05B,-4.80%,308125,637.50M
114,GETY,"Getty Images Holdings, Inc.",1.05B,2.82%,1699413,917.90M
115,SSTK,"Shutterstock, Inc.",1.03B,2.64%,462088,902.18M
116,TV,"Grupo Televisa, S.A.B.",1.02B,-,1946299,3.62B
117,PLAY,"Dave & Buster's Entertainment, Inc.",1.02B,-1.92%,1415003,2.20B
118,KIND,"Nextdoor Holdings, Inc.",1.00B,-1.13%,1151656,237.61M
119,SBGI,"Sinclair, Inc.",973.06M,-0.48%,169867,3.37B
120,EEX,"Emerald Holding, Inc.",913.43M,-2.81%,147872,393.50M
121,ANGI,Angi Inc.,895.08M,-2.17%,809649,1.22B
122,SEAT,Vivid Seats Inc.,893.31M,1.42%,1405710,774.08M
123,ADV,Advantage Solutions Inc.,846.79M,-2.94%,308569,3.99B
124,HUYA,HUYA Inc.,796.94M,-6.17%,852689,871.49M
125,MAX,"MediaAlpha, Inc.",759.31M,-1.13%,283080,681.23M
126,THRY,"Thryv Holdings, Inc.",751.22M,0.92%,698116,873.72M
127,RBBN,Ribbon Communications Inc.,719.07M,0.99%,582833,808.92M
128,EVER,"EverQuote, Inc.",714.10M,-2.93%,244892,408.44M
129,CCO,"Clear Channel Outdoor Holdings, Inc.",665.15M,-2.86%,922970,2.23B
130,MCS,The Marcus Corporation,633.42M,-1.28%,117933,670.23M
131,GCI,"Gannett Co., Inc.",628.07M,-2.59%,636633,2.56B
132,NCMI,"National CineMedia, Inc.",625.49M,-1.79%,340581,245.30M
133,NEXN,Nexxen International Ltd.,624.31M,-2.15%,100998,349.11M
134,SHEN,Shenandoah Telecommunications Company,589.70M,1.03%,193144,328.81M
135,SCHL,Scholastic Corporation,545.44M,-1.82%,255673,1.58B
136,RSVR,"Reservoir Media, Inc.",542.00M,-,85516,149.61M
137,ATEX,Anterix Inc.,531.92M,-1.52%,77473,5.61M
138,DOYU,DouYu International Holdings Limited,496.05M,-2.79%,282182,631.66M
139,DDI,"DoubleDown Interactive Co., Ltd.",483.15M,-2.50%,26216,342.46M
140,CTV,Innovid Corp.,462.03M,-0.32%,367208,151.56M
141,PERI,Perion Network Ltd.,431.22M,2.63%,286018,602.94M
142,GRVY,"Gravity Co., Ltd.",430.28M,-0.13%,15142,381.08M
143,AMCX,AMC Networks Inc.,424.88M,-2.33%,258876,2.50B
144,GRPN,"Groupon, Inc.",416.37M,-0.29%,671099,499.89M
145,JFIN,Jiayin Group Inc.,408.35M,-5.29%,19416,854.96M
146,SOHU,Sohu.com Limited,407.32M,-2.02%,30443,607.23M
147,VENU,Venu Holding Corporation,372.68M,1.73%,47398,17.48M
148,GTN,"Gray Media, Inc.",356.69M,1.08%,895201,3.46B
149,WOW,"WideOpenWest, Inc.",350.49M,1.91%,352602,647.10M
150,IHRT,"iHeartMedia, Inc.",337.63M,-6.33%,418926,3.80B
151,AENT,Alliance Entertainment Holding Corporation,335.17M,-2.66%,76336,1.10B
152,TRUE,"TrueCar, Inc.",299.14M,-7.53%,263805,170.68M
153,OB,Outbrain Inc.,298.39M,-1.48%,150963,903.52M
154,ZH,Zhihu Inc.,297.83M,-0.57%,152435,552.85M
155,GDEV,GDEV Inc.,280.65M,-5.31%,6937,432.53M
156,TZOO,Travelzoo,234.08M,0.35%,64850,84.37M
157,ATNI,"ATN International, Inc.",230.61M,-0.19%,91214,747.49M
158,GMGI,"Golden Matrix Group, Inc.",222.94M,-9.21%,239495,87.56M
159,MYPS,"PLAYSTUDIOS, Inc.",218.20M,-5.91%,113213,298.76M
160,NIPG,NIP Group Inc.,212.88M,-2.94%,77995,84.45M
161,RDCM,RADCOM Ltd.,203.77M,-0.16%,49120,58.76M
162,TRVG,trivago N.V.,197.92M,1.07%,87045,510.56M
163,EVC,Entravision Communications Corporation,193.47M,-4.44%,438799,1.15B
164,SSP,The E.W. Scripps Company,161.90M,-5.05%,475604,2.40B
165,CXDO,"Crexendo, Inc.",156.38M,0.17%,121015,58.76M
166,CDLX,"Cardlytics, Inc.",155.52M,0.16%,520889,293.47M
167,CURI,CuriosityStream Inc.,143.69M,18.81%,1289938,51.78M
168,LVO,"LiveOne, Inc.",138.72M,20.83%,6617590,127.82M
169,TSQ,"Townsquare Media, Inc.",138.06M,-1.11%,41203,447.96M
170,CMCM,Cheetah Mobile Inc.,133.28M,-0.89%,8009,105.08M
171,GAIA,"Gaia, Inc.",131.52M,-3.77%,70728,86.64M
172,SKLZ,Skillz Inc.,118.83M,0.91%,65339,106.20M
173,SIFY,Sify Technologies Limited,99.00M,5.19%,77359,465.33M
174,BZFD,"BuzzFeed, Inc.",92.72M,2.09%,311313,231.67M
175,WIMI,WiMi Hologram Cloud Inc.,92.19M,-0.58%,4730314,84.14M
176,MCHX,"Marchex, Inc.",87.07M,-0.50%,7921,48.59M
177,LEE,"Lee Enterprises, Incorporated",80.41M,-0.08%,12841,611.38M
178,SNAL,"Snail, Inc.",79.08M,-8.94%,94049,86.82M
179,MCTR,Ctrl Group Limited,78.00M,-3.88%,65010,5.19M
180,SGA,"Saga Communications, Inc.",77.96M,0.24%,8848,110.67M
181,ICLK,iClick Interactive Asia Group Limited,76.71M,-3.20%,20310,130.44M
182,FNGR,"FingerMotion, Inc.",72.00M,2.44%,107477,33.57M
183,CCG,Cheche Group Inc.,68.43M,-1.24%,211443,478.62M
184,AREN,"The Arena Group Holdings, Inc.",64.08M,7.14%,21840,234.40M
185,CNVS,Cineverse Corp.,59.52M,2.46%,128340,45.01M
186,FLNT,"Fluent, Inc.",58.15M,-0.70%,4256,261.98M
187,PODC,"PodcastOne, Inc.",57.19M,3.08%,72966,47.46M
188,BODI,"The Beachbody Company, Inc.",51.30M,-0.27%,3708,451.43M
189,MDIA,MediaCo Holding Inc.,50.87M,1.87%,33855,69.30M
190,ANGH,Anghami Inc.,50.07M,7.29%,21801,52.27M
191,AGAE,Allied Gaming & Entertainment Inc.,49.18M,3.66%,5804,9.26M
192,UCL,uCloudlink Group Inc.,49.11M,-3.68%,43333,87.41M
193,UONE,"Urban One, Inc.",46.95M,-1.44%,8103,452.89M
194,MNY,MoneyHero Limited,46.12M,2.78%,21609,90.19M
195,ABLV,Able View Global Inc.,43.73M,-6.23%,2243,130.09M
196,IZEA,"IZEA Worldwide, Inc.",42.42M,-6.02%,36555,33.77M
197,KORE,"KORE Group Holdings, Inc.",38.95M,-9.13%,36898,285.23M
198,ZDGE,"Zedge, Inc.",38.12M,0.19%,42418,30.20M
199,DALN,DallasNews Corporation,37.04M,-0.29%,3530,128.29M
200,SCOR,"comScore, Inc.",36.63M,6.70%,8296,356.21M
201,RDI,"Reading International, Inc.",35.43M,1.94%,62312,197.27M
202,MPU,Mega Matrix Inc.,35.23M,-4.67%,25174,26.00M
203,SJ,Scienjoy Holding Corporation,34.31M,-1.09%,22355,205.41M
204,TZUP,Thumzup Media Corporation,31.55M,-9.19%,323190,211.00
205,GAME,"GameSquare Holdings, Inc.",29.11M,1.36%,127164,99.07M
206,FENG,Phoenix New Media Limited,26.83M,0.45%,14188,99.43M
207,CHR,"Cheer Holding, Inc.",26.64M,-,24629,155.95M
208,GIFT,"Giftify, Inc.",23.55M,-2.17%,233842,86.44M
209,TOON,Kartoon Studios Inc.,23.20M,-0.73%,122022,31.98M
210,STBX,Starbox Group Holdings Ltd.,20.46M,-12.11%,307172,12.21M
211,KUKE,Kuke Music Holding Limited,20.22M,-0.99%,40690,14.78M
212,DRCT,"Direct Digital Holdings, Inc.",17.87M,-2.44%,196911,94.22M
213,SWAG,"Stran & Company, Inc.",17.66M,-2.16%,18863,76.00M
214,GIGM,GigaMedia Limited,16.93M,-1.20%,1518,3.09M
215,GDC,GD Culture Group Limited,15.86M,0.70%,15504,-150.00K
216,CMLS,Cumulus Media Inc.,15.46M,4.60%,13506,829.80M
217,BBGI,"Beasley Broadcast Group, Inc.",14.26M,-1.23%,11872,238.75M
218,EDUC,Educational Development Corporation,13.99M,-5.23%,5601,36.52M
219,QMMM,QMMM Holdings Limited,13.39M,6.58%,483866,2.70M
220,KRKR,36Kr Holdings Inc.,12.90M,-5.93%,169354,41.65M
221,STFS,Star Fashion Culture Holdings Limited,12.39M,-2.86%,701614,14.97M
222,LCFY,Locafy Limited,12.19M,5.13%,46330,2.67M
223,DLPN,"Dolphin Entertainment, Inc.",11.72M,7.36%,23672,51.39M
224,SOGP,Sound Group Inc.,10.74M,-2.24%,9139,250.40M
225,TRUG,"TruGolf Holdings, Inc.",10.05M,-3.20%,538641,21.92M
226,CPOP,"Pop Culture Group Co., Ltd",10.01M,-27.66%,661769,47.38M
227,BREA,Brera Holdings PLC,8.69M,-6.67%,44073,2.87M
228,SLE,"Super League Enterprise, Inc.",8.59M,-0.83%,41088,22.27M
229,GXAI,Gaxos.ai Inc.,8.48M,-6.17%,315662,2.98K
230,HOFV,Hall of Fame Resort & Entertainment Company,8.14M,-2.22%,22278,22.53M
231,LDWY,"Lendway, Inc.",7.45M,-7.47%,14047,31.58M
232,ANTE,AirNet Technology Inc.,6.72M,6.22%,24474,500.00K
233,ONFO,"Onfolio Holdings, Inc.",6.61M,-2.27%,22532,6.59M
234,BAOS,Baosheng Media Group Holdings Limited,5.66M,19.03%,5670886,859.23K
235,ASST,Asset Entities Inc.,5.02M,0.35%,2282431,501.58K
236,BLMZ,BloomZ Inc.,4.98M,-5.02%,71444,1.25M
237,LKCO,Luokung Technology Corp.,4.76M,3.72%,11985,5.39M
238,MSGM,Motorsport Games Inc.,4.49M,-5.37%,24059,8.46M
239,VSME,VS MEDIA Holdings Limited,3.95M,0.01%,15661,8.49M
240,UPXI,"Upexi, Inc.",3.92M,1.62%,45495,22.08M
241,CNET,ZW Data Action Technologies Inc.,3.70M,2.41%,36420,18.46M
242,BHAT,Blue Hat Interactive Entertainment Technology,2.11M,-9.75%,92625589,40.46M
243,TC,TuanChe Limited,1.75M,4.12%,519943,14.11M
244,DGLY,"Digital Ally, Inc.",1.20M,-7.09%,1209535,21.13M
245,ADD,"Color Star Technology Co., Ltd.",891.22K,8.43%,1497444,2.83M
246,MGOL,"MGO Global, Inc.",348.19K,1.61%,45533573,5.20M
