,Symbol,Company Name,Market Cap,% Change,Volume,Revenue
0,WMT,Walmart Inc.,788.56B,-0.50%,9744712,673.82B
1,COST,Costco Wholesale Corporation,434.97B,0.09%,1624235,258.81B
2,PG,The Procter & Gamble Company,389.22B,-0.85%,3430959,84.35B
3,KO,The Coca-Cola Company,273.46B,-0.89%,8468401,46.37B
4,PEP,"PepsiCo, Inc.",209.15B,-0.80%,4831960,91.92B
5,PM,Philip Morris International Inc.,202.44B,-0.09%,2905672,37.22B
6,UL,Unilever PLC,149.23B,-1.58%,1638062,64.60B
7,BUD,Anheuser-Busch InBev SA/NV,97.75B,-1.28%,3392527,59.40B
8,MO,"Altria Group, Inc.",88.52B,1.34%,6371059,20.44B
9,BTI,British American Tobacco p.l.c.,87.47B,-0.10%,2141865,33.09B
10,MDLZ,"Mondelez International, Inc.",77.54B,-0.72%,9652738,36.15B
11,CL,Colgate-Palmolive Company,70.83B,-4.61%,11098228,20.10B
12,DEO,Diageo plc,66.82B,-1.32%,922075,20.27B
13,TGT,Target Corporation,63.19B,-1.80%,3210980,107.57B
14,MNST,Monster Beverage Corporation,47.37B,-1.32%,4850255,7.41B
15,KR,The Kroger Co.,44.60B,0.98%,3345646,149.88B
16,KDP,Keurig Dr Pepper Inc.,43.54B,-0.43%,5527353,15.15B
17,KMB,Kimberly-Clark Corporation,43.12B,-0.67%,5058120,20.06B
18,KVUE,Kenvue Inc.,40.82B,-1.98%,16424617,15.46B
19,CCEP,Coca-Cola Europacific Partners PLC,36.41B,-0.97%,1469950,20.52B
20,KHC,The Kraft Heinz Company,36.08B,-1.42%,7445172,26.13B
21,SYY,Sysco Corporation,35.67B,-0.57%,2260439,80.57B
22,GIS,"General Mills, Inc.",33.21B,-0.84%,2878577,19.90B
23,STZ,"Constellation Brands, Inc.",32.67B,-1.91%,2189440,10.18B
24,HSY,The Hershey Company,30.20B,-1.90%,1623830,10.97B
25,EL,The Estée Lauder Companies Inc.,29.95B,-2.40%,2363181,15.45B
26,ABEV,Ambev S.A.,29.89B,-0.54%,14802197,15.13B
27,FMX,"Fomento Económico Mexicano, S.A.B. de C.V.",28.45B,-2.25%,338606,38.59B
28,K,Kellanova,28.17B,-0.26%,8377054,12.80B
29,CHD,"Church & Dwight Co., Inc.",25.85B,-1.49%,3425106,6.11B
30,ADM,Archer-Daniels-Midland Company,24.52B,-0.85%,6837496,87.01B
31,MKC,"McCormick & Company, Incorporated",20.71B,-0.71%,813374,6.72B
32,MKC.V,"McCormick & Company, Incorporated",20.71B,0.44%,2061,6.72B
33,TSN,"Tyson Foods, Inc.",20.12B,-0.48%,2930629,53.31B
34,CLX,The Clorox Company,19.64B,-1.10%,1765728,7.47B
35,USFD,US Foods Holding Corp.,16.52B,-1.10%,1348398,37.32B
36,KOF,"Coca-Cola FEMSA, S.A.B. de C.V.",16.49B,-1.59%,177601,13.66B
37,HRL,Hormel Foods Corporation,16.46B,-1.48%,2171874,11.92B
38,SFM,"Sprouts Farmers Market, Inc.",15.83B,1.34%,1420921,7.42B
39,DLTR,"Dollar Tree, Inc.",15.77B,-1.54%,2591044,31.22B
40,BF.A,Brown-Forman Corporation,15.65B,-0.51%,115135,4.08B
41,DG,Dollar General Corporation,15.63B,-1.51%,2354880,40.17B
42,PFGC,Performance Food Group Company,14.07B,-0.68%,635304,55.16B
43,BJ,"BJ's Wholesale Club Holdings, Inc.",13.08B,-0.94%,1573290,20.58B
44,CAG,"Conagra Brands, Inc.",12.36B,-1.52%,2825449,11.93B
45,PRMB,Primo Brands Corporation,12.27B,-2.56%,1966695,4.84B
46,COKE,"Coca-Cola Consolidated, Inc.",11.98B,0.10%,38688,6.78B
47,ACI,"Albertsons Companies, Inc.",11.62B,-,3458650,79.93B
48,CPB,The Campbell's Company,11.56B,-2.15%,7360167,9.89B
49,SJM,The J. M. Smucker Company,11.37B,-0.83%,671331,8.83B
50,TAP.A,Molson Coors Beverage Company,11.29B,-1.57%,240,11.68B
51,TAP,Molson Coors Beverage Company,11.28B,-0.87%,1048804,11.68B
52,PPC,Pilgrim's Pride Corporation,11.04B,-1.61%,780893,18.03B
53,BG,Bunge Global SA,10.63B,-1.96%,1151324,54.50B
54,BRBR,"BellRing Brands, Inc.",9.98B,-2.57%,1030185,2.00B
55,INGR,Ingredion Incorporated,8.89B,-0.67%,410917,7.55B
56,LW,"Lamb Weston Holdings, Inc.",8.55B,-2.15%,2496782,6.33B
57,SFD,"Smithfield Foods, Inc.",8.45B,-1.33%,1880196,14.19B
58,HIMS,"Hims & Hers Health, Inc.",8.14B,9.78%,19054045,1.24B
59,EDU,New Oriental Education & Technology Group Inc.,7.97B,-1.44%,1176506,4.82B
60,FRPT,"Freshpet, Inc.",7.76B,-1.62%,336037,927.89M
61,TAL,TAL Education Group,7.41B,-2.55%,4994457,2.07B
62,OLLI,"Ollie's Bargain Outlet Holdings, Inc.",6.83B,-1.22%,531520,2.25B
63,COTY,Coty Inc.,6.38B,-2.01%,5743694,6.15B
64,POST,"Post Holdings, Inc.",6.18B,-1.48%,240224,7.92B
65,BRFS,BRF S.A.,6.14B,-,1451068,10.70B
66,DAR,Darling Ingredients Inc.,5.96B,2.21%,2805903,5.91B
67,CELH,"Celsius Holdings, Inc.",5.87B,-3.10%,5884519,1.37B
68,LRN,"Stride, Inc.",5.77B,0.57%,1104217,2.19B
69,ELF,"e.l.f. Beauty, Inc.",5.63B,-6.67%,2919670,1.22B
70,CALM,"Cal-Maine Foods, Inc.",5.29B,-6.82%,1945715,3.08B
71,LOPE,"Grand Canyon Education, Inc.",5.05B,0.69%,147866,1.02B
72,LANC,Lancaster Colony Corporation,4.65B,-0.32%,126635,1.88B
73,IPAR,"Interparfums, Inc.",4.52B,-1.58%,87658,1.42B
74,NWL,Newell Brands Inc.,4.14B,-4.78%,5780996,7.71B
75,FLO,"Flowers Foods, Inc.",4.12B,-0.91%,1204420,5.12B
76,GHC,Graham Holdings Company,4.03B,-0.35%,11614,4.71B
77,ATGE,Adtalem Global Education Inc.,3.99B,4.60%,778418,1.69B
78,FIZZ,National Beverage Corp.,3.94B,-0.31%,176494,1.19B
79,SMPL,The Simply Good Foods Company,3.84B,-0.78%,1091972,1.36B
80,TBBB,BBB Foods Inc.,3.48B,2.28%,330458,2.73B
81,NOMD,Nomad Foods Limited,2.87B,0.73%,1017380,3.42B
82,SAM,"The Boston Beer Company, Inc.",2.84B,-1.57%,219521,2.00B
83,RLX,RLX Technology Inc.,2.82B,-,2359232,307.80M
84,LAUR,"Laureate Education, Inc.",2.82B,-1.78%,528841,1.55B
85,AKO.B,Embotelladora Andina S.A.,2.76B,-,2565,3.24B
86,AKO.A,Embotelladora Andina S.A.,2.76B,1.40%,902,3.24B
87,PSMT,"PriceSmart, Inc.",2.72B,-1.11%,164470,5.01B
88,JJSF,J&J Snack Foods Corp.,2.67B,-0.75%,348151,1.57B
89,KLC,"KinderCare Learning Companies, Inc.",2.45B,-2.03%,982611,2.63B
90,STRA,"Strategic Education, Inc.",2.39B,-0.37%,88673,1.21B
91,CENT,Central Garden & Pet Company,2.39B,-0.90%,84497,3.20B
92,SPB,"Spectrum Brands Holdings, Inc.",2.37B,-1.82%,313934,2.96B
93,CCU,Compañía Cervecerías Unidas S.A.,2.25B,0.25%,137253,2.80B
94,TR,"Tootsie Roll Industries, Inc.",2.22B,-0.45%,56854,727.12M
95,CHEF,"The Chefs' Warehouse, Inc.",2.18B,-1.23%,202231,3.71B
96,COCO,"The Vita Coco Company, Inc.",2.12B,-1.68%,774851,494.86M
97,CENTA,Central Garden & Pet Company,2.11B,-0.80%,209960,3.20B
98,VITL,"Vital Farms, Inc.",1.92B,-2.35%,872899,576.13M
99,PRDO,Perdoceo Education Corporation,1.89B,0.45%,345056,652.75M
100,UTZ,"Utz Brands, Inc.",1.88B,-0.82%,660096,1.42B
101,WMK,"Weis Markets, Inc.",1.82B,-0.62%,54065,4.76B
102,UNFI,"United Natural Foods, Inc.",1.78B,-2.36%,564358,31.30B
103,THS,"TreeHouse Foods, Inc.",1.77B,-1.57%,367131,3.36B
104,EPC,Edgewell Personal Care Company,1.62B,-1.77%,291058,2.25B
105,GO,Grocery Outlet Holding Corp.,1.57B,0.31%,2557312,4.26B
106,DNUT,"Krispy Kreme, Inc.",1.54B,-0.55%,1737001,1.71B
107,UTI,"Universal Technical Institute, Inc.",1.49B,-1.12%,488994,732.69M
108,FDP,Fresh Del Monte Produce Inc.,1.46B,-1.90%,529053,4.28B
109,AFYA,Afya Limited,1.46B,-4.10%,139575,584.95M
110,KLG,WK Kellogg Co,1.43B,-2.41%,1222530,2.72B
111,HELE,Helen of Troy Limited,1.41B,-2.85%,376130,1.91B
112,ANDE,"The Andersons, Inc.",1.38B,-2.23%,161352,11.35B
113,UVV,Universal Corporation,1.31B,-0.75%,88140,2.83B
114,DOLE,Dole plc,1.29B,-0.95%,549526,8.38B
115,IMKTA,"Ingles Markets, Incorporated",1.26B,-1.18%,82579,5.64B
116,COUR,"Coursera, Inc.",1.22B,-8.87%,3080606,694.67M
117,TPB,"Turning Point Brands, Inc.",1.13B,1.17%,213385,409.41M
118,UDMY,"Udemy, Inc.",1.09B,-1.32%,694208,776.17M
119,NGVC,"Natural Grocers by Vitamin Cottage, Inc.",998.43M,-1.23%,74552,1.24B
120,AGRO,Adecoagro S.A.,981.14M,0.83%,304225,1.41B
121,DAO,"Youdao, Inc.",962.13M,3.34%,56412,822.10M
122,STKL,SunOpta Inc.,875.72M,-2.01%,366547,711.68M
123,AVO,"Mission Produce, Inc.",843.18M,-0.67%,246794,1.23B
124,JBSS,"John B. Sanfilippo & Son, Inc.",841.90M,-6.55%,175129,1.12B
125,MGPI,"MGP Ingredients, Inc.",793.17M,0.19%,355117,737.72M
126,DDL,Dingdong (Cayman) Limited,738.89M,-2.58%,237839,3.16B
127,WEST,Westrock Coffee Company,655.55M,-2.52%,269670,836.72M
128,HNST,"The Honest Company, Inc.",647.16M,-4.33%,3233775,368.77M
129,USNA,"USANA Health Sciences, Inc.",620.77M,-6.57%,188169,861.97M
130,SPTN,SpartanNash Company,615.35M,-1.19%,210059,9.53B
131,BRCC,BRC Inc.,576.53M,-1.81%,440096,405.26M
132,GOTU,Gaotu Techedu Inc.,556.99M,-6.81%,1705539,559.69M
133,HLF,Herbalife Ltd.,550.32M,-4.21%,2770946,5.00B
134,LINC,Lincoln Educational Services Corporation,513.74M,0.68%,174758,423.21M
135,BGS,"B&G Foods, Inc.",512.98M,-0.61%,1278908,1.96B
136,VLGEA,"Village Super Market, Inc.",503.49M,-0.52%,27149,2.26B
137,SENEA,Seneca Foods Corporation,502.41M,1.05%,8152,1.48B
138,SENEB,Seneca Foods Corporation,500.43M,0.08%,501,1.48B
139,FC,Franklin Covey Co.,500.25M,2.05%,178249,287.92M
140,SNDL,SNDL Inc.,461.97M,-3.87%,1674961,674.50M
141,HAIN,"The Hain Celestial Group, Inc.",456.38M,-,1083332,1.71B
142,ZSPC,"zSpace, Inc.",431.42M,3.52%,84677,41.62M
143,CDXC,ChromaDex Corporation,430.98M,-4.25%,317131,91.67M
144,LMNR,Limoneira Company,417.00M,-0.09%,51464,191.50M
145,CVGW,"Calavo Growers, Inc.",408.30M,-1.93%,159328,661.54M
146,APEI,"American Public Education, Inc.",392.68M,1.05%,72127,613.25M
147,LND,BrasilAgro - Companhia Brasileira de Propriedades Agrícolas,386.61M,-0.26%,33472,216.81M
148,EWCZ,"European Wax Center, Inc.",384.36M,-2.32%,408039,223.50M
149,OTLY,Oatly Group AB,367.85M,-6.97%,6513753,813.47M
150,LWAY,"Lifeway Foods, Inc.",341.37M,-2.21%,58218,181.98M
151,NUS,"Nu Skin Enterprises, Inc.",325.61M,-5.48%,540338,1.78B
152,YSG,Yatsen Holding Limited,312.43M,-2.46%,32240,472.96M
153,ZVIA,Zevia PBC,289.87M,-8.31%,925893,153.39M
154,MAMA,"Mama's Creations, Inc.",289.42M,-2.28%,187044,116.47M
155,ISPR,Ispire Technology Inc.,270.20M,2.36%,35498,148.38M
156,LFVN,LifeVantage Corporation,265.03M,-5.54%,200077,196.01M
157,AFRI,Forafric Global PLC,258.31M,-0.41%,7491,325.10M
158,BYND,"Beyond Meat, Inc.",258.21M,-2.70%,2302784,323.47M
159,NATR,"Nature's Sunshine Products, Inc.",257.00M,-5.50%,30830,445.10M
160,SKIL,Skillsoft Corp.,248.51M,0.54%,42139,534.78M
161,ALCO,"Alico, Inc.",235.88M,-1.37%,35104,46.64M
162,WILC,G. Willi-Food International Ltd.,227.00M,0.61%,2214,154.48M
163,VSTA,Vasta Platform Limited,222.08M,-0.36%,22173,280.87M
164,SKIN,The Beauty Health Company,207.28M,-,573991,347.62M
165,NAMI,Jinxin Technology Holding Company,163.95M,-1.54%,9045,56.13M
166,CHGG,"Chegg, Inc.",160.63M,0.65%,1964070,662.08M
167,PHH,"Park Ha Biological Technology Co., Ltd.",157.20M,2.56%,114821,1.94M
168,FTLF,"FitLife Brands, Inc.",141.26M,0.69%,8396,62.76M
169,HFFG,HF Foods Group Inc.,140.28M,-3.62%,44026,1.18B
170,ACU,Acme United Corporation,135.63M,-0.63%,9779,190.49M
171,BRLS,Borealis Foods Inc.,124.85M,3.82%,3457,28.37M
172,QSG,QuantaSing Group Limited,121.65M,0.42%,18062,532.70M
173,COE,51Talk Online Education Group,115.08M,-,12050,41.92M
174,LGCY,Legacy Education Inc.,106.69M,6.94%,56535,49.64M
175,LXEH,"Lixiang Education Holding Co., Ltd.",100.24M,-5.25%,6201,5.63M
176,DSY,Big Tree Cloud Holdings Limited,99.32M,1.16%,40286,7.32M
177,BRID,Bridgford Foods Corporation,93.95M,-0.29%,422,223.65M
178,STG,Sunlands Technology Group,91.12M,-1.67%,1998,292.03M
179,PAVS,Paranovus Entertainment Technology Ltd.,90.23M,-2.90%,8308,6.54M
180,IH,iHuman Inc.,89.82M,2.69%,19755,134.00M
181,VFF,"Village Farms International, Inc.",88.75M,12.86%,660214,327.85M
182,DIT,AMCON Distributing Company,82.30M,2.82%,101,2.20B
183,LSF,"Laird Superfood, Inc.",77.26M,-3.72%,63096,40.90M
184,MYND,"Mynd.ai, Inc.",58.43M,2.15%,44327,357.05M
185,GROV,"Grove Collaborative Holdings, Inc.",56.27M,2.88%,129146,213.78M
186,BEDU,Bright Scholar Education Holdings Limited,56.18M,5.00%,128,231.46M
187,BRFH,"Barfresh Food Group, Inc.",55.45M,-,7459,9.85M
188,UG,"United-Guardian, Inc.",53.00M,1.10%,17790,12.31M
189,FARM,Farmer Bros. Co.,36.94M,-2.81%,57332,344.27M
190,CLNN,Clene Inc.,35.83M,-5.47%,59330,421.00K
191,SOWG,Sow Good Inc.,30.53M,-3.56%,72928,40.13M
192,ORIS,Oriental Rise Holdings Limited,30.38M,2.22%,277039,16.75M
193,GNS,Genius Group Limited,30.24M,-4.95%,3153927,16.15M
194,SHOT,"Safety Shot, Inc.",29.08M,-8.45%,309061,652.50K
195,WVVI,"Willamette Valley Vineyards, Inc.",28.79M,-,5204,39.26M
196,COOT,Australian Oilseeds Holdings Limited,27.87M,-,1678,22.50M
197,NAII,"Natural Alternatives International, Inc.",25.38M,0.94%,825,112.98M
198,AACG,ATA Creativity Global,24.57M,-3.27%,16761,35.75M
199,DTCK,Davis Commodities Limited,24.52M,-1.86%,7859,159.84M
200,JVA,"Coffee Holding Co., Inc.",22.55M,-1.25%,91810,78.56M
201,MTEX,"Mannatech, Incorporated",21.92M,3.29%,6179,121.55M
202,FEDU,Four Seasons Education (Cayman) Inc.,21.78M,3.94%,3003,27.97M
203,MSS,Maison Solutions Inc.,21.66M,-,52283,91.19M
204,RAY,Raytech Holding Limited,21.13M,-4.02%,25243,9.94M
205,SANW,S&W Seed Company,20.95M,-1.93%,860,57.99M
206,LOCL,Local Bounti Corporation,19.04M,0.46%,1962,34.93M
207,BOF,BranchOut Food Inc.,18.30M,13.66%,350429,6.49M
208,SDOT,Sadot Group Inc.,15.85M,-2.82%,50268,655.94M
209,EDTK,Skillful Craftsman Education Technology Limited,15.61M,-1.50%,2668,624.37K
210,YQ,17 Education & Technology Group Inc.,14.76M,-1.04%,3964,28.51M
211,SBEV,"Splash Beverage Group, Inc.",14.47M,2.90%,1380348,6.26M
212,YHC,LQR House Inc.,14.27M,-8.06%,31053,2.27M
213,RMCF,"Rocky Mountain Chocolate Factory, Inc.",13.76M,-6.28%,24100,27.94M
214,ABVE,Above Food Ingredients Inc.,13.41M,-4.14%,749433,275.38M
215,DDC,DDC Enterprise Limited,13.12M,6.73%,454400,32.88M
216,NCRA,"Nocera, Inc.",12.76M,-9.89%,15765,20.48M
217,EEIQ,EpicQuest Education Group International Limited,12.75M,-0.98%,834,8.15M
218,VINE,"Fresh Vine Wine, Inc.",11.82M,-0.60%,82860,477.74K
219,KAVL,"Kaival Brands Innovations Group, Inc.",9.70M,5.15%,709065,10.11M
220,CTCX,Carmell Corporation,9.07M,1.40%,64257,32.84K
221,WAFU,Wah Fu Education Group Limited,8.12M,5.75%,135675,7.22M
222,TCTM,TCTM Kids IT Education Inc.,7.72M,329.82%,725910756,190.00M
223,AMBO,Ambow Education Holding Ltd.,7.23M,4.08%,28170,7.84M
224,IMG,CIMG Inc.,6.77M,4.34%,141144,3.79M
225,RKDA,"Arcadia Biosciences, Inc.",6.61M,-5.28%,6914,5.48M
226,TWG,Top Wealth Group Holding Limited,6.25M,1.75%,673786,14.38M
227,IBG,Innovation Beverage Group Limited,5.97M,-9.32%,141217,3.15M
228,GSUN,Golden Sun Health Technology Group Limited,5.80M,-0.85%,3438,6.34M
229,ATPC,Agape ATP Corporation,5.58M,-2.10%,122660,1.35M
230,GV,Visionary Holdings Inc.,5.54M,-4.46%,26692,9.38M
231,CASK,"Heritage Distilling Holding Company, Inc.",5.52M,-8.46%,227494,7.52M
232,EDBL,Edible Garden AG Incorporated,4.25M,-8.24%,3003328,14.07M
233,FAMI,"Farmmi, Inc.",3.78M,0.08%,171509,64.13M
234,CLEU,China Liberal Education Holdings Limited,3.72M,34.95%,230633952,2.41M
235,AGRI,AgriFORCE Growing Systems Ltd.,3.63M,-2.50%,82630,57.60K
236,BTTR,Better Choice Company Inc.,3.52M,-0.47%,13744,33.52M
237,SNAX,"Stryve Foods, Inc.",3.01M,-0.81%,13019,19.36M
238,GNLN,"Greenlane Holdings, Inc.",3.01M,-3.40%,44697,21.61M
239,AQB,"AquaBounty Technologies, Inc.",2.78M,2.73%,88201,1.26M
240,SISI,"Shineco, Inc.",2.62M,3.42%,99660,10.33M
241,XXII,"22nd Century Group, Inc.",2.27M,1.23%,96357,17.30M
242,TANH,Tantech Holdings Ltd,1.23M,0.20%,3259201,49.10M
243,STKH,Steakholder Foods Ltd.,432.63K,0.63%,10616,-
