,Symbol,Company Name,Market Cap,% Change,Volume,Revenue
0,AMZN,"Amazon.com, Inc.","2,499.21B",1.30%,35459404,620.13B
1,TSLA,"Tesla, Inc.","1,301.40B",1.08%,82481731,97.69B
2,HD,"The Home Depot, Inc.",409.25B,-0.61%,2076246,154.60B
3,TM,Toyota Motor Corporation,251.37B,-1.07%,403619,323.85B
4,BABA,Alibaba Group Holding Limited,223.41B,-3.80%,34612624,137.14B
5,MCD,McDonald's Corporation,206.89B,-0.56%,1778282,25.94B
6,BKNG,Booking Holdings Inc.,156.80B,-0.77%,236789,23.05B
7,PDD,PDD Holdings Inc.,155.42B,-3.02%,6655137,53.05B
8,LOW,"Lowe's Companies, Inc.",146.83B,-1.50%,1195422,83.72B
9,TJX,"The TJX Companies, Inc.",140.28B,-1.03%,3268336,56.42B
10,SBUX,Starbucks Corporation,122.32B,-1.21%,16551379,36.15B
11,NKE,"NIKE, Inc.",113.74B,-1.83%,10415607,48.98B
12,MELI,"MercadoLibre, Inc.",97.45B,-1.29%,275383,18.49B
13,ABNB,"Airbnb, Inc.",81.95B,-0.47%,3026673,10.84B
14,MAR,"Marriott International, Inc.",80.75B,-0.67%,1282722,6.57B
15,CMG,"Chipotle Mexican Grill, Inc.",79.57B,-1.08%,6046380,10.98B
16,RACE,Ferrari N.V.,76.67B,-0.79%,354758,7.21B
17,ORLY,"O'Reilly Automotive, Inc.",74.73B,-1.20%,353928,16.44B
18,RCL,Royal Caribbean Cruises Ltd.,71.69B,-2.98%,2153877,16.48B
19,SE,Sea Limited,69.95B,-1.29%,4026643,15.49B
20,HLT,Hilton Worldwide Holdings Inc.,62.42B,-0.28%,1242990,4.70B
21,JD,"JD.com, Inc.",59.02B,-3.74%,9318117,159.37B
22,AZO,"AutoZone, Inc.",56.22B,-0.02%,66677,18.58B
23,CVNA,Carvana Co.,52.27B,1.45%,3448104,12.55B
24,LULU,Lululemon Athletica Inc.,50.28B,-1.65%,1286632,10.18B
25,ROST,"Ross Stores, Inc.",49.67B,-1.54%,1734701,21.24B
26,GM,General Motors Company,49.21B,-0.08%,20546400,187.44B
27,FLUT,Flutter Entertainment plc,47.53B,-1.85%,872619,13.57B
28,TCOM,Trip.com Group Limited,45.69B,-4.53%,1630289,7.25B
29,DHI,"D.R. Horton, Inc.",44.72B,-2.76%,3113275,36.69B
30,HMC,"Honda Motor Co., Ltd.",44.28B,-1.15%,1028016,150.89B
31,CPNG,"Coupang, Inc.",42.29B,-0.38%,7090906,28.86B
32,F,Ford Motor Company,40.06B,-0.79%,92762833,182.74B
33,STLA,Stellantis N.V.,36.94B,-2.88%,15530590,188.78B
34,YUM,"Yum! Brands, Inc.",36.42B,-0.18%,1370317,7.22B
35,CCL,Carnival Corporation & plc,36.28B,-2.88%,14683593,25.02B
36,LEN,Lennar Corporation,34.85B,-2.97%,1703965,35.44B
37,LVS,Las Vegas Sands Corp.,33.23B,-5.00%,9185104,11.30B
38,EBAY,eBay Inc.,32.32B,-0.06%,3025622,10.27B
39,IP,International Paper Company,29.33B,-2.49%,36747742,18.62B
40,TSCO,Tractor Supply Company,29.04B,0.13%,9277747,14.88B
41,QSR,Restaurant Brands International Inc.,27.74B,-1.49%,1627976,7.93B
42,SW,Smurfit Westrock Plc,27.52B,-0.32%,3145399,16.43B
43,DECK,Deckers Outdoor Corporation,26.94B,-20.51%,14416192,4.92B
44,WSM,"Williams-Sonoma, Inc.",26.02B,-2.84%,1096005,7.53B
45,NVR,"NVR, Inc.",24.14B,-1.53%,24501,10.69B
46,ROL,"Rollins, Inc.",23.97B,-0.44%,1184759,3.31B
47,LI,Li Auto Inc.,23.36B,-2.86%,3002082,20.23B
48,PHM,"PulteGroup, Inc.",23.33B,-3.99%,3240855,17.95B
49,DRI,"Darden Restaurants, Inc.",22.87B,-0.48%,1508564,11.58B
50,EXPE,"Expedia Group, Inc.",21.94B,-0.58%,1607042,13.39B
51,VIK,Viking Holdings Ltd,21.85B,-2.05%,2580216,5.10B
52,IHG,InterContinental Hotels Group PLC,21.23B,-0.49%,77100,3.82B
53,DKNG,DraftKings Inc.,20.46B,-1.83%,5042223,4.61B
54,DKS,"DICK'S Sporting Goods, Inc.",19.56B,-4.00%,996108,13.43B
55,ONON,On Holding AG,19.17B,-5.88%,5762568,2.56B
56,ULTA,"Ulta Beauty, Inc.",19.11B,-1.52%,684594,11.36B
57,PKG,Packaging Corporation of America,18.96B,-0.74%,873828,8.38B
58,BBY,"Best Buy Co., Inc.",18.36B,-1.15%,2863832,42.23B
59,BURL,"Burlington Stores, Inc.",17.83B,-3.33%,580856,10.48B
60,AS,"Amer Sports, Inc.",17.47B,-5.36%,2822371,4.84B
61,YUMC,"Yum China Holdings, Inc.",17.45B,-2.82%,1778523,11.20B
62,TPR,"Tapestry, Inc.",16.72B,-3.91%,6637839,6.67B
63,BALL,Ball Corporation,16.62B,-0.61%,1795796,13.79B
64,GPC,Genuine Parts Company,16.16B,-1.62%,972680,23.30B
65,CHWY,"Chewy, Inc.",15.93B,-2.06%,3377156,11.44B
66,SN,"SharkNinja, Inc.",15.68B,-1.68%,730706,5.12B
67,CASY,"Casey's General Stores, Inc.",15.66B,-0.30%,311764,14.97B
68,DPZ,"Domino's Pizza, Inc.",15.51B,-0.37%,446812,4.67B
69,RL,Ralph Lauren Corporation,15.51B,-3.40%,734968,6.74B
70,CAVA,"CAVA Group, Inc.",15.47B,-2.81%,1698589,913.49M
71,H,Hyatt Hotels Corporation,15.20B,-0.55%,497130,6.46B
72,AVY,Avery Dennison Corporation,14.92B,1.78%,1267468,8.76B
73,APTV,Aptiv PLC,14.67B,-0.78%,4074620,19.73B
74,XPEV,XPeng Inc.,14.44B,-2.25%,6459765,5.39B
75,AMCR,Amcor plc,14.04B,-0.31%,15912708,13.55B
76,TOL,"Toll Brothers, Inc.",13.59B,-3.47%,1563294,10.85B
77,MBLY,Mobileye Global Inc.,13.40B,1.32%,7624408,1.65B
78,KMX,"CarMax, Inc.",13.17B,-2.23%,1442972,27.80B
79,RIVN,"Rivian Automotive, Inc.",12.82B,0.40%,20128365,4.55B
80,NCLH,Norwegian Cruise Line Holdings Ltd.,12.47B,-2.48%,7021116,9.36B
81,CART,Maplebear Inc.,12.40B,-1.27%,3116525,3.30B
82,TXRH,"Texas Roadhouse, Inc.",12.08B,-0.85%,751752,5.10B
83,GME,GameStop Corp.,12.02B,-3.89%,4015780,4.33B
84,MMYT,MakeMyTrip Limited,12.00B,-1.96%,610153,935.76M
85,MGA,Magna International Inc.,11.44B,-4.41%,1910862,42.66B
86,SKX,"Skechers U.S.A., Inc.",11.37B,-3.71%,1607692,8.72B
87,SCI,Service Corporation International,11.30B,-0.81%,959080,4.15B
88,BIRK,Birkenstock Holding plc,11.11B,-4.87%,1309528,2.01B
89,BROS,Dutch Bros Inc.,11.08B,-1.11%,1546258,1.19B
90,PAG,"Penske Automotive Group, Inc.",11.06B,-1.50%,89703,30.01B
91,TPX,"Tempur Sealy International, Inc.",10.96B,-1.91%,1797756,4.89B
92,FND,"Floor & Decor Holdings, Inc.",10.73B,-3.22%,1048241,4.40B
93,CCK,"Crown Holdings, Inc.",10.38B,-0.84%,635198,11.76B
94,MGM,MGM Resorts International,10.27B,-0.20%,4994388,17.22B
95,MUSA,Murphy USA Inc.,10.18B,-0.14%,237941,18.28B
96,ALSN,"Allison Transmission Holdings, Inc.",10.18B,-0.99%,540096,3.20B
97,VFC,V.F. Corporation,10.12B,-3.56%,4741265,10.15B
98,HTHT,H World Group Limited,10.07B,-3.80%,627119,3.34B
99,LAD,"Lithia Motors, Inc.",10.02B,-1.40%,200912,34.69B
100,GLBE,Global-E Online Ltd.,10.00B,-1.24%,1512246,675.25M
101,LKQ,LKQ Corporation,9.72B,-2.22%,1645745,14.50B
102,WYNN,"Wynn Resorts, Limited",9.45B,-3.07%,3554242,7.13B
103,PLNT,"Planet Fitness, Inc.",9.15B,-0.83%,1518674,1.05B
104,VFS,VinFast Auto Ltd.,9.12B,-3.94%,714588,1.52B
105,CHDN,Churchill Downs Incorporated,9.08B,-1.58%,478667,2.67B
106,NIO,NIO Inc.,9.08B,-2.70%,36769067,9.00B
107,GAP,"The Gap, Inc.",9.08B,-2.23%,4548906,15.24B
108,WING,Wingstop Inc.,8.70B,-2.57%,503390,591.04M
109,LCID,"Lucid Group, Inc.",8.31B,1.47%,79904047,730.51M
110,GPK,Graphic Packaging Holding Company,8.23B,-2.45%,2695730,8.96B
111,WH,"Wyndham Hotels & Resorts, Inc.",8.17B,0.57%,532287,1.38B
112,BBWI,"Bath & Body Works, Inc.",8.15B,-1.98%,1577976,7.43B
113,EAT,"Brinker International, Inc.",8.08B,-0.29%,1566653,4.83B
114,HAS,"Hasbro, Inc.",8.07B,-2.89%,1121764,4.32B
115,GIL,Gildan Activewear Inc.,7.98B,-1.53%,405709,3.23B
116,BERY,"Berry Global Group, Inc.",7.86B,-0.63%,819465,12.26B
117,RH,RH,7.80B,-3.24%,373502,3.11B
118,MHK,"Mohawk Industries, Inc.",7.72B,-3.31%,918390,10.81B
119,CZR,"Caesars Entertainment, Inc.",7.66B,-0.50%,2737129,11.27B
120,HRB,"H&R Block, Inc.",7.58B,-0.22%,1580197,3.62B
121,LNW,"Light & Wonder, Inc.",7.58B,-1.19%,394574,3.16B
122,LEVI,Levi Strauss & Co.,7.52B,0.95%,5038169,6.36B
123,ALV,"Autoliv, Inc.",7.51B,-4.60%,1593754,10.39B
124,AN,"AutoNation, Inc.",7.48B,-1.61%,434105,26.32B
125,DDS,"Dillard's, Inc.",7.44B,-0.65%,98328,6.70B
126,VIPS,Vipshop Holdings Limited,7.38B,-4.01%,2404976,15.66B
127,BFAM,Bright Horizons Family Solutions Inc.,7.13B,-1.67%,400621,2.63B
128,MNSO,MINISO Group Holding Limited,7.09B,-2.83%,544700,2.50B
129,BWA,BorgWarner Inc.,6.98B,-2.89%,1871298,14.17B
130,CHH,"Choice Hotels International, Inc.",6.86B,-0.22%,212974,779.01M
131,BYD,Boyd Gaming Corporation,6.78B,-1.49%,1087301,3.84B
132,TMHC,Taylor Morrison Home Corporation,6.67B,-3.18%,838972,7.83B
133,ZK,ZEEKR Intelligent Technology Holding Limited,6.47B,-1.06%,610589,9.91B
134,MTN,"Vail Resorts, Inc.",6.37B,-1.09%,415916,2.89B
135,MAT,"Mattel, Inc.",6.28B,-2.20%,2114012,5.35B
136,ETSY,"Etsy, Inc.",6.18B,-2.05%,1975751,2.80B
137,W,Wayfair Inc.,6.06B,-3.45%,3372757,11.84B
138,ANF,Abercrombie & Fitch Co.,6.01B,-2.71%,2151943,4.82B
139,LTH,"Life Time Group Holdings, Inc.",6.00B,-2.52%,1139649,2.52B
140,CROX,"Crocs, Inc.",5.95B,-4.62%,1632662,4.07B
141,GPI,"Group 1 Automotive, Inc.",5.93B,-1.18%,72736,19.93B
142,GNTX,Gentex Corporation,5.90B,-8.15%,5004806,2.31B
143,SLGN,Silgan Holdings Inc.,5.88B,-2.01%,2542741,5.85B
144,ABG,"Asbury Automotive Group, Inc.",5.81B,-3.00%,341128,17.19B
145,REYN,Reynolds Consumer Products Inc.,5.80B,-0.40%,368194,3.68B
146,WHR,Whirlpool Corporation,5.79B,-3.12%,1819550,16.61B
147,MTH,Meritage Homes Corporation,5.63B,-3.89%,1259301,6.40B
148,IBP,"Installed Building Products, Inc.",5.56B,-3.58%,415356,2.91B
149,THO,"THOR Industries, Inc.",5.47B,-2.42%,576600,9.69B
150,MOD,Modine Manufacturing Company,5.33B,-0.99%,1025648,2.48B
151,SKY,"Champion Homes, Inc.",5.30B,0.80%,859835,2.34B
152,FIVE,"Five Below, Inc.",5.16B,-2.45%,1130615,3.82B
153,RRR,"Red Rock Resorts, Inc.",5.15B,-0.95%,513309,1.91B
154,URBN,"Urban Outfitters, Inc.",5.11B,-1.77%,1125132,5.40B
155,LEA,Lear Corporation,5.11B,-2.86%,628428,23.43B
156,SEE,Sealed Air Corporation,5.07B,-1.47%,2444839,5.40B
157,KTB,"Kontoor Brands, Inc.",5.06B,-3.95%,430421,2.58B
158,COLM,Columbia Sportswear Company,5.05B,-2.28%,576801,3.33B
159,SHAK,Shake Shack Inc.,5.02B,-3.28%,616784,1.21B
160,PVH,PVH Corp.,4.98B,-3.65%,713352,8.77B
161,BOOT,"Boot Barn Holdings, Inc.",4.91B,-7.83%,2545771,1.85B
162,KBH,KB Home,4.84B,-2.41%,1366025,6.93B
163,RUSHA,"Rush Enterprises, Inc.",4.80B,-1.46%,257998,7.82B
164,VVV,Valvoline Inc.,4.76B,-1.67%,1790171,1.62B
165,RUSHB,"Rush Enterprises, Inc.",4.74B,-1.38%,22147,7.82B
166,SON,Sonoco Products Company,4.68B,-1.35%,1284165,6.57B
167,FTDR,"Frontdoor, Inc.",4.54B,-3.29%,1026461,1.83B
168,BC,Brunswick Corporation,4.45B,-2.32%,1359006,5.24B
169,FUN,Six Flags Entertainment Corporation,4.42B,-0.99%,1015804,2.39B
170,M,"Macy's, Inc.",4.33B,-1.20%,6018506,23.37B
171,CVCO,"Cavco Industries, Inc.",4.10B,6.67%,160775,1.93B
172,CARG,"CarGurus, Inc.",4.07B,-3.33%,725440,888.97M
173,HGV,Hilton Grand Vacations Inc.,4.06B,-2.51%,574056,4.24B
174,SGHC,Super Group (SGHC) Limited,4.06B,-2.65%,650150,1.74B
175,WRD,WeRide Inc.,4.03B,-1.74%,24229,52.05M
176,DORM,"Dorman Products, Inc.",4.01B,-1.34%,147573,1.97B
177,JWN,"Nordstrom, Inc.",3.99B,-0.17%,1387761,15.11B
178,GOLF,Acushnet Holdings Corp.,3.97B,-1.54%,332586,2.42B
179,SG,"Sweetgreen, Inc.",3.81B,-2.17%,1640669,668.95M
180,ATAT,Atour Lifestyle Holdings Limited,3.77B,-2.80%,765431,950.76M
181,TNL,Travel + Leisure Co.,3.72B,-1.52%,288564,3.83B
182,ASO,"Academy Sports and Outdoors, Inc.",3.63B,-4.33%,1773140,6.05B
183,UAA,"Under Armour, Inc.",3.61B,-3.58%,9092261,5.40B
184,ACVA,ACV Auctions Inc.,3.55B,-2.44%,1173094,596.02M
185,DOOO,BRP Inc.,3.51B,-5.27%,277666,6.28B
186,TPH,"Tri Pointe Homes, Inc.",3.45B,-2.85%,636176,4.50B
187,HOG,"Harley-Davidson, Inc.",3.45B,-1.99%,2955284,5.55B
188,UA,"Under Armour, Inc.",3.44B,-3.34%,2603727,5.40B
189,IGT,International Game Technology PLC,3.44B,-2.07%,841108,4.32B
190,MHO,"M/I Homes, Inc.",3.42B,-3.20%,365582,4.50B
191,RSI,"Rush Street Interactive, Inc.",3.29B,1.96%,1675796,863.77M
192,PATK,"Patrick Industries, Inc.",3.26B,-0.80%,510233,3.65B
193,PTVE,Pactiv Evergreen Inc.,3.18B,-0.17%,465953,5.20B
194,YETI,"YETI Holdings, Inc.",3.16B,-2.89%,1133891,1.80B
195,AEO,"American Eagle Outfitters, Inc.",3.10B,-2.48%,2688754,5.40B
196,PENN,"PENN Entertainment, Inc.",3.08B,0.98%,3781192,6.30B
197,VAC,Marriott Vacations Worldwide Corporation,3.03B,-2.63%,185192,3.19B
198,WEN,The Wendy's Company,3.02B,-0.40%,2996977,2.21B
199,SHOO,"Steven Madden, Ltd.",2.96B,-1.96%,726062,2.22B
200,PTON,"Peloton Interactive, Inc.",2.96B,-3.97%,10158956,2.69B
201,GEF.B,"Greif, Inc.",2.93B,-2.18%,8245,5.45B
202,CPRI,Capri Holdings Limited,2.92B,-4.10%,2447582,4.80B
203,PRKS,United Parks & Resorts Inc.,2.89B,-0.36%,714629,1.73B
204,GEF,"Greif, Inc.",2.89B,-1.78%,200403,5.45B
205,AAP,"Advance Auto Parts, Inc.",2.88B,-2.59%,1543170,11.19B
206,CAKE,The Cheesecake Factory Incorporated,2.87B,-0.04%,1120048,3.54B
207,HBI,Hanesbrands Inc.,2.86B,-4.25%,4203683,5.47B
208,VSCO,Victoria's Secret & Co.,2.86B,-1.14%,1362575,6.21B
209,DRVN,Driven Brands Holdings Inc.,2.71B,-1.73%,303424,2.33B
210,GRBK,"Green Brick Partners, Inc.",2.69B,-2.98%,338713,1.98B
211,LCII,LCI Industries,2.67B,-2.05%,187033,3.78B
212,PII,Polaris Inc.,2.66B,-2.73%,3175381,7.27B
213,QS,QuantumScape Corporation,2.65B,-0.58%,16012613,-
214,MCW,"Mister Car Wash, Inc.",2.58B,-3.02%,2562524,973.70M
215,SIG,Signet Jewelers Limited,2.58B,-1.82%,2070217,6.85B
216,SAH,"Sonic Automotive, Inc.",2.54B,-1.32%,150632,13.91B
217,AIN,Albany International Corp.,2.53B,0.54%,106758,1.27B
218,GT,The Goodyear Tire & Rubber Company,2.53B,-3.90%,5164963,19.05B
219,MLCO,Melco Resorts & Entertainment Limited,2.48B,-5.59%,3045307,4.54B
220,TRIP,"Tripadvisor, Inc.",2.45B,0.46%,1502198,1.81B
221,BKE,"The Buckle, Inc.",2.37B,-2.08%,248431,1.22B
222,VC,Visteon Corporation,2.32B,-3.09%,297347,3.92B
223,DAN,Dana Incorporated,2.31B,-3.86%,2240007,10.44B
224,CWH,"Camping World Holdings, Inc.",2.31B,-2.16%,1002014,6.00B
225,ZGN,Ermenegildo Zegna N.V.,2.29B,-3.71%,403253,2.10B
226,RVLV,"Revolve Group, Inc.",2.23B,0.61%,607553,1.09B
227,OSW,OneSpaWorld Holdings Limited,2.22B,-1.11%,708938,872.62M
228,MBC,"MasterBrand, Inc.",2.20B,-2.81%,791672,2.71B
229,KAR,"OPENLANE, Inc.",2.17B,-2.12%,449759,1.69B
230,DFH,"Dream Finders Homes, Inc.",2.16B,-4.39%,508213,4.03B
231,PSNY,Polestar Automotive Holding UK PLC,2.15B,-1.92%,3761831,2.05B
232,PHIN,PHINIA Inc.,2.14B,-1.40%,245915,3.45B
233,LGIH,"LGI Homes, Inc.",2.10B,-3.77%,205854,2.25B
234,GTX,Garrett Motion Inc.,2.05B,-2.24%,695059,3.58B
235,HSAI,Hesai Group,1.97B,-3.50%,1215255,273.52M
236,LZB,La-Z-Boy Incorporated,1.96B,-1.71%,709963,2.07B
237,CRI,"Carter's, Inc.",1.94B,-1.62%,611045,2.84B
238,FL,"Foot Locker, Inc.",1.90B,-0.05%,2649515,8.12B
239,LOT,Lotus Technology Inc.,1.85B,-6.51%,96926,1.01B
240,OI,"O-I Glass, Inc.",1.85B,0.51%,1483342,6.64B
241,WWW,"Wolverine World Wide, Inc.",1.79B,-6.88%,1074833,1.79B
242,SVV,"Savers Value Village, Inc.",1.78B,-1.24%,967880,1.52B
243,MSGE,Madison Square Garden Entertainment Corp.,1.76B,0.11%,182991,955.77M
244,ARHS,"Arhaus, Inc.",1.73B,-2.31%,1227181,1.27B
245,AMBP,Ardagh Metal Packaging S.A.,1.66B,-1.42%,851823,4.85B
246,ARCO,Arcos Dorados Holdings Inc.,1.63B,-1.15%,950016,4.50B
247,DESP,"Despegar.com, Corp.",1.61B,0.21%,2522100,756.30M
248,MCRI,"Monarch Casino & Resort, Inc.",1.57B,-0.63%,46393,515.86M
249,HDL,Super Hi International Holding Ltd.,1.55B,-3.49%,4801,759.89M
250,MLKN,"MillerKnoll, Inc.",1.53B,-1.58%,432287,3.59B
251,SHCO,Soho House & Co Inc.,1.53B,-1.38%,387752,1.20B
252,PLYA,Playa Hotels & Resorts N.V.,1.49B,-1.84%,904309,949.67M
253,KSS,Kohl's Corporation,1.47B,-1.64%,6786584,16.78B
254,ADNT,Adient plc,1.46B,-4.55%,1242185,14.52B
255,CBRL,"Cracker Barrel Old Country Store, Inc.",1.45B,0.42%,625316,3.49B
256,MODG,Topgolf Callaway Brands Corp.,1.44B,-3.68%,2414781,4.21B
257,LEG,"Leggett & Platt, Incorporated",1.42B,-3.47%,1059060,4.44B
258,WINA,Winmark Corporation,1.37B,-0.87%,28917,81.78M
259,GIII,"G-III Apparel Group, Ltd.",1.37B,-5.05%,494225,3.11B
260,WGO,"Winnebago Industries, Inc.",1.36B,-1.22%,565206,2.84B
261,OXM,"Oxford Industries, Inc.",1.32B,-2.82%,145594,1.53B
262,SCS,Steelcase Inc.,1.31B,-1.37%,328027,3.15B
263,PZZA,"Papa John's International, Inc.",1.29B,1.25%,1055259,2.10B
264,FWRG,"First Watch Restaurant Group, Inc.",1.27B,-1.08%,390924,997.25M
265,CNNE,"Cannae Holdings, Inc.",1.24B,-0.15%,197537,461.90M
266,THRM,Gentherm Incorporated,1.18B,-3.49%,275325,1.47B
267,EVRI,Everi Holdings Inc.,1.18B,0.07%,1329185,760.42M
268,AMWD,American Woodmark Corporation,1.17B,-1.89%,129113,1.79B
269,CARS,Cars.com Inc.,1.16B,-3.14%,399386,718.33M
270,XPEL,"XPEL, Inc.",1.16B,-1.85%,160864,418.41M
271,FOXF,Fox Factory Holding Corp.,1.14B,-3.33%,472874,1.37B
272,SBH,"Sally Beauty Holdings, Inc.",1.11B,-4.06%,2139028,3.72B
273,HEPS,D-Market Elektronik Hizmetler ve Ticaret A.S.,1.07B,-0.30%,1211017,1.17B
274,LQDT,"Liquidity Services, Inc.",1.07B,-7.10%,406952,363.32M
275,BLMN,"Bloomin' Brands, Inc.",1.07B,-2.56%,1679473,4.55B
276,GOOS,Canada Goose Holdings Inc.,1.06B,-5.68%,670307,981.03M
277,EVGO,"EVgo, Inc.",1.05B,0.29%,3603276,239.31M
278,REAL,"The RealReal, Inc.",1.05B,2.69%,4557244,579.86M
279,SDA,SunCar Technology Group Inc.,1.04B,-2.24%,535020,407.45M
280,OLPX,"Olaplex Holdings, Inc.",1.03B,-1.89%,818722,433.65M
281,PTLO,Portillo's Inc.,1.03B,-0.18%,2028816,713.80M
282,TRS,TriMas Corporation,985.89M,-0.69%,222002,906.52M
283,FIGS,"FIGS, Inc.",966.22M,-0.18%,1295300,548.64M
284,KRUS,"Kura Sushi USA, Inc.",965.29M,-1.49%,180304,250.84M
285,WOOF,"Petco Health and Wellness Company, Inc.",942.75M,-5.52%,3155727,6.24B
286,MSC,Studio City International Holdings Limited,934.05M,7.30%,1066,627.53M
287,ACEL,"Accel Entertainment, Inc.",928.01M,0.09%,183011,1.21B
288,GDEN,"Golden Entertainment, Inc.",898.02M,-0.88%,116631,733.31M
289,EYE,"National Vision Holdings, Inc.",897.75M,-1.98%,1207664,2.18B
290,BJRI,"BJ's Restaurants, Inc.",825.73M,-1.76%,196427,1.34B
291,ARKO,Arko Corp.,818.50M,-1.67%,403783,8.97B
292,UXIN,Uxin Limited,811.92M,-8.09%,73777,232.10M
293,XPOF,"Xponential Fitness, Inc.",808.11M,-3.41%,273234,326.72M
294,HOV,"Hovnanian Enterprises, Inc.",801.68M,-4.27%,74663,3.00B
295,ETD,Ethan Allen Interiors Inc.,788.84M,-2.21%,490333,626.65M
296,MBUU,"Malibu Boats, Inc.",764.14M,-1.52%,357575,733.99M
297,FNKO,"Funko, Inc.",758.19M,-,961822,1.05B
298,MYTE,MYT Netherlands Parent B.V.,756.31M,-4.32%,194055,953.70M
299,MLR,"Miller Industries, Inc.",754.65M,-3.85%,116488,1.33B
300,CURV,Torrid Holdings Inc.,739.58M,5.22%,431291,1.12B
301,BALY,Bally's Corporation,739.32M,-0.22%,472423,2.48B
302,JACK,Jack in the Box Inc.,738.95M,-1.63%,416234,1.57B
303,SCVL,"Shoe Carnival, Inc.",735.35M,-2.49%,443820,1.22B
304,BH,Biglari Holdings Inc.,709.55M,-0.79%,3570,361.66M
305,LIND,"Lindblad Expeditions Holdings, Inc.",691.50M,-2.90%,330155,621.48M
306,HZO,"MarineMax, Inc.",689.39M,-0.23%,212740,2.37B
307,ODP,The ODP Corporation,680.67M,-3.38%,416844,7.18B
308,BZH,"Beazer Homes USA, Inc.",676.32M,-20.00%,2025162,2.41B
309,SMP,"Standard Motor Products, Inc.",673.81M,-0.70%,116227,1.41B
310,GES,"Guess?, Inc.",664.31M,-2.93%,602078,2.95B
311,LVWR,"LiveWire Group, Inc.",640.24M,-5.97%,51038,30.96M
312,CSV,"Carriage Services, Inc.",623.39M,-1.44%,144469,405.33M
313,LEGH,Legacy Housing Corporation,619.66M,-0.04%,72992,163.72M
314,KRT,Karat Packaging Inc.,618.95M,-2.21%,22227,416.57M
315,CAL,"Caleres, Inc.",616.42M,-3.88%,521763,2.78B
316,AXL,"American Axle & Manufacturing Holdings, Inc.",614.95M,-3.33%,3938720,6.21B
317,PACK,Ranpak Holdings Corp.,609.52M,-3.94%,663197,354.30M
318,SFIX,"Stitch Fix, Inc.",597.43M,-3.29%,1344778,1.29B
319,PLOW,"Douglas Dynamics, Inc.",596.98M,-0.12%,147423,559.20M
320,MNRO,"Monro, Inc.",588.21M,0.20%,1534016,1.21B
321,RERE,ATRenew Inc.,581.63M,-2.21%,301143,2.19B
322,ZKH,ZKH Group Limited,578.36M,0.28%,51736,1.26B
323,BBW,"Build-A-Bear Workshop, Inc.",556.92M,-4.38%,265815,495.24M
324,ECX,ECARX Holdings Inc.,552.44M,-6.94%,364277,778.61M
325,FLWS,"1-800-FLOWERS.COM, Inc.",512.72M,-0.74%,1581031,1.76B
326,RICK,"RCI Hospitality Holdings, Inc.",494.31M,-0.86%,68719,295.60M
327,GAMB,Gambling.com Group Limited,494.27M,-2.63%,441509,124.40M
328,AGS,"PlayAGS, Inc.",492.76M,-,389750,386.03M
329,JMIA,Jumia Technologies AG,488.63M,-5.23%,3735789,181.20M
330,CANG,Cango Inc.,483.21M,-4.93%,371642,38.02M
331,DADA,Dada Nexus Limited,472.84M,-0.55%,1890393,1.42B
332,GCO,Genesco Inc.,466.99M,-2.98%,187408,2.32B
333,DIN,"Dine Brands Global, Inc.",463.19M,-1.14%,591181,813.84M
334,MYE,"Myers Industries, Inc.",448.61M,-1.31%,178660,823.48M
335,DOGZ,Dogness (International) Corporation,447.10M,15.41%,88752,14.85M
336,CHPT,"ChargePoint Holdings, Inc.",425.62M,-4.73%,20709917,431.03M
337,SES,SES AI Corporation,425.49M,12.38%,23947615,-
338,MOV,"Movado Group, Inc.",423.84M,-3.73%,95201,658.33M
339,BWMX,"Betterware de México, S.A.P.I. de C.V.",419.37M,-2.09%,19593,700.82M
340,JILL,"J.Jill, Inc.",419.10M,-2.50%,62941,614.92M
341,CYD,China Yuchai International Limited,412.07M,-1.79%,3657,2.64B
342,HYLN,Hyliion Holdings Corp.,408.28M,-2.89%,985567,-
343,CRMT,"America's Car-Mart, Inc.",401.82M,-2.83%,69984,1.36B
344,SNBR,Sleep Number Corporation,399.99M,-0.61%,229736,1.73B
345,LOVE,The Lovesac Company,394.46M,-2.26%,191253,689.65M
346,LE,"Lands' End, Inc.",385.07M,-3.64%,63582,1.44B
347,BYON,"Beyond, Inc.",379.83M,-0.36%,3021635,1.48B
348,LESL,"Leslie's, Inc.",374.12M,-1.46%,4129889,1.33B
349,PBPB,Potbelly Corporation,371.52M,-2.13%,169267,471.72M
350,HVT.A,"Haverty Furniture Companies, Inc.",369.13M,4.49%,114,749.29M
351,HVT,"Haverty Furniture Companies, Inc.",368.03M,-4.80%,166954,749.29M
352,HLLY,Holley Inc.,362.05M,-2.56%,279625,617.88M
353,LOCO,"El Pollo Loco Holdings, Inc.",355.38M,-0.42%,186133,470.97M
354,WEYS,"Weyco Group, Inc.",338.32M,-2.24%,5334,290.41M
355,BNED,"Barnes & Noble Education, Inc.",338.09M,-0.09%,252786,1.56B
356,TTSH,"Tile Shop Holdings, Inc.",336.73M,0.80%,188383,352.08M
357,JOUT,Johnson Outdoors Inc.,331.40M,-1.61%,32268,592.85M
358,JAKK,"JAKKS Pacific, Inc.",330.59M,-0.43%,137287,687.70M
359,NATH,"Nathan's Famous, Inc.",330.49M,-0.71%,6018,143.76M
360,MPX,Marine Products Corporation,325.96M,-1.05%,31203,236.56M
361,BARK,"BARK, Inc.",325.29M,-2.09%,821104,488.88M
362,DENN,Denny's Corporation,324.91M,-1.40%,299399,453.01M
363,CVEO,Civeo Corporation,324.21M,-0.04%,882461,701.97M
364,COOK,"Traeger, Inc.",318.67M,-3.17%,142664,598.91M
365,ZUMZ,Zumiez Inc.,306.00M,-2.09%,267333,891.86M
366,MCFT,"MasterCraft Boat Holdings, Inc.",305.85M,-2.41%,91783,337.64M
367,CDRO,"Codere Online Luxembourg, S.A.",299.33M,-0.30%,12659,151.88M
368,EM,Smart Share Global Limited,296.92M,-,410509,269.75M
369,ONEW,OneWater Marine Inc.,294.12M,3.49%,481251,1.78B
370,GHG,GreenTree Hospitality Group Ltd.,278.23M,-0.36%,12334,201.17M
371,INSE,"Inspired Entertainment, Inc.",267.64M,0.50%,227759,297.90M
372,CPS,Cooper-Standard Holdings Inc.,267.18M,-2.28%,182373,2.74B
373,INVZ,Innoviz Technologies Ltd.,261.46M,3.33%,4939192,33.16M
374,FLXS,"Flexsteel Industries, Inc.",256.91M,-4.12%,22681,422.16M
375,SLDP,"Solid Power, Inc.",250.74M,-,2877589,18.03M
376,TDUP,ThredUp Inc.,249.13M,-0.91%,800128,313.76M
377,SGC,"Superior Group of Companies, Inc.",246.59M,-3.70%,60401,567.51M
378,UHG,"United Homes Group, Inc.",243.11M,-6.95%,47718,445.73M
379,DBI,Designer Brands Inc.,241.08M,-1.95%,2149808,3.05B
380,LANV,Lanvin Group Holdings Limited,240.51M,4.59%,25574,409.96M
381,IRBT,iRobot Corporation,235.00M,1.72%,1675437,817.36M
382,HBB,Hamilton Beach Brands Holding Company,234.49M,-4.41%,20081,647.83M
383,KFS,Kingsway Financial Services Inc.,223.34M,-1.82%,70274,108.63M
384,LAKE,"Lakeland Industries, Inc.",220.27M,-4.33%,113902,151.82M
385,AOUT,"American Outdoor Brands, Inc.",219.28M,0.06%,101513,201.60M
386,CTRN,"Citi Trends, Inc.",217.54M,-1.03%,129015,757.09M
387,GENK,"GEN Restaurant Group, Inc.",209.92M,0.79%,37386,198.83M
388,ESCA,"Escalade, Incorporated",205.66M,-3.83%,19512,253.07M
389,LOGC,ContextLogic Inc.,204.23M,4.72%,234329,96.00M
390,FTEL,Fitell Corporation,199.83M,-7.80%,303862,4.47M
391,LAZR,"Luminar Technologies, Inc.",191.45M,7.68%,3498261,75.03M
392,FLL,"Full House Resorts, Inc.",191.18M,0.75%,223135,279.13M
393,RCKY,"Rocky Brands, Inc.",186.64M,-1.84%,47735,451.67M
394,BZUN,Baozun Inc.,186.44M,-3.58%,776628,1.31B
395,CLAR,Clarus Corporation,186.44M,-2.80%,117557,269.41M
396,KEQU,Kewaunee Scientific Corporation,184.66M,0.55%,17500,199.64M
397,ELA,Envela Corporation,180.67M,-1.28%,8444,165.95M
398,NWTN,NWTN Inc.,180.35M,-4.25%,2603,583.00K
399,VIRC,Virco Mfg. Corporation,177.55M,-1.09%,103323,280.38M
400,BRLT,"Brilliant Earth Group, Inc.",177.39M,-,41451,426.98M
401,PLBY,"PLBY Group, Inc.",176.49M,18.67%,7361415,124.76M
402,NEGG,"Newegg Commerce, Inc.",176.12M,3.75%,2071775,1.39B
403,AKA,a.k.a. Brands Holding Corp.,169.82M,-4.89%,5161,564.59M
404,REE,REE Automotive Ltd.,168.49M,-3.14%,33132,626.00K
405,MED,"Medifast, Inc.",167.23M,-0.44%,155780,674.48M
406,RMBL,"RumbleOn, Inc.",164.27M,-2.68%,73749,1.25B
407,NIU,Niu Technologies,156.75M,-0.98%,291490,420.24M
408,QRTEB,"Qurate Retail, Inc.",155.76M,-8.70%,209,10.24B
409,STRT,Strattec Security Corporation,149.44M,-2.90%,18533,541.41M
410,DXLG,"Destination XL Group, Inc.",147.72M,-0.73%,200536,484.95M
411,LCUT,"Lifetime Brands, Inc.",143.58M,5.58%,114750,670.89M
412,SRI,"Stoneridge, Inc.",143.15M,-3.18%,207465,919.56M
413,DIBS,"1stdibs.Com, Inc.",142.04M,6.58%,170628,86.41M
414,QRTEA,"Qurate Retail, Inc.",140.16M,-1.12%,1925146,10.24B
415,HOFT,Hooker Furnishings Corporation,134.19M,-3.12%,68694,389.78M
416,MPAA,"Motorcar Parts of America, Inc.",131.62M,-3.21%,80198,739.41M
417,TLYS,"Tilly's, Inc.",130.56M,-0.92%,58686,595.19M
418,BSET,"Bassett Furniture Industries, Incorporated",128.14M,-0.41%,124675,329.92M
419,MAMO,Massimo Group,127.47M,1.32%,5463,130.71M
420,BRAG,Bragg Gaming Group Inc.,125.27M,-0.80%,75151,109.52M
421,PLCE,"The Children's Place, Inc.",125.08M,-0.61%,848827,1.43B
422,CAAS,"China Automotive Systems, Inc.",122.25M,-3.11%,23224,621.38M
423,PRPL,"Purple Innovation, Inc.",119.56M,-2.63%,271831,504.84M
424,TOUR,Tuniu Corporation,116.59M,-3.84%,165318,72.83M
425,GGR,Gogoro Inc.,116.03M,0.22%,324371,329.04M
426,STKS,"The ONE Group Hospitality, Inc.",115.70M,-3.60%,73655,541.40M
427,UFI,"Unifi, Inc.",115.63M,2.76%,52840,590.74M
428,VCSA,"Vacasa, Inc.",112.87M,-0.59%,80904,949.94M
429,CPHC,Canterbury Park Holding Corporation,107.92M,0.84%,888,62.11M
430,BRIA,Brillia Inc,105.66M,-,4108,55.76M
431,RRGB,"Red Robin Gourmet Burgers, Inc.",104.52M,-5.80%,218218,1.27B
432,VRA,"Vera Bradley, Inc.",103.70M,-5.08%,144934,405.27M
433,DLTH,Duluth Holdings Inc.,102.72M,-1.68%,19431,630.97M
434,THCH,TH International Limited,97.64M,-1.59%,5575,207.03M
435,CNTY,"Century Casinos, Inc.",96.34M,2.28%,28191,581.91M
436,KNDI,"Kandi Technologies Group, Inc.",95.54M,-4.31%,187009,118.13M
437,GORV,"Lazydays Holdings, Inc.",93.35M,4.94%,30774,920.77M
438,DTC,"Solo Brands, Inc.",89.84M,-1.85%,259691,476.33M
439,FOSL,"Fossil Group, Inc.",88.83M,-0.60%,178585,1.22B
440,VIOT,"Viomi Technology Co., Ltd",88.70M,-8.45%,203555,306.75M
441,RECT,Rectitude Holdings Ltd,87.15M,-0.83%,4855,30.67M
442,WW,"WW International, Inc.",86.25M,-0.92%,1639025,807.47M
443,GAN,GAN Limited,86.13M,-,222186,134.02M
444,AZI,Autozi Internet Technology (Global) Ltd.,84.68M,1.77%,32173,124.74M
445,GRWG,GrowGeneration Corp.,82.94M,-1.41%,323563,200.88M
446,SPWH,"Sportsman's Warehouse Holdings, Inc.",77.43M,-2.39%,301370,1.23B
447,WPRT,Westport Fuel Systems Inc.,75.63M,-1.35%,32823,314.36M
448,HOUR,"Hour Loop, Inc.",72.40M,-4.19%,62030,143.31M
449,NDLS,Noodles & Company,68.06M,2.05%,204422,495.82M
450,YYGH,YY Group Holding Limited,67.76M,2.22%,64627,37.37M
451,CULP,"Culp, Inc.",67.69M,3.06%,11826,222.16M
452,CVGI,"Commercial Vehicle Group, Inc.",67.61M,-4.13%,341274,913.00M
453,YTRA,"Yatra Online, Inc.",67.53M,-1.28%,69027,66.25M
454,PRTS,"CarParts.com, Inc.",66.58M,-4.13%,335390,611.71M
455,FATBB,FAT Brands Inc.,64.98M,-7.92%,10104,606.01M
456,CATO,The Cato Corporation,64.68M,-4.83%,41588,666.78M
457,FAT,FAT Brands Inc.,64.27M,-1.84%,164441,606.01M
458,SUP,"Superior Industries International, Inc.",60.37M,-2.79%,49863,1.27B
459,FFIE,Faraday Future Intelligent Electric Inc.,59.84M,5.60%,7176469,537.00K
460,NHTC,Natural Health Trends Corp.,57.79M,1.72%,19132,43.05M
461,ISPO,Inspirato Incorporated,54.18M,4.59%,76929,287.45M
462,RGS,Regis Corporation,53.89M,0.73%,10930,195.67M
463,NTZ,Natuzzi S.p.A.,51.88M,-5.80%,6167,365.85M
464,BIRD,"Allbirds, Inc.",50.37M,-2.31%,54536,205.90M
465,SYPR,"Sypris Solutions, Inc.",49.22M,-1.94%,51407,141.47M
466,ARKR,Ark Restaurants Corp.,47.97M,1.22%,10744,183.55M
467,CRWS,"Crown Crafts, Inc.",46.77M,-,16074,87.05M
468,BDL,"Flanigan's Enterprises, Inc.",46.22M,-2.01%,1575,188.10M
469,VNCE,Vince Holding Corp.,44.51M,-,261931,288.81M
470,SPHL,Springview Holdings Ltd,44.07M,-14.94%,45616,11.02M
471,JRSH,"Jerash Holdings (US), Inc.",42.85M,0.14%,2950,130.27M
472,TLF,"Tandy Leather Factory, Inc.",40.97M,0.31%,88407,74.76M
473,ROLR,"High Roller Technologies, Inc.",38.69M,-3.11%,23213,27.02M
474,RAVE,"Rave Restaurant Group, Inc.",37.22M,0.80%,62595,12.11M
475,LVLU,"Lulu's Fashion Lounge Holdings, Inc.",35.57M,-,40139,324.70M
476,BGI,Birks Group Inc.,34.18M,4.73%,419384,131.60M
477,SOND,Sonder Holdings Inc.,34.10M,-,8355,623.24M
478,BGFV,Big 5 Sporting Goods Corporation,33.66M,-4.97%,248430,810.20M
479,CENN,Cenntro Inc.,32.41M,-3.67%,257614,37.05M
480,RENT,"Rent the Runway, Inc.",31.37M,-3.92%,31607,305.60M
481,WKSP,Worksport Ltd.,30.63M,-5.98%,992149,6.40M
482,INTG,The InterGroup Corporation,30.24M,0.14%,1771,59.54M
483,LIVE,Live Ventures Incorporated,28.93M,-1.80%,478,472.84M
484,ECDA,"ECD Automotive Design, Inc.",28.67M,-4.12%,31176,25.73M
485,ZOOZ,ZOOZ Power Ltd.,27.15M,0.90%,33244,506.66K
486,GTIM,Good Times Restaurants Inc.,27.07M,-,3410,142.32M
487,OESX,"Orion Energy Systems, Inc.",26.00M,-0.13%,15512,91.65M
488,PNST,Pinstripes Holdings Inc.,23.93M,3.75%,15937,123.58M
489,SAG,SAG Holdings Limited,23.01M,-4.90%,30929,56.39M
490,IPW,iPower Inc.,22.53M,-1.52%,41457,78.57M
491,OCG,Oriental Culture Holding LTD,21.73M,-0.85%,15659,1.23M
492,LITB,"LightInTheBox Holding Co., Ltd.",21.23M,12.14%,17534,333.09M
493,WKHS,Workhorse Group Inc.,21.14M,-1.43%,2557544,9.10M
494,JZXN,"Jiuzi Holdings, Inc.",20.71M,10.56%,133687,7.60M
495,NAAS,NaaS Technology Inc.,20.62M,-1.27%,174514,43.26M
496,MOGU,MOGU Inc.,20.54M,-1.96%,6800,19.80M
497,KIRK,"Kirkland's, Inc.",20.20M,-1.28%,40823,458.41M
498,FRSX,Foresight Autonomous Holdings Ltd.,19.17M,-2.80%,76613,473.00K
499,MGIH,Millennium Group International Holdings Limited,19.01M,0.60%,24460,38.53M
500,YHGJ,Yunhong Green CTI Ltd.,16.57M,-,3940,18.56M
501,ATER,"Aterian, Inc.",16.48M,0.90%,23603,107.19M
502,NCL,Northann Corp.,15.71M,4.78%,43708,15.58M
503,JL,J-Long Group Limited,15.39M,-11.71%,1522882,28.38M
504,TKLF,"Tokyo Lifestyle Co., Ltd.",14.77M,-6.43%,79816,219.52M
505,AIEV,"Thunder Power Holdings, Inc.",13.72M,-4.65%,477927,-
506,HWH,HWH International Inc.,12.61M,-11.21%,1841490,1.17M
507,PETZ,"TDH Holdings, Inc.",12.28M,0.85%,6032,3.28M
508,REBN,"Reborn Coffee, Inc.",12.12M,62.56%,55289442,5.50M
509,MMA,Mixed Martial Arts Group Limited,12.08M,-4.10%,27400,375.18K
510,NCI,Neo-Concept International Group Holdings Limited,11.99M,-0.82%,32016,22.48M
511,JBDI,JBDI Holdings Limited,11.83M,-2.40%,68560,9.39M
512,FLYE,"Fly-E Group, Inc.",11.55M,-6.32%,146045,30.30M
513,CHSN,Chanson International Holding,11.50M,-2.66%,2618290,15.98M
514,BTBD,"BT Brands, Inc.",11.45M,4.21%,9953,14.65M
515,LOBO,Lobo EV Technologies Ltd.,11.44M,5.00%,14684,19.47M
516,MI,NFT Limited,11.22M,-2.48%,19701,1.27M
517,PMNT,Perfect Moment Ltd.,11.21M,1.45%,6434436,22.38M
518,NTRP,"NextTrip, Inc.",10.74M,-0.88%,29297,623.66K
519,XELB,"Xcel Brands, Inc.",10.00M,-2.98%,9820,9.34M
520,PEV,Phoenix Motor Inc.,9.37M,5.46%,398278,21.64M
521,CJET,"Chijet Motor Company, Inc.",9.32M,8.07%,8586,10.28M
522,YJ,Yunji Inc.,9.19M,3.89%,93907,66.96M
523,UCAR,U Power Limited,9.09M,-14.60%,197286,4.27M
524,FGI,FGI Industries Ltd.,8.13M,-,1168,127.18M
525,EVTV,"Envirotech Vehicles, Inc.",7.61M,31.02%,9560427,1.73M
526,MRM,MEDIROM Healthcare Technologies Inc.,7.33M,1.31%,39118,44.46M
527,CREV,Carbon Revolution Public Limited Company,7.13M,-2.81%,36100,39.26M
528,GDHG,Golden Heaven Group Holdings Ltd.,7.09M,0.58%,47750,22.33M
529,EFOI,"Energy Focus, Inc.",6.89M,-8.39%,6197,5.98M
530,FORD,"Forward Industries, Inc.",6.62M,3.26%,23581,30.20M
531,EJH,E-Home Household Service Holdings Limited,6.60M,-1.82%,894629,50.69M
532,VEEE,Twin Vee Powercats Co.,6.28M,2.01%,49808,20.95M
533,JWEL,Jowell Global Ltd.,6.20M,-1.51%,31227,160.01M
534,WNW,Meiwu Technology Company Limited,6.09M,7.23%,15907998,380.35K
535,YYAI,Connexa Sports Technologies Inc.,5.90M,-3.57%,384593,-
536,LGCB,Linkage Global Inc,5.86M,-1.62%,218199,8.50M
537,DSS,"DSS, Inc.",5.61M,-1.64%,6149,25.02M
538,CTNT,Cheetah Net Supply Chain Service Inc.,5.42M,-8.86%,75799,7.70M
539,YOSH,Yoshiharu Global Co.,5.14M,3.86%,45650,11.65M
540,ZAPP,Zapp Electric Vehicles Group Limited,5.06M,-14.89%,4120542,17.44K
541,SRM,"SRM Entertainment, Inc.",4.89M,0.66%,123143,4.59M
542,VMAR,Vision Marine Technologies Inc.,4.68M,5.79%,570436,2.11M
543,AYRO,"Ayro, Inc.",4.50M,-2.65%,71158,221.67K
544,NVFY,"Nova LifeStyle, Inc.",4.40M,-2.71%,11209,9.96M
545,CTHR,"Charles & Colvard, Ltd.",4.37M,-5.26%,12560,23.68M
546,JXG,JX Luxventure Group Inc.,4.30M,3.65%,45512,38.49M
547,KXIN,Kaixin Holdings,4.08M,-2.13%,213274,12.68M
548,LTRY,Lottery.com Inc.,3.82M,4.08%,100987,6.14M
549,OCTO,Eightco Holdings Inc.,3.79M,-1.15%,22313,39.84M
550,IVP,"Inspire Veterinary Partners, Inc.",3.33M,-6.69%,362106,17.05M
551,TRNR,Interactive Strength Inc.,3.11M,-2.59%,62844,3.18M
552,EZGO,EZGO Technologies Ltd.,2.88M,-3.14%,111908,21.13M
553,MULN,"Mullen Automotive, Inc.",2.52M,8.63%,75714798,1.09M
554,SPGC,"Sacks Parente Golf, Inc.",2.42M,-37.76%,6732520,2.49M
555,NVVE,Nuvve Holding Corp.,2.20M,-10.00%,144095,5.14M
556,VLCN,"Volcon, Inc.",1.88M,-1.76%,10860,4.13M
557,BQ,Boqii Holding Limited,1.70M,-,289573,81.21M
558,JFBR,Jeffs' Brands Ltd,1.69M,5.38%,51919,12.34M
559,SBET,"SharpLink Gaming, Inc.",1.54M,-5.56%,496904,3.87M
560,AREB,"American Rebel Holdings, Inc.",1.44M,-1.63%,61656,15.45M
