,Symbol,Company Name,Market Cap,% Change,Volume,Revenue
0,XOM,Exxon Mobil Corporation,469.53B,-2.50%,20369969,349.59B
1,CVX,Chevron Corporation,268.11B,-4.56%,13249722,202.79B
2,SHEL,Shell plc,203.59B,-1.20%,4863119,284.31B
3,TTE,TotalEnergies SE,132.09B,-1.19%,1233326,203.26B
4,COP,ConocoPhillips,127.84B,-2.59%,3957637,56.92B
5,ENB,Enbridge Inc.,94.58B,-2.83%,5270707,35.94B
6,PBR,Petróleo Brasileiro S.A. - Petrobras,88.21B,0.57%,19192091,92.53B
7,PBR.A,Petróleo Brasileiro S.A. - Petrobras,88.21B,0.94%,5863801,92.53B
8,BP,BP p.l.c.,82.49B,-1.74%,8747851,193.93B
9,EPD,Enterprise Products Partners L.P.,70.77B,-2.55%,6699189,56.64B
10,EOG,"EOG Resources, Inc.",70.45B,-3.07%,2489992,23.86B
11,ET,Energy Transfer LP,70.12B,-2.85%,17374976,83.66B
12,WMB,"The Williams Companies, Inc.",67.57B,-2.05%,4665748,10.37B
13,EQNR,Equinor ASA,65.95B,-0.25%,3292779,104.81B
14,CNQ,Canadian Natural Resources Limited,64.38B,-1.94%,10771443,26.46B
15,KMI,"Kinder Morgan, Inc.",61.05B,-2.21%,21411582,15.10B
16,OKE,"ONEOK, Inc.",56.77B,-2.70%,4194170,19.93B
17,SLB,Schlumberger Limited,56.43B,-1.80%,13099250,36.29B
18,MPLX,MPLX LP,52.99B,-2.53%,2514950,11.04B
19,LNG,"Cheniere Energy, Inc.",50.18B,-2.85%,1451949,15.58B
20,VG,"Venture Global, Inc.",49.48B,0.34%,2731877,5.08B
21,PSX,Phillips 66,48.68B,-2.46%,4076631,145.50B
22,FANG,"Diamondback Energy, Inc.",47.99B,-3.55%,2841132,9.16B
23,SU,Suncor Energy Inc.,47.40B,-2.80%,5335730,37.73B
24,TRP,TC Energy Corporation,46.97B,-0.46%,2587816,12.32B
25,MPC,Marathon Petroleum Corporation,46.83B,-2.83%,2083281,142.67B
26,BKR,Baker Hughes Company,45.70B,3.54%,18634446,27.83B
27,E,Eni S.p.A.,43.86B,-1.05%,378209,102.82B
28,OXY,Occidental Petroleum Corporation,43.77B,-4.64%,15736346,27.14B
29,TRGP,Targa Resources Corp.,42.91B,-3.75%,1350924,16.22B
30,HES,Hess Corporation,42.70B,-4.68%,3252489,12.66B
31,VLO,Valero Energy Corporation,42.11B,-1.79%,3099064,129.88B
32,IMO,Imperial Oil Limited,34.00B,-6.73%,1059388,35.81B
33,EQT,EQT Corporation,30.50B,-1.03%,4489714,4.62B
34,TPL,Texas Pacific Land Corporation,29.80B,0.21%,76117,686.70M
35,CQP,"Cheniere Energy Partners, L.P.",29.70B,-3.05%,278335,8.93B
36,WDS,Woodside Energy Group Ltd,29.26B,-1.99%,700371,12.58B
37,CVE,Cenovus Energy Inc.,26.53B,-2.89%,15669660,41.20B
38,EXE,Expand Energy Corporation,23.48B,-1.09%,1940829,3.29B
39,HAL,Halliburton Company,22.86B,-1.96%,10078899,22.94B
40,DVN,Devon Energy Corporation,22.40B,-2.71%,7127522,14.53B
41,CCJ,Cameco Corporation,21.61B,-1.71%,3388804,2.07B
42,PBA,Pembina Pipeline Corporation,21.04B,-2.09%,2096128,7.31B
43,TS,Tenaris S.A.,20.66B,-1.23%,1368528,13.09B
44,CTRA,Coterra Energy Inc.,20.42B,-2.36%,5557224,5.50B
45,EC,Ecopetrol S.A.,19.17B,-4.03%,4499920,31.98B
46,YPF,YPF Sociedad Anónima,17.66B,-2.50%,1176179,15.68B
47,WES,"Western Midstream Partners, LP",15.66B,-4.01%,2267111,3.53B
48,PAA,"Plains All American Pipeline, L.P.",13.93B,-3.79%,7490750,50.37B
49,FTI,TechnipFMC plc,12.78B,-1.80%,2155491,8.80B
50,PR,Permian Resources Corporation,11.77B,-2.59%,5528321,4.83B
51,AR,Antero Resources Corporation,11.61B,-1.40%,3472839,4.27B
52,OVV,Ovintiv Inc.,10.99B,-3.76%,2610228,9.56B
53,DTM,"DT Midstream, Inc.",10.24B,-1.49%,899015,976.00M
54,KNTK,Kinetik Holdings Inc.,10.15B,-2.07%,933135,1.45B
55,RRC,Range Resources Corporation,8.94B,-1.41%,1962260,2.33B
56,VNOM,"Viper Energy, Inc.",8.84B,1.43%,14361497,794.41M
57,HESM,Hess Midstream LP,8.83B,-3.34%,1015134,1.50B
58,APA,APA Corporation,8.11B,-4.61%,10906349,8.96B
59,AM,Antero Midstream Corporation,7.72B,-1.29%,5204293,1.15B
60,SUN,Sunoco LP,7.66B,-2.88%,844071,23.07B
61,MTDR,Matador Resources Company,7.24B,-2.59%,901426,3.10B
62,CHRD,Chord Energy Corporation,6.87B,-2.81%,1107171,4.45B
63,DINO,HF Sinclair Corporation,6.80B,-0.55%,5505052,29.74B
64,NFG,National Fuel Gas Company,6.34B,-0.41%,1274512,1.97B
65,NOV,NOV Inc.,5.62B,-0.14%,3978994,8.91B
66,CHX,ChampionX Corporation,5.46B,-1.95%,2698287,3.67B
67,CRK,"Comstock Resources, Inc.",5.42B,-4.48%,2278641,1.30B
68,VIST,"Vista Energy, S.A.B. de C.V.",5.15B,-2.83%,512490,1.49B
69,NE,Noble Corporation plc,5.14B,-1.78%,859933,2.65B
70,PAGP,"Plains GP Holdings, L.P.",4.92B,-2.76%,2306723,50.37B
71,AROC,"Archrock, Inc.",4.92B,-6.34%,2003180,1.09B
72,IEP,Icahn Enterprises L.P.,4.91B,-,418725,10.06B
73,CIVI,"Civitas Resources, Inc.",4.90B,-1.59%,1138096,5.04B
74,TGS,Transportadora de Gas del Sur S.A.,4.84B,-3.78%,218161,570.31M
75,WHD,"Cactus, Inc.",4.75B,-1.13%,633582,1.13B
76,LB,LandBridge Company LLC,4.75B,-0.54%,721772,90.91M
77,MGY,Magnolia Oil & Gas Corporation,4.66B,-3.27%,1814072,1.31B
78,WFRD,Weatherford International plc,4.57B,-2.57%,1550440,5.53B
79,CRC,California Resources Corporation,4.50B,-3.57%,598213,2.59B
80,SM,SM Energy Company,4.34B,-4.17%,927640,2.34B
81,GLNG,Golar LNG Limited,4.25B,0.34%,852913,274.13M
82,CNX,CNX Resources Corporation,4.09B,-0.47%,4068911,1.44B
83,KGS,"Kodiak Gas Services, Inc.",4.08B,-5.80%,2764103,1.08B
84,MUR,Murphy Oil Corporation,3.88B,-3.06%,3463251,3.02B
85,FRO,Frontline plc,3.86B,-0.92%,2807506,2.04B
86,CRGY,Crescent Energy Company,3.78B,-2.52%,1539897,2.71B
87,NXE,NexGen Energy Ltd.,3.73B,-3.39%,7866819,-
88,ARLP,"Alliance Resource Partners, L.P.",3.68B,1.13%,411025,2.48B
89,NOG,"Northern Oil and Gas, Inc.",3.57B,-3.28%,1074412,2.00B
90,RIG,Transocean Ltd.,3.43B,0.26%,30226380,3.31B
91,VAL,Valaris Limited,3.41B,-1.70%,954911,2.26B
92,PBF,PBF Energy Inc.,3.39B,-2.89%,1400927,34.90B
93,HP,"Helmerich & Payne, Inc.",3.18B,-0.72%,1278101,2.76B
94,EE,"Excelerate Energy, Inc.",3.17B,-3.49%,288952,816.93M
95,GPOR,Gulfport Energy Corporation,3.16B,-3.03%,175969,886.64M
96,PTEN,"Patterson-UTI Energy, Inc.",3.15B,-2.06%,11998626,5.80B
97,USAC,"USA Compression Partners, LP",3.12B,-4.00%,639918,929.61M
98,VRN,Veren Inc.,3.11B,-4.19%,19624862,2.85B
99,UGP,Ultrapar Participações S.A.,3.09B,-3.07%,1462195,24.15B
100,STR,Sitio Royalties Corp.,3.08B,-3.03%,580927,618.67M
101,BSM,"Black Stone Minerals, L.P.",3.05B,-1.90%,462284,457.21M
102,LBRT,Liberty Energy Inc.,2.99B,-4.59%,4651387,4.32B
103,UEC,Uranium Energy Corp.,2.99B,-2.89%,5147422,17.20M
104,TDW,Tidewater Inc.,2.88B,-0.63%,849341,1.30B
105,CNR,"Core Natural Resources, Inc.",2.66B,-2.19%,633694,2.24B
106,AESI,Atlas Energy Solutions Inc.,2.53B,-8.23%,8121787,925.76M
107,OII,"Oceaneering International, Inc.",2.51B,-2.05%,668919,2.60B
108,CSAN,Cosan S.A.,2.47B,-3.23%,1715256,7.66B
109,FLOC,Flowco Holdings Inc.,2.46B,-3.35%,244658,424.75M
110,SDRL,Seadrill Limited,2.36B,-0.88%,724360,1.47B
111,STNG,Scorpio Tankers Inc.,2.25B,-0.65%,1672944,1.38B
112,DKL,"Delek Logistics Partners, LP",2.23B,-2.17%,207779,984.92M
113,SOC,Sable Offshore Corp.,2.22B,-0.16%,901415,-
114,NEXT,NextDecade Corporation,2.21B,-2.19%,1302222,-
115,BTU,Peabody Energy Corporation,2.21B,-1.09%,1814436,4.35B
116,CMBT,Cmb.Tech NV,2.12B,-3.49%,59491,982.85M
117,BKV,BKV Corporation,2.07B,-1.69%,283286,624.58M
118,TRMD,TORM plc,1.94B,0.35%,927582,1.64B
119,BTE,Baytex Energy Corp.,1.94B,-4.00%,36087517,2.48B
120,INSW,"International Seaways, Inc.",1.92B,-0.10%,685113,1.01B
121,CVI,"CVR Energy, Inc.",1.91B,-0.63%,520508,7.87B
122,MNR,Mach Natural Resources LP,1.84B,-0.06%,84152,873.77M
123,GLP,Global Partners LP,1.84B,-4.43%,248722,17.39B
124,SEI,"Solaris Energy Infrastructure, Inc.",1.83B,-4.18%,912501,280.14M
125,DHT,"DHT Holdings, Inc.",1.83B,-1.82%,1579175,583.76M
126,TALO,Talos Energy Inc.,1.79B,-1.00%,1296395,1.87B
127,HPK,"HighPeak Energy, Inc.",1.73B,-2.50%,286509,1.14B
128,WKC,World Kinect Corporation,1.64B,-1.15%,963584,44.41B
129,DNN,Denison Mines Corp.,1.64B,-5.21%,44193307,2.92M
130,CLMT,"Calumet, Inc.",1.52B,5.67%,1175245,4.22B
131,KOS,Kosmos Energy Ltd.,1.50B,-2.15%,7579075,1.79B
132,WTTR,"Select Water Solutions, Inc.",1.49B,-3.47%,733655,1.48B
133,DMLP,"Dorchester Minerals, L.P.",1.49B,-1.32%,126316,166.45M
134,XPRO,Expro Group Holdings N.V.,1.48B,-1.41%,930884,1.68B
135,KRP,"Kimbell Royalty Partners, LP",1.47B,-1.41%,695632,325.01M
136,TNK,Teekay Tankers Ltd.,1.44B,-1.11%,315441,1.19B
137,VET,Vermilion Energy Inc.,1.43B,-2.95%,1337887,1.34B
138,NRP,Natural Resource Partners L.P.,1.38B,0.51%,38194,256.67M
139,FLNG,FLEX LNG Ltd.,1.38B,-1.39%,296619,362.65M
140,LEU,Centrus Energy Corp.,1.35B,-3.61%,682346,394.00M
141,RES,"RPC, Inc.",1.30B,-0.65%,2216926,1.41B
142,GEL,"Genesis Energy, L.P.",1.29B,-3.00%,1027521,3.01B
143,MRC,MRC Global Inc.,1.25B,-3.04%,524113,3.20B
144,INR,"Infinity Natural Resources, Inc.",1.24B,5.35%,5877261,261.67M
145,HLX,"Helix Energy Solutions Group, Inc.",1.22B,-1.72%,886994,1.34B
146,EFXT,Enerflex Ltd.,1.18B,-2.16%,234550,2.42B
147,ACDC,ProFrac Holding Corp.,1.16B,-4.34%,690712,2.23B
148,VTLE,"Vital Energy, Inc.",1.16B,-4.63%,1092883,1.86B
149,NVGS,Navigator Holdings Ltd.,1.15B,-2.58%,1024744,564.28M
150,DK,"Delek US Holdings, Inc.",1.13B,-2.62%,1060819,13.87B
151,INVX,"Innovex International, Inc.",1.08B,-2.01%,384947,543.31M
152,UUUU,Energy Fuels Inc.,1.04B,-4.15%,7212660,38.66M
153,LPG,Dorian LPG Ltd.,1.03B,-5.24%,1424630,416.96M
154,SBR,Sabine Royalty Trust,965.01M,-0.47%,36049,97.97M
155,VTOL,Bristow Group Inc.,955.32M,-1.82%,61732,1.37B
156,PARR,"Par Pacific Holdings, Inc.",935.52M,-2.28%,586384,8.33B
157,PUMP,ProPetro Holding Corp.,914.02M,-3.48%,1148896,1.47B
158,NESR,National Energy Services Reunited Corp.,901.98M,-,218068,1.27B
159,CAPL,CrossAmerica Partners LP,885.73M,0.43%,77161,3.86B
160,BORR,Borr Drilling Limited,863.41M,1.76%,5256138,968.10M
161,DEC,Diversified Energy Company PLC,833.35M,-1.42%,204487,699.47M
162,GRNT,"Granite Ridge Resources, Inc.",809.31M,-2.06%,221351,358.52M
163,PDS,Precision Drilling Corporation,806.89M,-2.91%,49932,1.44B
164,CLB,Core Laboratories Inc.,796.74M,-4.39%,286038,523.85M
165,VTS,"Vitesse Energy, Inc.",764.59M,-1.82%,179416,232.52M
166,TXO,"TXO Partners, L.P.",760.58M,-2.16%,61149,285.45M
167,CLNE,Clean Energy Fuels Corp.,739.64M,-0.30%,2599010,413.40M
168,NGL,NGL Energy Partners LP,723.43M,-1.44%,698202,6.24B
169,REPX,"Riley Exploration Permian, Inc.",712.16M,-2.01%,85579,407.32M
170,TK,Teekay Corporation Ltd.,626.13M,-0.70%,406862,1.30B
171,EU,enCore Energy Corp.,614.59M,-3.50%,1544309,44.97M
172,NPKI,NPK International Inc.,598.56M,-4.02%,304198,748.37M
173,NAT,Nordic American Tankers Limited,563.75M,-1.82%,2211680,367.47M
174,TTI,"TETRA Technologies, Inc.",547.01M,-5.68%,888807,617.73M
175,NBR,Nabors Industries Ltd.,546.33M,-1.75%,212033,2.93B
176,TEN,Tsakos Energy Navigation Limited,527.56M,-1.54%,214680,836.04M
177,NOA,North American Construction Group Ltd.,511.59M,-2.46%,54891,874.21M
178,PBT,Permian Basin Royalty Trust,507.57M,-1.89%,127586,37.74M
179,GPRK,GeoPark Limited,468.93M,-3.48%,491733,716.84M
180,CLCO,Cool Company Ltd.,467.36M,-0.34%,89210,333.65M
181,HNRG,Hallador Energy Company,457.28M,-2.90%,337926,429.36M
182,GFR,Greenfire Resources Ltd.,443.21M,-2.15%,184162,551.35M
183,SMC,Summit Midstream Corporation,442.35M,-0.05%,56225,450.86M
184,SD,"SandRidge Energy, Inc.",440.34M,-2.47%,160084,120.24M
185,EGY,"VAALCO Energy, Inc.",425.35M,-1.91%,866066,506.42M
186,SGU,"Star Group, L.P.",410.44M,-2.94%,39665,1.77B
187,URG,Ur-Energy Inc.,400.00M,-6.25%,15641650,16.49M
188,OBE,Obsidian Energy Ltd.,384.52M,-3.37%,536598,516.16M
189,PNRG,PrimeEnergy Resources Corporation,374.24M,-6.28%,27815,210.06M
190,RNGR,"Ranger Energy Services, Inc.",364.60M,-4.60%,77666,579.50M
191,TBN,Tamboran Resources Corporation,353.56M,-0.50%,32577,-
192,BRY,Berry Corporation,335.45M,-4.18%,672230,806.73M
193,NGS,"Natural Gas Services Group, Inc.",326.87M,-2.53%,101312,152.31M
194,OIS,"Oil States International, Inc.",320.60M,-3.24%,327571,736.26M
195,UROY,Uranium Royalty Corp.,316.60M,-4.03%,1598670,27.48M
196,FTK,"Flotek Industries, Inc.",273.31M,6.32%,367131,178.46M
197,KGEI,Kolibri Global Energy Inc.,268.42M,-1.44%,112640,54.65M
198,REI,"Ring Energy, Inc.",257.65M,-2.99%,2149988,365.61M
199,NC,"NACCO Industries, Inc.",230.80M,-1.25%,5454,224.05M
200,WTI,"W&T Offshore, Inc.",229.88M,-3.11%,686063,537.26M
201,FET,"Forum Energy Technologies, Inc.",222.58M,-0.82%,69145,800.61M
202,AMPY,Amplify Energy Corp.,213.29M,-1.29%,403530,304.65M
203,GTE,Gran Tierra Energy Inc.,204.92M,-0.35%,226075,629.50M
204,PROP,Prairie Operating Co.,199.45M,-4.81%,144647,1.55M
205,EP,Empire Petroleum Corporation,196.75M,-3.78%,16981,43.25M
206,SJT,San Juan Basin Royalty Trust,194.36M,-0.95%,307279,11.03M
207,DLNG,Dynagas LNG Partners LP,179.40M,-1.62%,87417,151.69M
208,EPM,Evolution Petroleum Corporation,173.80M,-2.21%,194255,87.17M
209,UFG,Uni-Fuels Holdings Limited,150.87M,-4.67%,6571,130.67M
210,MMLP,Martin Midstream Partners L.P.,144.48M,-1.89%,103822,717.40M
211,PHX,PHX Minerals Inc.,141.30M,-3.08%,66041,31.94M
212,SLNG,"Stabilis Solutions, Inc.",141.15M,1.67%,15715,74.04M
213,EPSN,Epsilon Energy Ltd.,131.58M,-2.27%,63646,31.15M
214,GEOS,Geospace Technologies Corporation,116.52M,-2.57%,37252,135.60M
215,LSE,"Leishen Energy Holding Co., Ltd.",115.59M,-9.87%,58205,83.74M
216,AMTX,"Aemetis, Inc.",114.89M,0.43%,501617,291.40M
217,DTI,Drilling Tools International Corporation,113.18M,-0.63%,90257,149.79M
218,BROG,Brooge Energy Limited,112.88M,1.98%,26574,73.02M
219,SND,"Smart Sand, Inc.",102.58M,-2.05%,98711,281.96M
220,AE,"Adams Resources & Energy, Inc.",97.69M,-,35207,2.78B
221,KLXE,"KLX Energy Services Holdings, Inc.",89.19M,-2.94%,174850,738.00M
222,IMPP,Imperial Petroleum Inc.,89.18M,2.08%,251750,151.15M
223,NCSM,"NCS Multistage Holdings, Inc.",72.08M,-1.81%,5305,152.80M
224,PED,PEDEVCO Corp.,70.68M,0.50%,87231,35.72M
225,VOC,VOC Energy Trust,66.81M,-2.24%,68299,14.50M
226,USEG,U.S. Energy Corp.,65.92M,2.28%,990721,22.26M
227,CRT,Cross Timbers Royalty Trust,62.94M,-1.08%,22436,7.71M
228,RCON,"Recon Technology, Ltd.",60.45M,-,3601,9.48M
229,PRT,PermRock Royalty Trust,51.10M,-2.32%,56996,6.06M
230,NINE,"Nine Energy Service, Inc.",49.14M,-4.92%,1051131,556.75M
231,PVL,Permianville Royalty Trust,48.18M,-,54559,3.14M
232,DWSN,Dawson Geophysical Company,43.38M,2.94%,37915,82.78M
233,NRT,North European Oil Royalty Trust,41.54M,-0.44%,31018,5.86M
234,PXS,Pyxis Tankers Inc.,40.43M,-0.52%,14772,52.76M
235,VIVK,"Vivakor, Inc.",32.97M,-4.85%,49833,61.99M
236,BANL,CBL International Limited,31.90M,1.75%,13303,521.17M
237,BATL,Battalion Oil Corporation,30.44M,-4.15%,17656,191.48M
238,CGBS,Crown LNG Holdings Limited,29.06M,-5.96%,1143056,-
239,PTLE,PTL Limited,28.67M,-6.22%,64793,108.13M
240,TOPS,Top Ships Inc.,28.27M,-2.94%,13502,83.87M
241,INDO,Indonesia Energy Corporation Limited,27.74M,-1.83%,253012,3.13M
242,MXC,Mexco Energy Corporation,24.75M,2.92%,14421,6.93M
243,CKX,"CKX Lands, Inc.",22.89M,-2.17%,67420,2.03M
244,HUSA,Houston American Energy Corp.,19.50M,0.68%,413831,640.35K
245,SKYQ,Sky Quarry Inc.,19.36M,0.98%,33001,30.77M
246,BRN,"Barnwell Industries, Inc.",17.90M,-2.73%,23591,21.72M
247,MTR,Mesa Royalty Trust,12.86M,-2.26%,4216,966.17K
248,TPET,Trio Petroleum Corp.,11.84M,-4.86%,702585,213.20K
249,BPT,BP Prudhoe Bay Royalty Trust,11.20M,2.65%,151643,257.00K
250,EONR,EON Resources Inc.,8.01M,-9.75%,1558554,21.71M
251,MARPS,Marine Petroleum Trust,7.70M,-2.53%,7071,1.04M
