,Symbol,Company Name,Market Cap,% Change,Volume,Revenue
0,BRK.B,Berkshire Hathaway Inc.,"1,010.43B",-0.78%,1909727,369.89B
1,JPM,JPMorgan Chase & Co.,747.80B,-0.35%,5282793,166.88B
2,V,Visa Inc.,647.01B,-0.36%,6976895,36.80B
3,MA,Mastercard Incorporated,507.66B,-1.87%,3520339,28.17B
4,BAC,Bank of America Corporation,352.38B,-0.90%,30381092,96.07B
5,WFC,Wells Fargo & Company,259.17B,-0.03%,13665431,77.96B
6,AXP,American Express Company,222.85B,-0.47%,2033152,60.76B
7,MS,Morgan Stanley,222.46B,-0.42%,5501982,61.50B
8,GS,"The Goldman Sachs Group, Inc.",216.59B,-0.82%,1493621,52.16B
9,BX,Blackstone Inc.,216.28B,-0.38%,2480459,12.66B
10,HSBC,HSBC Holdings plc,184.79B,-0.46%,1039791,57.97B
11,RY,Royal Bank of Canada,173.22B,-1.19%,539254,38.83B
12,BLK,"BlackRock, Inc.",166.57B,0.37%,449435,20.41B
13,SPGI,S&P Global Inc.,161.62B,-0.41%,1256787,13.77B
14,C,Citigroup Inc.,152.85B,-0.53%,9517502,71.36B
15,SCHW,The Charles Schwab Corporation,151.42B,-1.05%,5817812,19.61B
16,HDB,HDFC Bank Limited,150.13B,0.23%,2024239,31.58B
17,KKR,KKR & Co. Inc.,148.40B,0.12%,2340220,27.82B
18,MUFG,"Mitsubishi UFJ Financial Group, Inc.",148.16B,-1.10%,3487973,40.89B
19,PGR,The Progressive Corporation,144.41B,-1.12%,2364102,75.34B
20,UBS,UBS Group AG,113.29B,-0.53%,1369197,47.21B
21,CB,Chubb Limited,108.94B,-1.06%,1583333,56.72B
22,MMC,"Marsh & McLennan Companies, Inc.",106.49B,-1.79%,1541101,24.46B
23,IBN,ICICI Bank Limited,102.21B,-0.59%,3118916,20.51B
24,TD,The Toronto-Dominion Bank,100.25B,-0.52%,1438651,38.21B
25,SMFG,"Sumitomo Mitsui Financial Group, Inc.",97.08B,-2.11%,965349,27.00B
26,APO,"Apollo Global Management, Inc.",96.74B,-0.45%,2451735,31.67B
27,BN,Brookfield Corporation,92.61B,-1.37%,1878357,93.22B
28,ICE,"Intercontinental Exchange, Inc.",91.77B,0.24%,1774592,9.16B
29,MCO,Moody's Corporation,90.51B,0.05%,535813,6.90B
30,PYPL,"PayPal Holdings, Inc.",88.80B,-1.11%,8203183,31.46B
31,CME,CME Group Inc.,85.23B,0.25%,1962117,6.03B
32,AON,Aon plc,80.20B,-0.36%,1102058,15.70B
33,PNC,"The PNC Financial Services Group, Inc.",79.56B,-0.55%,1596780,20.77B
34,SAN,"Banco Santander, S.A.",78.08B,-2.12%,2919111,53.30B
35,COF,Capital One Financial Corporation,77.65B,-0.44%,2234171,27.40B
36,AJG,Arthur J. Gallagher & Co.,75.40B,0.93%,2014485,10.93B
37,USB,U.S. Bancorp,74.54B,-0.46%,5843765,25.10B
38,COIN,"Coinbase Global, Inc.",72.93B,-3.31%,6480451,5.00B
39,BMO,Bank of Montreal,72.57B,-0.56%,556260,20.84B
40,MFG,"Mizuho Financial Group, Inc.",70.04B,-1.62%,3835465,25.01B
41,NU,Nu Holdings Ltd.,63.64B,-1.49%,45125833,5.46B
42,BNS,The Bank of Nova Scotia,63.17B,-1.33%,1677755,21.16B
43,TFC,Truist Financial Corporation,62.66B,-0.83%,11972742,11.41B
44,ARES,Ares Management Corporation,62.05B,0.07%,1138742,3.68B
45,BK,The Bank of New York Mellon Corporation,61.67B,-0.66%,1928303,18.55B
46,BBVA,"Banco Bilbao Vizcaya Argentaria, S.A.",61.58B,-3.49%,2941288,32.26B
47,MET,"MetLife, Inc.",59.90B,-0.56%,2992742,71.34B
48,AFL,Aflac Incorporated,59.65B,-0.80%,1248564,17.30B
49,CM,Canadian Imperial Bank of Commerce,59.61B,-1.22%,679790,16.94B
50,TRV,"The Travelers Companies, Inc.",55.56B,-1.57%,1463552,46.42B
51,ITUB,Itaú Unibanco Holding S.A.,53.29B,-,18820820,24.30B
52,BCS,Barclays PLC,53.11B,-0.81%,14812714,31.63B
53,AMP,"Ameriprise Financial, Inc.",52.27B,-0.82%,797659,17.45B
54,MFC,Manulife Financial Corporation,51.91B,-2.03%,1601331,22.27B
55,ING,ING Groep N.V.,51.49B,-1.31%,2399333,19.19B
56,ALL,The Allstate Corporation,50.93B,-0.77%,1619393,62.43B
57,DFS,Discover Financial Services,50.52B,-0.69%,1158140,15.96B
58,NDAQ,"Nasdaq, Inc.",47.33B,0.07%,2666621,7.40B
59,LYG,Lloyds Banking Group plc,46.90B,-1.29%,13319609,24.87B
60,MSCI,MSCI Inc.,46.37B,1.02%,735890,2.86B
61,AIG,"American International Group, Inc.",45.95B,-2.33%,3259992,45.30B
62,HOOD,"Robinhood Markets, Inc.",45.92B,-1.98%,14036356,2.41B
63,NWG,NatWest Group plc,43.30B,-1.01%,2651398,18.75B
64,PRU,"Prudential Financial, Inc.",42.99B,-0.92%,1249917,72.97B
65,OWL,Blue Owl Capital Inc.,38.85B,0.77%,3863288,2.16B
66,DB,Deutsche Bank Aktiengesellschaft,38.27B,-1.06%,1618790,29.26B
67,ACGL,Arch Capital Group Ltd.,34.87B,-1.60%,1935258,16.87B
68,RJF,"Raymond James Financial, Inc.",34.47B,-1.27%,1308118,13.33B
69,MTB,M&T Bank Corporation,33.31B,-0.37%,1691494,8.67B
70,SLF,Sun Life Financial Inc.,33.23B,-0.05%,498579,24.10B
71,WTW,Willis Towers Watson Public Limited Company,33.20B,-0.08%,464690,9.81B
72,HIG,"The Hartford Financial Services Group, Inc.",32.08B,-2.37%,3364625,26.54B
73,FCNCA,"First Citizens BancShares, Inc.",30.24B,-0.61%,41390,9.33B
74,TW,Tradeweb Markets Inc.,29.98B,-0.81%,1697093,1.63B
75,BRO,"Brown & Brown, Inc.",29.93B,-0.76%,1782525,4.71B
76,FCNCO,"First Citizens BancShares, Inc.",29.83B,-3.06%,143155,9.33B
77,FITB,Fifth Third Bancorp,29.68B,-0.40%,2848627,7.95B
78,STT,State Street Corporation,29.34B,-0.60%,1664621,12.93B
79,LPLA,LPL Financial Holdings Inc.,27.39B,1.41%,1301969,12.11B
80,SYF,Synchrony Financial,26.78B,-0.71%,3345572,9.39B
81,TROW,"T. Rowe Price Group, Inc.",25.97B,0.89%,3750352,6.91B
82,BAM,Brookfield Asset Management Ltd.,25.23B,-1.58%,1406843,-
83,RKT,"Rocket Companies, Inc.",25.13B,-1.87%,3023961,4.30B
84,HBAN,Huntington Bancshares Incorporated,25.00B,-1.09%,16187619,6.97B
85,TPG,TPG Inc.,24.54B,0.30%,597270,3.41B
86,IX,ORIX Corporation,24.18B,-1.52%,28413,19.95B
87,IBKR,"Interactive Brokers Group, Inc.",23.67B,-0.79%,1740401,5.19B
88,KB,KB Financial Group Inc.,23.63B,0.27%,104404,10.74B
89,MKL,Markel Group Inc.,23.52B,-0.13%,38637,17.42B
90,RF,Regions Financial Corporation,22.39B,-0.52%,5518266,6.60B
91,WRB,W. R. Berkley Corporation,22.36B,-0.78%,2496883,13.64B
92,PUK,Prudential plc,22.21B,-3.20%,746205,10.94B
93,NTRS,Northern Trust Corporation,22.01B,-0.40%,1019575,8.29B
94,CINF,Cincinnati Financial Corporation,21.42B,-1.43%,1421017,12.16B
95,CBOE,"Cboe Global Markets, Inc.",21.39B,-0.77%,627075,3.96B
96,ERIE,Erie Indemnity Company,21.07B,0.95%,1075439,3.69B
97,BBD,Banco Bradesco S.A.,20.98B,-,54944268,13.85B
98,CFG,"Citizens Financial Group, Inc.",20.96B,-0.77%,5102215,7.12B
99,CG,The Carlyle Group Inc.,20.09B,-0.27%,1278181,4.64B
100,KEY,KeyCorp,19.90B,-0.28%,11513061,4.24B
101,NMR,"Nomura Holdings, Inc.",19.44B,0.47%,332930,12.45B
102,TRU,TransUnion,19.34B,-0.38%,1693759,4.10B
103,CRBG,"Corebridge Financial, Inc.",19.21B,-1.03%,1633244,15.98B
104,PFG,"Principal Financial Group, Inc.",18.86B,-1.27%,4783620,14.07B
105,L,Loews Corporation,18.61B,-0.85%,415548,17.22B
106,FDS,FactSet Research Systems Inc.,18.04B,0.49%,303118,2.23B
107,SHG,"Shinhan Financial Group Co., Ltd.",17.70B,-1.38%,199127,11.37B
108,RYAN,"Ryan Specialty Holdings, Inc.",17.43B,-0.05%,959457,2.32B
109,SOFI,"SoFi Technologies, Inc.",17.28B,-4.01%,47631217,2.64B
110,EQH,"Equitable Holdings, Inc.",17.05B,0.29%,2292693,10.79B
111,BSBR,Banco Santander (Brasil) S.A.,16.56B,0.67%,753403,8.67B
112,FNF,"Fidelity National Financial, Inc.",15.92B,-0.67%,443753,13.53B
113,JEF,Jefferies Financial Group Inc.,15.85B,-0.32%,907061,7.01B
114,ARCC,Ares Capital Corporation,15.29B,1.07%,5198660,2.94B
115,RGA,"Reinsurance Group of America, Incorporated",15.01B,-1.40%,679073,21.87B
116,EG,"Everest Group, Ltd.",14.94B,-1.30%,439280,16.44B
117,BAP,Credicorp Ltd.,14.54B,-1.12%,372981,4.67B
118,EWBC,"East West Bancorp, Inc.",14.25B,-0.60%,668354,2.39B
119,MORN,"Morningstar, Inc.",14.09B,-0.58%,82817,2.22B
120,UNM,Unum Group,13.92B,-0.99%,784170,12.80B
121,FUTU,Futu Holdings Limited,13.33B,-3.53%,1680174,1.31B
122,CNA,CNA Financial Corporation,13.29B,-0.77%,140454,14.09B
123,HLI,"Houlihan Lokey, Inc.",12.75B,0.87%,460160,2.24B
124,BCH,Banco de Chile,12.50B,-0.32%,72527,2.68B
125,GGAL,Grupo Financiero Galicia S.A.,12.22B,-2.63%,1009607,4.43B
126,ALLY,Ally Financial Inc.,11.90B,-1.44%,3223917,6.82B
127,SF,Stifel Financial Corp.,11.84B,-1.49%,788093,4.97B
128,EVR,Evercore Inc.,11.77B,0.60%,383521,2.79B
129,RNR,RenaissanceRe Holdings Ltd.,11.67B,-2.44%,923215,11.77B
130,BEN,"Franklin Resources, Inc.",11.65B,10.37%,22380340,8.74B
131,FHN,First Horizon Corporation,11.47B,-0.23%,6420377,3.04B
132,AFG,"American Financial Group, Inc.",11.46B,-1.17%,249323,7.92B
133,AIZ,"Assurant, Inc.",11.04B,-1.59%,1279537,11.76B
134,SEIC,SEI Investments Company,10.98B,0.64%,932285,2.13B
135,SSB,SouthState Corporation,10.69B,-0.34%,519100,1.70B
136,BNT,Brookfield Wealth Solutions Ltd.,10.54B,-1.05%,11902,10.69B
137,AEG,Aegon Ltd.,10.42B,-0.76%,4967804,13.64B
138,WBS,Webster Financial Corporation,10.32B,0.15%,1102975,2.37B
139,KNSL,"Kinsale Capital Group, Inc.",10.29B,0.39%,130242,1.53B
140,GL,Globe Life Inc.,10.25B,-0.17%,663985,5.73B
141,BSAC,Banco Santander-Chile,9.73B,0.10%,135985,2.10B
142,PRI,"Primerica, Inc.",9.68B,-0.38%,70911,3.14B
143,CIB,Bancolombia S.A.,9.68B,-0.73%,344201,5.14B
144,UWMC,UWM Holdings Corporation,9.64B,-5.04%,1459797,2.73B
145,WAL,Western Alliance Bancorporation,9.58B,-1.70%,1250671,3.02B
146,PNFP,"Pinnacle Financial Partners, Inc.",9.55B,-0.92%,463526,1.62B
147,ORI,Old Republic International Corporation,9.21B,-0.84%,597007,8.23B
148,CBSH,"Commerce Bancshares, Inc.",8.96B,-,891009,1.63B
149,CFR,"Cullen/Frost Bankers, Inc.",8.94B,-0.80%,432349,2.00B
150,HLNE,Hamilton Lane Incorporated,8.91B,-0.18%,283428,648.66M
151,CMA,Comerica Incorporated,8.85B,-0.06%,2745380,3.20B
152,WTFC,Wintrust Financial Corporation,8.70B,-0.82%,321005,2.35B
153,IVZ,Invesco Ltd.,8.62B,0.05%,3762029,6.07B
154,ZION,"Zions Bancorporation, National Association",8.56B,-0.74%,956164,3.06B
155,FRHC,Freedom Holding Corp.,8.54B,-0.70%,111909,1.31B
156,MKTX,MarketAxess Holdings Inc.,8.32B,1.31%,659582,811.94M
157,WF,Woori Financial Group Inc.,8.23B,0.03%,70036,7.57B
158,SNV,Synovus Financial Corp.,7.96B,-0.16%,1223898,1.85B
159,STEP,StepStone Group Inc.,7.70B,-0.99%,391994,800.28M
160,PB,"Prosperity Bancshares, Inc.",7.62B,-0.40%,992053,1.18B
161,AXS,AXIS Capital Holdings Limited,7.61B,-1.90%,391697,5.96B
162,ONB,Old National Bancorp,7.61B,0.25%,3202603,1.76B
163,XP,XP Inc.,7.33B,-2.50%,5569950,2.92B
164,BMA,Banco Macro S.A.,7.25B,-2.13%,226852,3.38B
165,BPOP,"Popular, Inc.",7.22B,-0.53%,358144,2.68B
166,JHG,Janus Henderson Group plc,7.09B,2.91%,2016578,2.47B
167,BOKF,BOK Financial Corporation,7.08B,-0.54%,109011,2.03B
168,JXN,Jackson Financial Inc.,6.92B,-2.59%,501144,4.06B
169,VOYA,"Voya Financial, Inc.",6.83B,0.28%,846872,7.86B
170,PJT,PJT Partners Inc.,6.80B,0.07%,133608,1.35B
171,RLI,RLI Corp.,6.72B,-0.39%,405833,1.77B
172,COOP,Mr. Cooper Group Inc.,6.64B,-3.03%,455501,1.98B
173,OMF,"OneMain Holdings, Inc.",6.63B,-3.22%,2525478,2.50B
174,FSK,FS KKR Capital Corp.,6.55B,1.21%,2217798,1.76B
175,FAF,First American Financial Corporation,6.51B,-0.96%,552276,5.87B
176,MTG,MGIC Investment Corporation,6.47B,-0.66%,1780838,1.19B
177,CADE,Cadence Bank,6.46B,-0.17%,981222,1.72B
178,MARA,"MARA Holdings, Inc.",6.22B,-4.38%,32906519,598.75M
179,QFIN,"Qifu Technology, Inc.",6.19B,-5.43%,1025421,2.45B
180,VIRT,"Virtu Financial, Inc.",6.19B,0.98%,1105286,2.22B
181,ESNT,Essent Group Ltd.,6.19B,-1.27%,492629,1.18B
182,CACC,Credit Acceptance Corporation,6.12B,-1.22%,130338,928.20M
183,MC,Moelis & Company,6.00B,0.67%,520700,970.70M
184,HOMB,"Home Bancshares, Inc. (Conway, AR)",6.00B,-0.33%,1380051,969.28M
185,LNC,Lincoln National Corporation,5.99B,-0.57%,1173688,13.55B
186,CRVL,CorVel Corporation,5.95B,0.18%,77226,845.64M
187,UPST,"Upstart Holdings, Inc.",5.91B,-3.83%,2981978,604.94M
188,OBDC,Blue Owl Capital Corporation,5.90B,0.40%,8691924,1.61B
189,SLM,SLM Corporation,5.87B,-2.82%,3120484,1.44B
190,COLB,"Columbia Banking System, Inc.",5.85B,-0.46%,1016590,1.82B
191,FG,"F&G Annuities & Life, Inc.",5.79B,-0.99%,72479,5.83B
192,OZK,Bank OZK,5.76B,-0.16%,1466349,1.48B
193,UMBF,UMB Financial Corporation,5.76B,-2.00%,4013338,1.57B
194,VLY,Valley National Bancorp,5.74B,0.29%,10461606,1.52B
195,AMG,"Affiliated Managers Group, Inc.",5.68B,-0.93%,160739,2.02B
196,FNB,F.N.B. Corporation,5.64B,-0.88%,2474854,1.52B
197,GBCI,"Glacier Bancorp, Inc.",5.63B,0.04%,613735,804.77M
198,THG,"The Hanover Insurance Group, Inc.",5.52B,-1.69%,348016,6.18B
199,MAIN,Main Street Capital Corporation,5.46B,0.83%,445719,529.90M
200,DNB,"Dun & Bradstreet Holdings, Inc.",5.43B,1.23%,7470931,2.38B
201,PFSI,"PennyMac Financial Services, Inc.",5.38B,-8.82%,1029666,2.03B
202,FFIN,"First Financial Bankshares, Inc.",5.33B,-0.96%,554099,536.91M
203,UBSI,"United Bankshares, Inc.",5.20B,0.08%,868180,1.01B
204,ACT,"Enact Holdings, Inc.",5.19B,-0.53%,316562,1.20B
205,HWC,Hancock Whitney Corporation,5.15B,-0.37%,621811,1.39B
206,SIGI,"Selective Insurance Group, Inc.",5.11B,2.42%,1122455,4.86B
207,BBAR,Banco BBVA Argentina S.A.,5.11B,-3.32%,562454,2.19B
208,RDN,Radian Group Inc.,5.07B,-1.62%,807860,1.30B
209,PIPR,Piper Sandler Companies,5.06B,2.30%,196719,1.53B
210,SFBS,"ServisFirst Bancshares, Inc.",4.95B,0.59%,221559,460.13M
211,LAZ,"Lazard, Inc.",4.92B,-1.43%,1168159,3.05B
212,FLG,"Flagstar Financial, Inc.",4.91B,6.96%,13108605,1.62B
213,WTM,"White Mountains Insurance Group, Ltd.",4.89B,-1.15%,15141,2.73B
214,FCFS,"FirstCash Holdings, Inc.",4.88B,-2.90%,273676,3.39B
215,BWIN,"The Baldwin Insurance Group, Inc.",4.82B,-1.35%,295960,1.34B
216,AGO,Assured Guaranty Ltd.,4.81B,-0.91%,193817,867.00M
217,ESGR,Enstar Group Limited,4.80B,-0.19%,96750,1.07B
218,BGC,"BGC Group, Inc.",4.58B,-0.52%,2052336,2.12B
219,AB,AllianceBernstein Holding L.P.,4.54B,0.58%,434371,134.10M
220,ABCB,Ameris Bancorp,4.52B,0.12%,684487,1.08B
221,CNS,"Cohen & Steers, Inc.",4.48B,-0.23%,143441,517.42M
222,VCTR,"Victory Capital Holdings, Inc.",4.30B,0.02%,205144,866.90M
223,KMPR,Kemper Corporation,4.30B,-1.34%,370130,4.64B
224,GBDC,"Golub Capital BDC, Inc.",4.16B,0.58%,1449574,724.68M
225,CNO,"CNO Financial Group, Inc.",4.12B,-0.50%,553362,4.52B
226,ASB,Associated Banc-Corp,4.12B,0.04%,1692200,952.86M
227,IBOC,International Bancshares Corporation,4.10B,-2.04%,1607265,799.36M
228,NNI,"Nelnet, Inc.",4.00B,-0.60%,45472,1.26B
229,AX,"Axos Financial, Inc.",3.99B,0.43%,436794,1.18B
230,GSHD,"Goosehead Insurance, Inc",3.98B,-1.72%,171641,282.56M
231,UCB,"United Community Banks, Inc.",3.96B,0.36%,576651,901.17M
232,BANF,BancFirst Corporation,3.96B,0.13%,488213,622.45M
233,RIOT,"Riot Platforms, Inc.",3.95B,-0.17%,37839474,312.91M
234,TFSL,TFS Financial Corporation,3.82B,7.27%,657418,304.58M
235,EBC,"Eastern Bankshares, Inc.",3.71B,-0.49%,1062522,664.13M
236,FULT,Fulton Financial Corporation,3.70B,-0.05%,1246793,1.13B
237,BHF,"Brighthouse Financial, Inc.",3.66B,0.73%,1408290,4.86B
238,TCBI,"Texas Capital Bancshares, Inc.",3.65B,-0.44%,346626,865.35M
239,APAM,Artisan Partners Asset Management Inc.,3.59B,0.18%,432356,1.06B
240,FHB,"First Hawaiian, Inc.",3.53B,3.10%,2073234,793.79M
241,SNEX,StoneX Group Inc.,3.51B,-0.73%,146644,98.70B
242,HTGC,"Hercules Capital, Inc.",3.50B,0.43%,709768,494.41M
243,WU,The Western Union Company,3.49B,-0.77%,3924606,4.20B
244,CBU,"Community Financial System, Inc.",3.45B,-0.05%,323279,723.53M
245,FIBK,"First Interstate BancSystem, Inc.",3.45B,-1.64%,560617,931.90M
246,AUB,Atlantic Union Bankshares Corporation,3.39B,0.96%,790946,767.33M
247,FBP,First BanCorp.,3.38B,-0.81%,963282,878.28M
248,IFS,Intercorp Financial Services Inc.,3.38B,0.30%,204119,1.11B
249,CATY,Cathay General Bancorp,3.37B,0.15%,277967,692.22M
250,HGTY,"Hagerty, Inc.",3.30B,-0.51%,42339,1.15B
251,WSFS,WSFS Financial Corporation,3.28B,0.72%,330422,984.95M
252,WD,"Walker & Dunlop, Inc.",3.24B,-0.54%,289611,986.07M
253,AVAL,Grupo Aval Acciones y Valores S.A.,3.19B,-3.13%,158486,2.75B
254,BFH,"Bread Financial Holdings, Inc.",3.15B,-0.60%,653169,2.44B
255,BUR,Burford Capital Limited,3.11B,-1.89%,714545,1.28B
256,FHI,"Federated Hermes, Inc.",3.10B,0.05%,1519210,1.63B
257,GNW,"Genworth Financial, Inc.",3.09B,-0.82%,3259723,7.43B
258,BKU,"BankUnited, Inc.",3.07B,-1.25%,601756,958.35M
259,NMIH,"NMI Holdings, Inc.",3.06B,-1.30%,279028,635.85M
260,BOH,Bank of Hawaii Corporation,2.96B,-0.27%,208619,627.96M
261,ENVA,"Enova International, Inc.",2.94B,-1.21%,275970,1.17B
262,CLSK,"CleanSpark, Inc.",2.93B,-4.83%,18431193,378.97M
263,TBBK,"The Bancorp, Inc.",2.91B,5.93%,1671146,495.38M
264,CVBF,CVB Financial Corp.,2.91B,-1.04%,653553,504.82M
265,PLMR,"Palomar Holdings, Inc.",2.85B,0.40%,111377,503.50M
266,SFNC,Simmons First National Corporation,2.85B,-0.22%,468046,701.26M
267,INDB,Independent Bank Corp.,2.85B,-0.18%,210907,653.49M
268,HTLF,"Heartland Financial USA, Inc.",2.77B,-2.16%,2591523,671.75M
269,MCY,Mercury General Corporation,2.76B,-1.89%,767961,5.47B
270,PRK,Park National Corporation,2.74B,-0.59%,52346,506.06M
271,BANC,"Banc of California, Inc.",2.70B,-1.23%,1602537,960.39M
272,FFBC,First Financial Bancorp.,2.68B,0.61%,570277,787.92M
273,TOWN,TowneBank,2.65B,-0.33%,163714,694.30M
274,MRX,Marex Group plc,2.60B,-0.50%,322211,1.54B
275,FRME,First Merchants Corporation,2.58B,4.05%,446605,610.99M
276,GCMG,GCM Grosvenor Inc.,2.56B,0.45%,379193,462.59M
277,PPBI,"Pacific Premier Bancorp, Inc.",2.50B,-0.31%,562865,615.00M
278,RNST,Renasant Corporation,2.47B,-0.82%,780621,706.53M
279,FBK,FB Financial Corporation,2.46B,-0.40%,88288,443.57M
280,BANR,Banner Corporation,2.44B,-0.56%,157951,601.02M
281,PFS,"Provident Financial Services, Inc.",2.42B,0.05%,749124,607.16M
282,WAFD,"WaFd, Inc.",2.42B,-0.93%,414041,708.75M
283,SBCF,Seacoast Banking Corporation of Florida,2.41B,0.53%,439797,499.14M
284,LMND,"Lemonade, Inc.",2.37B,-1.48%,1486807,492.50M
285,SPNT,SiriusPoint Ltd.,2.36B,-1.69%,430062,2.61B
286,WSBC,"WesBanco, Inc.",2.34B,0.11%,460884,586.99M
287,INTR,"Inter & Co, Inc.",2.30B,-0.57%,1499656,767.73M
288,TRMK,Trustmark Corporation,2.29B,0.27%,393822,532.32M
289,PWP,Perella Weinberg Partners,2.28B,-0.96%,422929,864.77M
290,NBTB,NBT Bancorp Inc.,2.25B,-0.15%,174658,557.34M
291,EFSC,Enterprise Financial Services Corp,2.21B,-0.47%,106336,607.34M
292,IREN,IREN Limited,2.19B,-0.78%,12851626,208.75M
293,SYBT,"Stock Yards Bancorp, Inc.",2.17B,-0.87%,88608,342.55M
294,AGM,Federal Agricultural Mortgage Corporation,2.15B,-0.82%,24356,347.66M
295,AGM.A,Federal Agricultural Mortgage Corporation,2.10B,-0.01%,1130,347.66M
296,TSLX,"Sixth Street Specialty Lending, Inc.",2.09B,0.45%,205397,478.36M
297,LION,Lionsgate Studios Corp.,2.07B,-2.05%,304553,2.98B
298,HUT,Hut 8 Corp.,2.03B,0.88%,6375001,194.02M
299,TRUP,"Trupanion, Inc.",2.01B,-0.90%,359176,1.24B
300,LU,Lufax Holding Ltd,2.00B,-2.94%,2192035,4.67B
301,CIFR,Cipher Mining Inc.,1.99B,21.91%,42734289,152.47M
302,FINV,FinVolution Group,1.99B,-2.80%,691808,1.84B
303,HTH,Hilltop Holdings Inc.,1.96B,1.28%,895831,1.19B
304,OFG,OFG Bancorp,1.96B,-1.52%,418166,629.44M
305,HG,"Hamilton Insurance Group, Ltd.",1.94B,-1.24%,505468,2.27B
306,CASH,"Pathward Financial, Inc.",1.92B,-0.88%,194431,719.62M
307,MBIN,Merchants Bancorp,1.92B,-1.46%,161004,646.45M
308,PSEC,Prospect Capital Corporation,1.88B,-0.46%,2304486,821.73M
309,FIHL,Fidelis Insurance Holdings Limited,1.84B,-1.61%,403159,2.30B
310,WULF,TeraWulf Inc.,1.83B,-4.79%,69820629,128.35M
311,PAX,Patria Investments Limited,1.83B,-1.41%,458424,328.72M
312,FBNC,First Bancorp,1.82B,1.26%,300671,333.72M
313,STC,Stewart Information Services Corporation,1.81B,-0.43%,93771,2.41B
314,TFIN,"Triumph Financial, Inc.",1.80B,-0.27%,97471,397.10M
315,CUBI,"Customers Bancorp, Inc.",1.79B,-0.58%,347871,641.39M
316,SKWD,"Skyward Specialty Insurance Group, Inc.",1.78B,1.28%,494554,1.09B
317,BBUC,Brookfield Business Corporation,1.74B,0.72%,64001,8.21B
318,CHCO,City Holding Company,1.74B,0.11%,42117,291.75M
319,LKFN,Lakeland Financial Corporation,1.74B,-0.19%,109171,236.77M
320,NIC,"Nicolet Bankshares, Inc.",1.72B,1.42%,48684,346.48M
321,FCF,First Commonwealth Financial Corporation,1.69B,-0.12%,765627,448.50M
322,NWBI,"Northwest Bancshares, Inc.",1.68B,1.62%,1193067,498.08M
323,PX,"P10, Inc.",1.66B,-0.44%,317257,274.50M
324,SUPV,Grupo Supervielle S.A.,1.65B,-2.95%,542689,435.66M
325,NBHC,National Bank Holdings Corporation,1.64B,1.01%,234164,399.86M
326,NTB,The Bank of N.T. Butterfield & Son Limited,1.62B,-0.43%,151785,573.10M
327,LOB,"Live Oak Bancshares, Inc.",1.61B,0.14%,223615,402.94M
328,TWFG,"TWFG, Inc.",1.61B,-1.95%,147041,194.21M
329,HMN,Horace Mann Educators Corporation,1.57B,-0.82%,135205,1.59B
330,CLBK,"Columbia Financial, Inc.",1.55B,-0.80%,181465,165.43M
331,SRCE,1st Source Corporation,1.54B,-0.24%,83009,374.66M
332,LC,LendingClub Corporation,1.53B,-5.53%,4024942,1.16B
333,SASR,"Sandy Spring Bancorp, Inc.",1.53B,0.65%,222392,392.25M
334,STEL,"Stellar Bancorp, Inc.",1.52B,-0.98%,221282,433.92M
335,STBA,"S&T Bancorp, Inc.",1.51B,2.76%,219851,383.76M
336,GSBD,"Goldman Sachs BDC, Inc.",1.51B,0.94%,846481,445.94M
337,ROOT,"Root, Inc.",1.47B,-0.15%,406812,1.04B
338,VBTX,"Veritex Holdings, Inc.",1.46B,-0.04%,480843,405.54M
339,TCBK,TriCo Bancshares,1.45B,-0.48%,98380,389.19M
340,HOPE,"Hope Bancorp, Inc.",1.41B,-0.85%,585693,457.65M
341,NAVI,Navient Corporation,1.41B,-0.73%,833316,848.00M
342,VRTS,"Virtus Investment Partners, Inc.",1.40B,-4.53%,53285,906.95M
343,BLX,"Banco Latinoamericano de Comercio Exterior, S. A.",1.39B,-0.11%,51137,279.78M
344,WT,"WisdomTree, Inc.",1.38B,-0.31%,2503648,427.74M
345,WABC,Westamerica Bancorporation,1.38B,-0.04%,88122,293.25M
346,BUSE,First Busey Corporation,1.38B,-0.49%,314491,453.70M
347,BHLB,"Berkshire Hills Bancorp, Inc.",1.37B,0.96%,598670,376.00M
348,DCOM,"Dime Community Bancshares, Inc.",1.36B,1.26%,279295,277.99M
349,CET,Central Securities Corporation,1.35B,-0.04%,9973,23.37M
350,CCB,Coastal Financial Corporation,1.33B,-0.83%,138197,284.12M
351,TIGR,UP Fintech Holding Limited,1.32B,-3.42%,3972995,277.35M
352,OCSL,Oaktree Specialty Lending Corporation,1.32B,1.01%,775349,381.67M
353,MFIC,MidCap Financial Investment Corporation,1.31B,0.21%,370844,291.58M
354,QCRH,"QCR Holdings, Inc.",1.31B,-0.47%,70190,330.22M
355,SEZL,Sezzle Inc.,1.31B,0.15%,87125,221.81M
356,BY,"Byline Bancorp, Inc.",1.30B,-0.71%,94662,379.86M
357,LX,LexinFintech Holdings Ltd.,1.30B,-5.05%,3269472,2.00B
358,HCI,"HCI Group, Inc.",1.28B,-0.34%,48358,750.85M
359,RBCAA,"Republic Bancorp, Inc.",1.27B,-0.03%,27059,330.43M
360,NMFC,New Mountain Finance Corporation,1.26B,1.21%,391688,373.51M
361,GABC,"German American Bancorp, Inc.",1.23B,-0.31%,97284,250.48M
362,EIG,"Employers Holdings, Inc.",1.22B,-0.41%,83075,889.80M
363,FBMS,"The First Bancshares, Inc.",1.21B,-0.90%,209694,280.24M
364,PFBC,Preferred Bank,1.20B,1.08%,92382,274.09M
365,OBK,"Origin Bancorp, Inc.",1.18B,-0.58%,157948,348.30M
366,OPFI,OppFi Inc.,1.18B,-0.72%,1649534,260.66M
367,BCSF,"Bain Capital Specialty Finance, Inc.",1.17B,-,315753,294.26M
368,ECPG,"Encore Capital Group, Inc.",1.17B,-0.40%,142071,1.33B
369,SAFT,"Safety Insurance Group, Inc.",1.17B,-0.63%,43894,1.09B
370,FSUN,FirstSun Capital Bancorp,1.17B,3.38%,123789,359.15M
371,PEBO,Peoples Bancorp Inc.,1.13B,0.12%,138575,423.28M
372,IGIC,International General Insurance Holdings Ltd.,1.11B,-1.47%,66639,506.16M
373,SII,Sprott Inc.,1.11B,0.16%,57143,194.38M
374,BRKL,"Brookline Bancorp, Inc.",1.09B,-0.49%,614595,333.56M
375,CSWC,Capital Southwest Corporation,1.07B,0.85%,428573,195.06M
376,AMAL,Amalgamated Financial Corp.,1.07B,2.34%,227514,304.29M
377,BBDC,"Barings BDC, Inc.",1.07B,0.50%,485982,291.39M
378,BOW,Bowhead Specialty Holdings Inc.,1.06B,-1.52%,62411,389.14M
379,OCFC,OceanFirst Financial Corp.,1.05B,-0.39%,345930,375.23M
380,BFC,Bank First Corporation,1.01B,-0.61%,20831,158.25M
381,TMP,Tompkins Financial Corporation,1.01B,3.95%,86948,292.62M
382,PFC,Premier Financial Corp.,997.46M,0.54%,271560,249.70M
383,AMTB,Amerant Bancorp Inc.,973.84M,0.52%,161807,273.79M
384,BRDG,Bridge Investment Group Holdings Inc.,969.88M,0.38%,77211,404.93M
385,CNOB,"ConnectOne Bancorp, Inc.",969.56M,1.08%,338930,250.27M
386,CTBI,"Community Trust Bancorp, Inc.",966.28M,-0.39%,66413,237.61M
387,BHRB,Burke & Herbert Financial Services Corp.,962.66M,-0.08%,23449,237.73M
388,SBSI,"Southside Bancshares, Inc.",954.81M,0.03%,209872,254.51M
389,AMSF,"AMERISAFE, Inc.",952.39M,0.14%,69997,315.18M
390,NCDL,Nuveen Churchill Direct Lending Corp.,945.02M,-0.23%,184280,-
391,CGBD,"Carlyle Secured Lending, Inc.",944.82M,0.43%,168342,238.92M
392,PFLT,PennantPark Floating Rate Capital Ltd.,932.17M,0.27%,999877,186.36M
393,AAMI,Acadian Asset Management Inc.,929.96M,-1.42%,66318,469.00M
394,SLRC,SLR Investment Corp.,922.52M,0.42%,108099,236.64M
395,FMBH,"First Mid Bancshares, Inc.",906.37M,-0.24%,55900,319.38M
396,TRIN,Trinity Capital Inc.,901.26M,1.59%,508322,205.16M
397,UVSP,Univest Financial Corporation,882.61M,-1.33%,124148,293.29M
398,ATLC,Atlanticus Holdings Corporation,876.52M,-0.85%,42537,374.09M
399,HFWA,Heritage Financial Corporation,873.56M,0.55%,269587,210.56M
400,PRAA,"PRA Group, Inc.",871.72M,-2.25%,263402,1.04B
401,MTAL,MAC Copper Limited,851.01M,-1.62%,292147,322.58M
402,OSBC,"Old Second Bancorp, Inc.",842.80M,0.11%,241670,272.70M
403,NBN,Northeast Bank,830.48M,-0.28%,35737,157.67M
404,FUFU,BitFuFu Inc.,829.17M,-2.12%,141753,452.74M
405,NBBK,"NB Bancorp, Inc.",818.24M,-0.26%,268569,146.99M
406,CPF,Central Pacific Financial Corp.,808.96M,1.53%,208971,240.63M
407,CFB,"CrossFirst Bankshares, Inc.",800.97M,-,245912,250.66M
408,BFST,"Business First Bancshares, Inc.",797.62M,-0.66%,77408,260.70M
409,FCBC,"First Community Bankshares, Inc.",794.62M,-0.16%,37614,162.26M
410,EGBN,"Eagle Bancorp, Inc.",791.59M,0.61%,192800,242.06M
411,TCPC,BlackRock TCP Capital Corp.,788.29M,0.33%,381354,249.04M
412,MBWM,Mercantile Bank Corporation,787.89M,0.12%,79374,224.08M
413,MCBS,"MetroCity Bankshares, Inc.",783.93M,-0.71%,31974,140.69M
414,GHLD,Guild Holdings Company,781.62M,1.45%,5663,829.86M
415,TYG,Tortoise Energy Infrastructure Corporation,777.18M,-0.55%,98564,13.62M
416,AC,"Associated Capital Group, Inc.",776.64M,0.85%,2406,13.66M
417,CFFN,"Capitol Federal Financial, Inc.",772.43M,1.54%,813210,181.72M
418,HBT,"HBT Financial, Inc.",767.52M,-2.17%,67149,221.39M
419,FDUS,Fidus Investment Corporation,766.81M,0.80%,236167,145.01M
420,CAC,Camden National Corporation,765.65M,-0.24%,96257,177.40M
421,PRA,ProAssurance Corporation,765.30M,-0.33%,268242,1.16B
422,IBCP,Independent Bank Corporation,760.60M,0.06%,108218,218.14M
423,WRLD,World Acceptance Corporation,759.72M,-1.53%,24052,558.62M
424,EQBK,"Equity Bancshares, Inc.",759.51M,-0.57%,49860,220.31M
425,TIPT,Tiptree Inc.,742.60M,-0.64%,67711,1.99B
426,SLQT,"SelectQuote, Inc.",739.18M,-3.79%,654189,1.38B
427,HBNC,"Horizon Bancorp, Inc.",734.09M,-0.30%,144624,183.72M
428,ABL,"Abacus Life, Inc.",731.42M,-1.27%,294464,102.41M
429,CCAP,"Crescent Capital BDC, Inc.",726.41M,0.36%,48890,200.90M
430,LPRO,Open Lending Corporation,722.07M,-5.02%,562281,95.89M
431,HAFC,Hanmi Financial Corporation,720.59M,-0.95%,127888,229.94M
432,MCB,Metropolitan Bank Holding Corp.,718.10M,-0.02%,38687,270.66M
433,OPY,Oppenheimer Holdings Inc.,711.01M,-5.10%,21503,1.34B
434,ORRF,"Orrstown Financial Services, Inc.",704.49M,-0.74%,155712,176.14M
435,ESQ,"Esquire Financial Holdings, Inc.",702.48M,2.23%,96548,120.12M
436,NOAH,Noah Holdings Limited,699.20M,-3.82%,48415,391.84M
437,BITF,Bitfarms Ltd.,692.19M,-3.33%,59400226,182.96M
438,GSBC,"Great Southern Bancorp, Inc.",689.23M,-0.34%,45558,216.99M
439,AACT,Ares Acquisition Corporation II,688.13M,-,15008,-
440,HIPO,Hippo Holdings Inc.,682.07M,1.16%,125547,334.70M
441,VINP,Vinci Partners Investments Ltd.,667.47M,-,51036,88.22M
442,SMBC,"Southern Missouri Bancorp, Inc.",667.38M,0.77%,54149,166.91M
443,GLAD,Gladstone Capital Corporation,664.76M,0.27%,99867,96.62M
444,MOFG,"MidWestOne Financial Group, Inc.",657.19M,0.09%,85592,60.51M
445,EZPW,"EZCORP, Inc.",654.13M,-1.80%,470525,1.16B
446,AMRK,"A-Mark Precious Metals, Inc.",653.09M,-0.21%,216940,9.93B
447,FSBC,Five Star Bancorp,648.31M,-0.62%,54557,119.21M
448,HTBI,"HomeTrust Bancshares, Inc.",638.16M,-1.08%,36004,193.44M
449,WASH,"Washington Trust Bancorp, Inc.",631.61M,1.68%,245555,98.25M
450,UFCS,"United Fire Group, Inc.",628.74M,-1.74%,70336,1.21B
451,CCBG,"Capital City Bank Group, Inc.",625.08M,-1.84%,30028,230.88M
452,CION,CION Investment Corporation,624.51M,1.47%,239032,254.54M
453,VEL,"Velocity Financial, Inc.",613.95M,-1.23%,28487,161.83M
454,TRST,TrustCo Bank Corp NY,611.68M,0.59%,64162,169.77M
455,BZAI,"Blaize Holdings, Inc.",609.53M,4.90%,117412,1.97M
456,INV,"Innventure, Inc.",609.44M,1.49%,23864,988.00K
457,TREE,"LendingTree, Inc.",600.36M,-4.68%,159385,773.05M
458,SMBK,"SmartFinancial, Inc.",596.80M,0.26%,26984,166.35M
459,HTBK,Heritage Commerce Corp,594.03M,-1.12%,335639,170.26M
460,SPFI,"South Plains Financial, Inc.",591.26M,-0.08%,44975,190.87M
461,ACIC,American Coastal Insurance Corporation,587.62M,-2.40%,78421,290.78M
462,CRD.A,Crawford & Company,583.65M,-0.99%,40655,1.24B
463,MPB,"Mid Penn Bancorp, Inc.",582.86M,-2.40%,81297,173.42M
464,CRD.B,Crawford & Company,575.88M,-2.08%,6723,1.24B
465,THFF,First Financial Corporation,569.04M,0.42%,42218,190.12M
466,HIFS,Hingham Institution for Savings,556.51M,-1.64%,8767,65.53M
467,LDI,"loanDepot, Inc.",552.63M,-3.43%,557355,1.01B
468,PGC,Peapack-Gladstone Financial Corporation,552.33M,-0.03%,76117,220.63M
469,AMBC,"Ambac Financial Group, Inc.",551.76M,1.13%,282960,398.00M
470,UVE,"Universal Insurance Holdings, Inc.",547.06M,-0.92%,137622,1.51B
471,SHBI,"Shore Bancshares, Inc.",544.98M,3.55%,159797,196.96M
472,ALTI,"AlTi Global, Inc.",543.92M,-0.77%,59324,246.97M
473,ALRS,Alerus Financial Corporation,535.79M,-1.08%,81832,203.84M
474,BCAL,California BanCorp.,535.61M,1.84%,89448,106.05M
475,QD,Qudian Inc.,534.12M,-5.05%,241247,32.50M
476,FISI,"Financial Institutions, Inc.",529.43M,-2.91%,406573,110.76M
477,CCNE,CNB Financial Corporation,526.31M,0.28%,126580,217.36M
478,EBTC,"Enterprise Bancorp, Inc.",518.55M,-0.96%,44182,168.76M
479,FMNB,Farmers National Banc Corp.,517.18M,-1.64%,76313,162.12M
480,PFIS,Peoples Financial Services Corp.,514.42M,0.18%,23537,96.20M
481,CBNK,"Capital Bancorp, Inc.",513.62M,-0.39%,46225,168.05M
482,PSBD,Palmer Square Capital BDC Inc.,509.29M,-1.14%,20067,-
483,DGICA,Donegal Group Inc.,502.67M,1.58%,227361,979.12M
484,NFBK,"Northfield Bancorp, Inc. (Staten Island, NY)",500.68M,1.30%,258997,127.03M
485,DGICB,Donegal Group Inc.,496.93M,-0.93%,1326,979.12M
486,TCBX,"Third Coast Bancshares, Inc.",496.40M,-0.28%,55175,165.68M
487,GAIN,Gladstone Investment Corporation,495.66M,1.05%,130454,91.47M
488,YRD,Yiren Digital Ltd.,493.79M,-2.74%,70755,802.34M
489,GBLI,"Global Indemnity Group, LLC",492.35M,3.99%,3286,442.50M
490,UNTY,"Unity Bancorp, Inc.",484.76M,0.42%,48049,103.13M
491,BHB,Bar Harbor Bankshares,484.07M,-1.49%,25506,148.79M
492,GDOT,Green Dot Corporation,477.09M,-2.31%,207361,1.63B
493,GLRE,"Greenlight Capital Re, Ltd.",470.24M,-1.46%,39281,702.25M
494,GNTY,"Guaranty Bancshares, Inc.",469.95M,-1.32%,37060,120.82M
495,NRIM,"Northrim BanCorp, Inc.",469.77M,2.43%,64007,151.93M
496,FFIC,Flushing Financial Corporation,469.54M,2.50%,385833,115.17M
497,BTBT,"Bit Digital, Inc.",465.14M,-3.08%,14666227,98.00M
498,PNNT,PennantPark Investment Corporation,464.26M,1.28%,426983,143.82M
499,ANSC,Agriculture & Natural Solutions Acquisition Corporation,453.68M,-0.10%,8199,-
500,GCBC,"Greene County Bancorp, Inc.",451.21M,-0.38%,32534,65.85M
501,HONE,"HarborOne Bancorp, Inc.",449.09M,-6.70%,602520,164.29M
502,VBNK,VersaBank,446.80M,2.75%,186057,80.30M
503,AAM,AA Mission Acquisition Corp.,446.78M,0.20%,10250,-
504,EQV,EQV Ventures Acquisition Corp.,446.17M,0.20%,21007,-
505,AROW,Arrow Financial Corporation,445.53M,-1.66%,42715,134.63M
506,ASA,ASA Gold and Precious Metals Limited,444.77M,-0.81%,42053,2.14M
507,WDH,Waterdrop Inc.,440.88M,1.27%,17329,391.24M
508,RWAY,Runway Growth Finance Corp.,433.60M,0.78%,151758,150.08M
509,KRNY,Kearny Financial Corp.,431.06M,0.29%,444688,148.07M
510,FBIZ,"First Business Financial Services, Inc.",428.46M,4.26%,43405,144.63M
511,MFH,Mercurity Fintech Holding Inc.,426.35M,-0.43%,114518,716.86K
512,WALD,Waldencast plc,425.06M,2.67%,42630,240.38M
513,ITIC,Investors Title Company,424.58M,-1.89%,4496,241.02M
514,FFWM,First Foundation Inc.,424.18M,-5.68%,1226423,96.07M
515,BSRR,Sierra Bancorp,422.10M,-0.69%,43612,146.76M
516,MSBI,"Midland States Bancorp, Inc.",413.98M,-2.78%,129640,170.13M
517,NETD,Nabors Energy Transition Corp. II,413.28M,0.09%,955,-
518,DHIL,"Diamond Hill Investment Group, Inc.",408.48M,0.68%,10888,145.80M
519,CARE,"Carter Bankshares, Inc.",406.48M,-1.23%,53020,140.87M
520,HBCP,"Home Bancorp, Inc.",406.19M,0.40%,20538,130.22M
521,BMRC,Bank of Marin Bancorp,403.86M,0.40%,49814,67.98M
522,BSVN,Bank7 Corp.,403.40M,-1.42%,13026,97.45M
523,SCM,Stellus Capital Investment Corporation,397.75M,-0.45%,146300,107.14M
524,HIVE,HIVE Digital Technologies Ltd.,389.44M,-4.87%,15736474,123.02M
525,BWB,"Bridgewater Bancshares, Inc.",389.04M,-0.70%,47651,106.04M
526,FRBA,First Bank,381.78M,-0.91%,34287,128.68M
527,CCIX,Churchill Capital Corp IX,381.29M,0.29%,206,-
528,XYF,X Financial,378.82M,-2.56%,33779,763.52M
529,RRBI,"Red River Bancshares, Inc.",378.17M,0.16%,25716,108.54M
530,USCB,"USCB Financial Holdings, Inc.",378.17M,-2.01%,14688,79.52M
531,HRZN,Horizon Technology Finance Corporation,374.43M,0.54%,281378,104.55M
532,GOCO,"GoHealth, Inc.",373.36M,0.49%,18205,686.46M
533,VALU,"Value Line, Inc.",370.11M,-2.46%,3871,35.86M
534,CWBC,Community West Bancshares,369.82M,-0.31%,31341,105.70M
535,WTBA,"West Bancorporation, Inc.",369.14M,-1.22%,50105,78.80M
536,FMAO,"Farmers & Merchants Bancorp, Inc.",368.10M,-1.31%,15565,98.00M
537,GPAT,GP-Act III Acquisition Corp.,368.00M,0.49%,820,-
538,ALF,Centurion Acquisition Corp.,365.48M,-0.10%,738,-
539,RM,Regional Management Corp.,363.74M,-1.89%,61770,556.73M
540,MBAV,M3-Brigade Acquisition V Corp.,363.08M,0.03%,565,-
541,MBI,MBIA Inc.,362.82M,15.42%,2272695,-13.00M
542,SAR,Saratoga Investment Corp.,358.37M,0.69%,64221,154.79M
543,ACNB,ACNB Corporation,351.56M,0.24%,28321,111.10M
544,NEWT,"NewtekOne, Inc.",349.33M,-0.45%,102381,316.41M
545,CIVB,"Civista Bancshares, Inc.",347.18M,3.13%,79355,149.09M
546,GIG,GigCapital7 Corp.,335.00M,-0.04%,832,-
547,RBB,RBB Bancorp,332.81M,-2.13%,71707,115.63M
548,CZNC,Citizens & Northern Corporation,329.20M,-0.37%,48457,106.13M
549,CCIR,Cohen Circle Acquisition Corp. I,326.63M,-,3576,-
550,SSBK,"Southern States Bancshares, Inc.",325.16M,-2.11%,10276,94.14M
551,TPVG,TriplePoint Venture Growth BDC Corp.,322.79M,1.38%,131831,115.27M
552,PMTS,CPI Card Group Inc.,321.06M,-4.74%,42227,458.38M
553,HRTG,"Heritage Insurance Holdings, Inc.",320.77M,1.19%,213807,793.69M
554,HYAC,Haymaker Acquisition Corp. 4,319.71M,-,611,-
555,VACH,Voyager Acquisition Corp.,318.46M,0.20%,495,-
556,FSBW,"FS Bancorp, Inc.",312.60M,-0.52%,13762,139.15M
557,NODK,"NI Holdings, Inc.",311.79M,-1.69%,48451,391.66M
558,CUB,Lionheart Holdings,310.65M,0.10%,1111,-
559,BEAG,Bold Eagle Acquisition Corp.,310.36M,0.30%,803,-
560,SIMA,SIM Acquisition Corp. I,309.50M,0.02%,1438,-
561,BCML,BayCom Corp,308.96M,-1.86%,20060,96.25M
562,COFS,"ChoiceOne Financial Services, Inc.",300.43M,-1.03%,26651,91.81M
563,SFST,"Southern First Bancshares, Inc.",300.28M,-2.54%,14994,93.24M
564,GHI,Greystone Housing Impact Investors LP,299.98M,1.02%,94765,34.31M
565,PDLB,"Ponce Financial Group, Inc.",298.49M,-0.97%,32181,82.36M
566,HIT,"Health In Tech, Inc.",298.46M,-10.68%,113581,19.80M
567,ALDF,Aldel Financial II Inc.,297.49M,0.20%,6757,-
568,POLE,Andretti Acquisition Corp. II,296.28M,0.10%,665,-
569,VCIC,Vine Hill Capital Investment Corp.,295.38M,1.19%,42177,-
570,CBAN,"Colony Bankcorp, Inc.",295.21M,-0.35%,60815,112.40M
571,EHTH,"eHealth, Inc.",294.56M,-0.20%,285715,464.89M
572,FLIC,The First of Long Island Corporation,293.74M,0.93%,135669,84.93M
573,OBT,"Orange County Bancorp, Inc.",293.58M,-0.46%,20787,98.02M
574,PBFS,"Pioneer Bancorp, Inc.",292.38M,-1.78%,15874,79.73M
575,CZFS,"Citizens Financial Services, Inc.",291.48M,-2.28%,9655,99.27M
576,GRAF,Graf Global Corp.,291.24M,0.10%,6907,-
577,LPAA,Launch One Acquisition Corp.,290.14M,-0.08%,788,-
578,HOND,HCM II Acquisition Corp.,289.80M,0.39%,18406,-
579,GSRT,GSR III Acquisition Corp.,289.68M,0.27%,2415,-
580,NECB,"Northeast Community Bancorp, Inc.",289.49M,-0.96%,53159,105.84M
581,FNLC,"The First Bancorp, Inc.",288.26M,-0.12%,27764,79.74M
582,SNFCA,Security National Financial Corporation,288.21M,0.82%,31529,330.16M
583,MLAC,Mountain Lake Acquisition Corp.,287.29M,0.10%,92444,-
584,LPBB,Launch Two Acquisition Corp.,287.02M,-,4850,-
585,JACS.RT,Jackson Acquisition Company II,286.96M,-,203400,-
586,JACS,Jackson Acquisition Company II,286.96M,-0.10%,459410,-
587,BRBS,"Blue Ridge Bankshares, Inc.",284.58M,-,143560,97.61M
588,ONIT,Onity Group Inc.,284.21M,0.53%,34757,1.03B
589,INBK,First Internet Bancorp,282.31M,-0.88%,22805,117.65M
590,PCB,PCB Bancorp,277.03M,1.26%,25799,96.31M
591,FRST,Primis Financial Corp.,274.18M,-0.81%,81815,107.70M
592,PLBC,Plumas Bancorp,269.18M,-3.49%,12846,81.28M
593,JMSB,"John Marshall Bancorp, Inc.",268.81M,-3.72%,14508,53.69M
594,DRDB,Roman DBDR Acquisition Corp. II,267.47M,0.30%,94911,-
595,LNKB,"LINKBANCORP, Inc.",264.21M,-0.70%,35902,108.50M
596,LIEN,"Chicago Atlantic BDC, Inc.",259.70M,-2.07%,1506,12.68M
597,FDBC,"Fidelity D & D Bancorp, Inc.",256.97M,0.49%,13786,79.41M
598,SBXD,SilverBox Corp IV,256.84M,-,1610,-
599,SAMG,Silvercrest Asset Management Group Inc.,256.50M,-0.11%,16388,120.23M
600,CEPO,"Cantor Equity Partners I, Inc.",256.28M,-,4209,-
601,HVII,Hennessy Capital Investment Corp. VII,255.85M,0.10%,52619,-
602,CPSS,"Consumer Portfolio Services, Inc.",253.87M,-4.66%,199369,184.25M
603,MVBF,MVB Financial Corp.,252.49M,-1.66%,16197,140.25M
604,BACQ,Bleichroeder Acquisition Corp. I,251.96M,0.10%,844,-
605,WSBF,"Waterstone Financial, Inc.",251.91M,-0.07%,85206,135.64M
606,HLXB,Helix Acquisition Corp. II,251.55M,0.47%,7186,-
607,FOA,Finance of America Companies Inc.,247.76M,-1.65%,106874,719.53M
608,CFFI,C&F Financial Corporation,247.12M,0.47%,14513,114.06M
609,SBT,"Sterling Bancorp, Inc. (Southfield, MI)",246.36M,-2.69%,28024,66.06M
610,CIA,"Citizens, Inc.",246.04M,-1.40%,147823,248.38M
611,NWFL,Norwood Financial Corp.,245.74M,2.15%,27514,48.37M
612,WHF,"WhiteHorse Finance, Inc.",245.45M,0.38%,62832,97.44M
613,FINW,FinWise Bancorp,244.80M,11.49%,55590,69.82M
614,FACT,FACT II Acquisition Corp,241.76M,-,7069,-
615,NTWO,Newbury Street II Acquisition Corp,241.16M,0.50%,27823,-
616,CHMG,Chemung Financial Corporation,240.55M,-1.66%,13766,97.34M
617,PKBK,"Parke Bancorp, Inc.",240.54M,-,17682,62.28M
618,TSBK,"Timberland Bancorp, Inc.",238.80M,-0.43%,6107,75.33M
619,BWFG,"Bankwell Financial Group, Inc.",237.97M,-1.49%,20223,64.38M
620,EVBN,"Evans Bancorp, Inc.",237.15M,0.05%,14014,82.01M
621,FBLA,"FB Bancorp, Inc.",231.90M,-0.43%,39078,79.36M
622,CLBR,Colombier Acquisition Corp. II,231.63M,-0.18%,65740,-
623,OACC,Oaktree Acquisition Corp. III Life Sciences,230.23M,-0.10%,1730,-
624,PWOD,"Penns Woods Bancorp, Inc.",229.90M,-0.23%,12367,68.38M
625,PLMK,Plum Acquisition Corp. IV,228.53M,0.10%,168119,-
626,HWBK,"Hawthorn Bancshares, Inc.",228.47M,-,10458,71.88M
627,FXNC,First National Corporation,227.85M,0.95%,11579,48.80M
628,FVCB,"FVCBankcorp, Inc.",219.73M,-2.43%,13484,58.12M
629,MACI,Melar Acquisition Corp. I,219.68M,0.20%,16470,-
630,LCNB,LCNB Corp.,218.26M,2.38%,31544,79.24M
631,SVCC,Stellar V Capital Corp.,216.37M,-,917747,-
632,KVAC,Keen Vision Acquisition Corporation,214.96M,-,1427,-
633,OVLY,Oak Valley Bancorp,213.80M,-0.42%,10624,78.21M
634,DYNX,Dynamix Corporation,212.51M,0.04%,100,2.12M
635,ESSA,"ESSA Bancorp, Inc.",211.18M,-0.05%,32215,67.43M
636,FUNC,First United Corporation,210.75M,0.80%,26859,71.03M
637,BPRN,"Princeton Bancorp, Inc.",210.07M,-4.00%,7121,69.58M
638,KINS,"Kingstone Companies, Inc.",209.81M,2.35%,237868,149.65M
639,MBCN,Middlefield Banc Corp.,209.19M,-6.23%,9288,65.89M
640,DMAA,Drugs Made In America Acquisition Corp.,204.31M,-0.05%,47270,-
641,MYFW,"First Western Financial, Inc.",203.98M,0.14%,25347,79.65M
642,BLFY,Blue Foundry Bancorp,200.02M,-1.32%,34890,40.69M
643,SWKH,SWK Holdings Corporation,198.79M,-1.40%,6553,24.73M
644,MFIN,Medallion Financial Corp.,198.61M,-5.29%,52292,293.26M
645,FCCO,First Community Corporation,198.22M,0.43%,34199,65.14M
646,OPBK,OP Bancorp,196.81M,-4.36%,24777,79.28M
647,WNEB,"Western New England Bancorp, Inc.",195.92M,0.21%,60001,73.39M
648,PVBC,"Provident Bancorp, Inc.",195.89M,-1.43%,21226,55.40M
649,VABK,Virginia National Bankshares Corporation,195.82M,-,4654,53.66M
650,FFNW,"First Financial Northwest, Inc.",194.96M,-1.03%,20310,37.61M
651,TDAC,Translational Development Acquisition Corp.,191.45M,-,14051,-
652,BSII,Black Spade Acquisition II Co,191.44M,-,206,-
653,EARN,Ellington Credit Company,191.40M,-,866503,-15.58M
654,HNVR,"Hanover Bancorp, Inc.",190.19M,-0.78%,12048,63.49M
655,HMST,"HomeStreet, Inc.",189.90M,-1.37%,108303,75.70M
656,ISTR,Investar Holding Corporation,187.43M,-0.31%,54609,86.32M
657,NKSH,"National Bankshares, Inc.",186.87M,-1.61%,8709,44.13M
658,MRCC,Monroe Capital Corporation,186.33M,0.58%,60668,62.01M
659,MRBK,Meridian Corporation,185.04M,0.66%,47886,100.94M
660,BCBP,"BCB Bancorp, Inc.",184.63M,1.98%,82109,83.39M
661,OXSQ,Oxford Square Capital Corp.,183.99M,1.50%,602046,44.79M
662,JRVR,"James River Group Holdings, Ltd.",180.82M,-0.62%,221441,796.82M
663,MKTW,"MarketWise, Inc.",180.03M,-2.89%,313534,423.38M
664,UMAC,"Unusual Machines, Inc.",176.95M,0.50%,1381460,3.56M
665,SPKL,Spark I Acquisition Corporation,175.39M,-,1318,-
666,SKGR,SK Growth Opportunities Corporation,174.32M,-0.07%,490,-
667,BVFL,"BV Financial, Inc.",173.25M,-0.39%,12232,37.90M
668,FSFG,"First Savings Financial Group, Inc.",169.38M,2.31%,10923,73.62M
669,BFIN,BankFinancial Corporation,167.97M,0.97%,88729,54.35M
670,UBFO,United Security Bancshares,165.78M,-0.21%,47232,48.60M
671,OPRT,Oportun Financial Corporation,165.49M,12.20%,368582,796.99M
672,ATLO,Ames National Corporation,163.03M,-0.11%,12932,54.22M
673,CBNA,"Chain Bridge Bancorp, Inc.",161.42M,-1.24%,4808,53.11M
674,IBAC,IB Acquisition Corp.,161.27M,0.20%,2201,-
675,RANG,Range Capital Acquisition Corp.,159.57M,-,50000,-
676,CZWI,"Citizens Community Bancorp, Inc.",158.94M,0.25%,20956,59.76M
677,ESHA,ESH Acquisition Corp.,157.92M,-,201,-
678,HCVI,Hennessy Capital Investment Corp. VI,156.81M,-0.27%,27,-
679,PTMN,Portman Ridge Finance Corporation,156.80M,-0.76%,34106,65.83M
680,CFBK,CF Bankshares Inc.,156.48M,-1.97%,4583,44.40M
681,BETR,Better Home & Finance Holding Company,154.23M,-3.69%,13136,85.78M
682,RFAI,RF Acquisition Corp II,154.18M,-,1100,-
683,TAVI,Tavia Acquisition Corp.,153.37M,0.02%,3522,-
684,FRAF,Franklin Financial Services Corporation,153.13M,1.98%,18239,69.21M
685,CBFV,"CB Financial Services, Inc.",152.95M,0.37%,4506,50.94M
686,RENE,Cartesian Growth Corporation II,152.75M,-,100602,-
687,PEBK,"Peoples Bancorp of North Carolina, Inc.",150.96M,-1.76%,5126,80.00M
688,BANX,ArrowMark Financial Corp.,150.00M,-0.14%,7315,29.95M
689,WLAC,Willow Lane Acquisition Corp.,149.35M,-,204,-
690,ISRL,Israel Acquisitions Corp,147.23M,0.09%,2146,-
691,NCTY,The9 Limited,145.78M,-4.29%,81051,24.29M
692,SBFG,"SB Financial Group, Inc.",145.27M,0.49%,10590,56.77M
693,RMBI,"Richmond Mutual Bancorporation, Inc.",144.53M,-0.28%,14620,42.92M
694,UNB,"Union Bankshares, Inc.",144.33M,1.11%,5378,46.39M
695,FRGE,"Forge Global Holdings, Inc.",142.34M,-0.04%,445263,79.80M
696,RILY,"B. Riley Financial, Inc.",140.45M,-1.18%,447294,981.03M
697,LARK,"Landmark Bancorp, Inc.",140.42M,-0.41%,842,56.99M
698,SFBC,"Sound Financial Bancorp, Inc.",134.67M,-1.66%,506,35.78M
699,CEP,"Cantor Equity Partners, Inc.",132.22M,-0.19%,2690,-
700,FGBI,"First Guaranty Bancshares, Inc.",128.55M,-0.68%,10405,93.14M
701,GATE,Marblegate Acquisition Corp.,125.78M,-0.82%,1,-
702,WHG,"Westwood Holdings Group, Inc.",125.25M,3.29%,11164,92.37M
703,SSSS,SuRo Capital Corp.,124.14M,-2.93%,339869,5.90M
704,OPOF,Old Point Financial Corporation,123.90M,-0.04%,9270,60.91M
705,ECBK,"ECB Bancorp, Inc.",123.15M,-1.75%,2349,24.71M
706,MNSB,"MainStreet Bancshares, Inc.",122.36M,-2.06%,10988,59.06M
707,EBMT,"Eagle Bancorp Montana, Inc.",120.78M,0.98%,28567,80.70M
708,CHEB,Chenghe Acquisition II Co.,119.75M,-,-,-
709,RVSB,"Riverview Bancorp, Inc.",119.20M,-0.18%,36675,46.65M
710,SIEB,Siebert Financial Corp.,117.55M,-1.35%,4786,83.36M
711,AFBI,"Affinity Bancshares, Inc.",117.03M,-1.03%,16500,30.61M
712,VBFC,Village Bank and Trust Financial Corp.,116.43M,-0.04%,930,33.14M
713,DGHI,Digihost Technology Inc.,115.18M,-6.83%,2697446,42.15M
714,FNWD,Finward Bancorp,114.61M,-0.34%,4981,71.60M
715,PCSC,Perceptive Capital Solutions Corp,112.67M,-,2966,-
716,OVBC,Ohio Valley Banc Corp.,112.36M,-0.71%,8459,59.51M
717,SVII,Spring Valley Acquisition Corp. II,112.14M,-,6,-
718,IPXX,Inflection Point Acquisition Corp. II,111.61M,3.86%,5399,-
719,GECC,Great Elm Capital Corp.,111.29M,-0.19%,9579,39.47M
720,CHAR,Charlton Aria Acquisition Corporation,110.18M,-1.35%,99,-
721,SRBK,"SR Bancorp, Inc.",109.79M,0.32%,42848,29.08M
722,SRL,Scully Royalty Ltd.,109.68M,-4.52%,15467,34.00M
723,SPHA,Shepherd Ave Capital Acquisition Corporation,109.37M,-,415,-
724,PROV,"Provident Financial Holdings, Inc.",108.48M,1.20%,3802,38.44M
725,OFS,OFS Capital Corporation,107.99M,-0.12%,28594,49.80M
726,RBKB,"Rhinebeck Bancorp, Inc.",107.98M,-0.30%,5568,25.91M
727,FCAP,"First Capital, Inc.",107.26M,0.47%,589,42.00M
728,WMPN,William Penn Bancorporation,106.46M,-1.79%,12494,20.36M
729,PBHC,"Pathfinder Bancorp, Inc.",101.75M,-1.88%,2484,40.02M
730,PWUP,PowerUp Acquisition Corp.,100.48M,9.38%,19221,-
731,PFX,PhenixFIN Corporation,99.47M,0.78%,237,22.18M
732,BSBK,Bogota Financial Corp.,97.55M,0.13%,2322,12.13M
733,AFJK,"Aimei Health Technology Co., Ltd",97.03M,0.37%,2612,-
734,EVGR,Evergreen Corporation,96.53M,-0.66%,5891,-
735,GLAC,Global Lights Acquisition Corp,96.48M,-,3738,-
736,MHLD,"Maiden Holdings, Ltd.",96.42M,-4.72%,138329,89.07M
737,HNNA,"Hennessy Advisors, Inc.",95.74M,1.07%,5462,29.65M
738,FNWB,First Northwest Bancorp,95.29M,2.91%,16894,50.90M
739,BTM,Bitcoin Depot Inc.,94.90M,-3.61%,282683,585.28M
740,NOEM,CO2 Energy Transition Corp.,94.80M,1.19%,300,-
741,QETA,Quetta Acquisition Corporation,94.75M,0.09%,231,-
742,IVCA,Investcorp AI Acquisition Corp.,94.14M,0.21%,493,-
743,DYCQ,DT Cloud Acquisition Corporation,94.02M,-,111907,-
744,BKHA,Black Hawk Acquisition Corporation,93.00M,-0.14%,12212,-
745,MGYR,"Magyar Bancorp, Inc.",92.89M,-1.78%,1456,32.42M
746,IROH,Iron Horse Acquisitions Corp.,92.13M,-,5114,-
747,HSPO,Horizon Space Acquisition I Corp.,91.48M,-0.43%,755,-
748,FSHP,Flag Ship Acquisition Corporation,90.58M,0.10%,4690,-
749,DTSQ,DT Cloud Star Acquisition Corporation,90.08M,-,200,-
750,LSBK,"Lake Shore Bancorp, Inc.",88.21M,-0.70%,8086,25.85M
751,BYNO,byNordic Acquisition Corporation,87.60M,0.18%,2166,-
752,VMCA,Valuence Merger Corp. I,85.75M,0.30%,1000,-
753,AITR,AI Transportation Acquisition Corp,84.89M,-0.82%,17,-
754,CNF,CNFinance Holdings Limited,84.36M,-8.89%,20996,109.79M
755,HSPT,Horizon Space Acquisition II Corp.,82.30M,0.10%,14647,-
756,FGMC,FG Merger II Corp.,81.71M,-0.10%,242261,-
757,JVSA,JVSPAC Acquisition Corp.,81.32M,0.09%,9,-
758,YHNA,YHN Acquisition I Limited,80.71M,-0.75%,5308,-
759,ATMV,AlphaVest Acquisition Corp,80.57M,-,302,-
760,ASPC,A SPAC III Acquisition Corp.,80.47M,-,500,-
761,ATMC,AlphaTime Acquisition Corp,79.32M,-,5,-
762,CAPN,Cayson Acquisition Corp,78.69M,-,115,-
763,HGBL,Heritage Global Inc.,78.50M,0.47%,24793,49.88M
764,TBNK,Territorial Bancorp Inc.,77.82M,0.22%,31154,36.40M
765,IROQ,"IF Bancorp, Inc.",77.23M,-0.62%,3625,24.23M
766,MSSA,Metal Sky Star Acquisition Corporation,76.82M,2.30%,1,-
767,FVN,Future Vision II Acquisition Corp.,76.33M,-0.22%,1628,-
768,EURK,Eureka Acquisition Corp,76.00M,0.10%,1316,-
769,CURR,CURRENC Group Inc.,75.84M,1.88%,164242,48.72M
770,RDAC,Rising Dragon Acquisition Corp.,75.67M,-,8467,-
771,AUBN,"Auburn National Bancorporation, Inc.",75.46M,-1.50%,1562,30.56M
772,UBCP,"United Bancorp, Inc.",72.42M,-2.27%,2125,29.23M
773,FDSB,"Fifth District Bancorp, Inc.",72.04M,-2.49%,8367,10.90M
774,IOR,"Income Opportunity Realty Investors, Inc.",71.32M,-2.56%,2367,-
775,FUSB,"First US Bancshares, Inc.",70.06M,-3.61%,2893,39.11M
776,OAKU,Oak Woods Acquisition Corporation,69.13M,-1.21%,141,-
777,ICCH,"ICC Holdings, Inc.",68.05M,-0.43%,8811,92.54M
778,BYFC,Broadway Financial Corporation,66.78M,-1.91%,2242,32.66M
779,AMTD,AMTD IDEA Group,66.71M,-,25765,46.93M
780,LRFC,Logan Ridge Finance Corporation,66.63M,2.42%,24751,19.94M
781,AIMAU,Aimfinity Investment Corp. I,66.34M,-9.01%,1126,-
782,RIBB,Ribbon Acquisition Corp.,65.22M,0.30%,5801,-
783,BAFN,BayFirst Financial Corp.,63.54M,1.49%,11202,83.77M
784,BOTJ,"Bank of the James Financial Group, Inc.",63.15M,2.58%,4294,43.92M
785,COLA,Columbus Acquisition Corp.,62.65M,0.10%,1036,-
786,GBBK,Global Blockchain Acquisition Corp.,61.83M,1.79%,1125,-
787,MDBH,"MDB Capital Holdings, LLC",61.30M,-1.44%,18693,1.94M
788,SDIG,"Stronghold Digital Mining, Inc.",61.21M,-4.57%,144446,76.39M
789,CPBI,"Central Plains Bancshares, Inc.",61.14M,0.07%,1020,18.26M
790,HPH,Highest Performances Holdings Inc.,60.43M,-7.98%,44448,287.00M
791,WAI,Top KingWin Ltd,59.90M,3.05%,68133,3.99M
792,FTII,FutureTech II Acquisition Corp.,59.58M,1.08%,1063,-
793,NSTS,"NSTS Bancorp, Inc.",58.90M,-1.15%,32462,6.12M
794,BAYA,Bayview Acquisition Corp,58.50M,-,11325,-
795,RAND,Rand Capital Corporation,56.81M,-0.59%,10647,8.35M
796,BOWN,Bowen Acquisition Corp,56.10M,-10.13%,6985,-
797,MATH,Metalpha Technology Holding Limited,56.00M,-6.75%,31498,16.76M
798,BUJA,Bukit Jalil Global Acquisition 1 Ltd,55.74M,-0.27%,607,-
799,COHN,Cohen & Company Inc.,54.98M,-,5909,89.56M
800,BCOW,"1895 Bancorp of Wisconsin, Inc.",54.23M,-1.71%,3702,11.83M
801,CLRC,ClimateRock,53.71M,-0.59%,631,-
802,GEG,"Great Elm Group, Inc.",53.54M,-1.10%,1954,18.52M
803,EMCG,Embrace Change Acquisition Corp.,53.52M,-,12,-
804,BTCS,BTCS Inc.,52.92M,-2.24%,441359,2.08M
805,TOP,TOP Financial Group Limited,52.22M,-1.40%,52375,2.73M
806,CLST,"Catalyst Bancorp, Inc.",51.57M,-0.56%,3399,5.17M
807,ALCY,Alchemy Investments Acquisition Corp 1,50.58M,0.90%,27,-
808,SSBI,Summit State Bank,49.88M,-1.34%,7039,25.78M
809,TBMC,Trailblazer Merger Corporation I,49.85M,-,49,-
810,ZBAO,Zhibao Technology Inc.,49.49M,1.29%,11903,25.27M
811,CFSB,"CFSB Bancorp, Inc.",49.10M,-0.65%,2232,7.46M
812,OPHC,"OptimumBank Holdings, Inc.",46.01M,-0.65%,27259,34.51M
813,BLAC,Bellevue Life Sciences Acquisition Corp.,45.87M,-2.16%,203,-
814,TCBS,"Texas Community Bancshares, Inc.",45.68M,0.06%,9060,9.86M
815,FORL,Four Leaf Acquisition Corporation,45.63M,-1.06%,10,-
816,FSEA,"First Seacoast Bancorp, Inc.",45.42M,-0.87%,290,11.39M
817,ICMB,"Investcorp Credit Management BDC, Inc.",44.80M,-0.32%,36848,24.83M
818,ASRV,"AmeriServ Financial, Inc.",44.77M,0.37%,10041,53.14M
819,YOTA,Yotta Acquisition Corporation,43.31M,0.43%,4,-
820,OMCC,Old Market Capital Corporation,42.32M,-2.15%,2175,22.18M
821,DMYY,"dMY Squared Technology Group, Inc.",41.93M,-,-,-
822,MGLD,"The Marygold Companies, Inc.",41.39M,-,38672,32.51M
823,WINV,WinVest Acquisition Corp.,41.08M,-2.79%,136,-
824,TURN,180 Degree Capital Corp.,40.10M,1.52%,37296,129.30K
825,DECA,Denali Capital Acquisition Corp.,39.89M,0.17%,750,-
826,GDST,Goldenstone Acquisition Limited,39.45M,-1.72%,156,-
827,ARBK,Argo Blockchain plc,39.23M,2.94%,1244698,52.87M
828,HFBL,"Home Federal Bancorp, Inc. of Louisiana",38.58M,-2.08%,1024,19.71M
829,DIST,Distoken Acquisition Corporation,35.94M,-0.09%,193,-
830,GLST,"Global Star Acquisition, Inc.",35.76M,-41.13%,23614,-
831,PBBK,"PB Bankshares, Inc.",34.76M,-1.01%,1342,11.88M
832,AAME,Atlantic American Corporation,34.48M,1.81%,2313,185.93M
833,BCG,"Binah Capital Group, Inc.",34.20M,-2.37%,17606,161.72M
834,GROW,"U.S. Global Investors, Inc.",33.27M,-0.81%,57628,10.01M
835,BNIX,Bannix Acquisition Corp.,32.76M,-1.37%,741,-
836,HUIZ,Huize Holding Limited,32.53M,-3.53%,6005,170.93M
837,AQU,Aquaron Acquisition Corp.,28.00M,-0.17%,1074,-
838,SHFS,"SHF Holdings, Inc.",27.72M,5.33%,110078,15.66M
839,RFAC,RF Acquisition Corp.,27.15M,-1.35%,3978,-
840,FGF,Fundamental Global Inc.,26.93M,-1.48%,10970,22.35M
841,OXBR,Oxbridge Re Holdings Limited,26.59M,-7.97%,54643,-1.78M
842,SWIN,Solowin Holdings,25.15M,2.98%,84669,2.42M
843,KFFB,Kentucky First Federal Bancorp,24.99M,-8.04%,11877,7.48M
844,PWM,Prestige Wealth Inc.,21.61M,19.35%,760848,348.53K
845,AIFU,AIX Inc.,21.43M,-3.47%,297451,324.92M
846,MCVT,"Mill City Ventures III, Ltd.",19.54M,0.66%,56186,3.23M
847,ANY,Sphere 3D Corp.,18.53M,-0.29%,257393,21.66M
848,EQS,"Equus Total Return, Inc.",18.34M,-2.17%,6289,1.14M
849,RMCO,Royalty Management Holding Corporation,17.47M,-0.85%,4500,695.79K
850,ABTS,Abits Group Inc.,16.50M,-4.33%,20009,5.34M
851,GRYP,"Gryphon Digital Mining, Inc.",16.34M,-3.90%,2422485,22.78M
852,SLNH,"Soluna Holdings, Inc.",15.99M,-1.55%,463048,39.87M
853,GREE,Greenidge Generation Holdings Inc.,15.55M,-6.85%,419312,64.38M
854,PT,Pintec Technology Holdings Limited,15.37M,-2.02%,7824,4.48M
855,GLBZ,Glen Burnie Bancorp,14.42M,-4.24%,5273,11.32M
856,SOS,SOS Limited,14.40M,-1.01%,21957,111.12M
857,MIGI,Mawson Infrastructure Group Inc.,13.95M,-0.92%,156724,58.22M
858,CWD,CaliberCos Inc.,13.93M,-2.97%,43956,66.38M
859,ZBAI,ATIF Holdings Limited,13.53M,-4.62%,1384,495.00K
860,MSPR,"MSP Recovery, Inc.",12.95M,-2.14%,10065,10.73M
861,CNFR,"Conifer Holdings, Inc.",12.47M,-0.96%,960,74.82M
862,MEGL,Magic Empire Global Limited,10.93M,-3.00%,123229,1.98M
863,LMFA,"LM Funding America, Inc.",9.65M,-4.57%,59964,12.84M
864,AIHS,Senmiao Technology Limited,9.57M,1.11%,9396,6.07M
865,MKDW,MKDWELL Tech Inc.,9.57M,1.95%,132124,3.67M
866,BSLK,"Bolt Projects Holdings, Inc.",9.22M,-1.42%,180065,1.49M
867,CARV,"Carver Bancorp, Inc.",9.20M,0.56%,4511,28.32M
868,GSIW,Garden Stage Limited,7.03M,-16.34%,488204,1.31M
869,PNBK,"Patriot National Bancorp, Inc.",6.20M,-5.45%,13941,27.30M
870,SNTG,Sentage Holdings Inc.,5.39M,10.34%,171847,146.47K
871,DXF,Eason Technology Limited,4.71M,45.01%,885174,-56.60M
872,BTOG,Bit Origin Ltd,4.54M,2.22%,10120,2.89M
873,PAPL,Pineapple Financial Inc.,4.40M,-,48250,2.89M
874,TIRX,Tian Ruixiang Holdings Ltd,4.34M,4.60%,29620,3.22M
875,LEGT,Legato Merger Corp. III,4.28M,0.19%,1052,-
876,NCPL,Netcapital Inc.,3.79M,2.49%,50952,1.70M
877,RELI,"Reliance Global Group, Inc.",3.37M,-5.29%,114290,14.08M
878,LGHL,Lion Group Holding Ltd.,3.34M,-3.91%,10703419,13.66M
879,BENF,Beneficient,3.14M,-2.81%,53131,-34.59M
