,Symbol,Company Name,Market Cap,% Change,Volume,Revenue
0,LLY,Eli Lilly and Company,730.32B,-1.48%,1755774,40.86B
1,UNH,UnitedHealth Group Incorporated,499.25B,-0.56%,2075013,400.28B
2,NVO,Novo Nordisk A/S,375.61B,-1.04%,5251891,40.47B
3,JNJ,Johnson & Johnson,366.32B,-0.47%,5281291,88.82B
4,ABBV,AbbVie Inc.,324.98B,4.70%,9434227,56.33B
5,MRK,"Merck & Co., Inc.",249.98B,-0.13%,7141001,63.17B
6,TMO,Thermo Fisher Scientific Inc.,228.64B,-1.48%,1751970,42.88B
7,ABT,Abbott Laboratories,221.89B,-0.68%,4127121,41.95B
8,AZN,AstraZeneca PLC,218.63B,-0.67%,3479725,51.21B
9,NVS,Novartis AG,207.60B,-0.03%,3663964,51.72B
10,ISRG,"Intuitive Surgical, Inc.",203.69B,-1.43%,1744265,8.35B
11,DHR,Danaher Corporation,160.17B,-0.15%,4785759,23.88B
12,AMGN,Amgen Inc.,153.42B,0.49%,3770578,32.53B
13,BSX,Boston Scientific Corporation,150.86B,-0.66%,4504011,15.91B
14,PFE,Pfizer Inc.,150.29B,-1.45%,37269448,59.38B
15,SYK,Stryker Corporation,149.17B,0.22%,1234251,22.60B
16,SNY,Sanofi,135.40B,0.35%,3180570,45.85B
17,GILD,"Gilead Sciences, Inc.",121.14B,0.26%,9358364,28.30B
18,BMY,Bristol-Myers Squibb Company,119.56B,-0.32%,6198054,47.44B
19,VRTX,Vertex Pharmaceuticals Incorporated,118.90B,5.31%,3630623,10.63B
20,MDT,Medtronic plc,116.46B,-1.27%,4872813,33.00B
21,ELV,"Elevance Health, Inc.",91.77B,-0.91%,859388,176.81B
22,HCA,"HCA Healthcare, Inc.",83.57B,-1.40%,824222,70.60B
23,CI,The Cigna Group,81.84B,3.97%,3245765,247.12B
24,ZTS,Zoetis Inc.,77.10B,-1.05%,1974677,9.15B
25,MCK,McKesson Corporation,75.50B,-1.63%,537489,330.19B
26,REGN,"Regeneron Pharmaceuticals, Inc.",72.41B,-1.48%,938888,13.85B
27,BDX,"Becton, Dickinson and Company",71.81B,-0.36%,2158688,20.18B
28,GSK,GSK plc,71.26B,-0.25%,5112044,41.97B
29,CVS,CVS Health Corporation,71.07B,-0.60%,7575593,367.25B
30,COR,"Cencora, Inc.",49.28B,-1.64%,1174846,293.96B
31,ALC,Alcon Inc.,45.54B,-1.33%,2136528,9.76B
32,A,"Agilent Technologies, Inc.",43.27B,0.09%,1403043,6.51B
33,TAK,Takeda Pharmaceutical Company Limited,43.07B,-2.26%,2315201,29.12B
34,EW,Edwards Lifesciences Corporation,42.73B,-1.05%,1944510,6.31B
35,HLN,Haleon plc,42.17B,-1.04%,15365694,15.07B
36,ARGX,argenx SE,40.61B,-1.58%,209320,1.91B
37,GEHC,GE HealthCare Technologies Inc.,40.34B,-1.40%,1638051,19.56B
38,VEEV,Veeva Systems Inc.,37.87B,-1.61%,876911,2.66B
39,IQV,IQVIA Holdings Inc.,36.55B,-0.21%,889854,15.32B
40,HUM,Humana Inc.,35.31B,-1.24%,1046489,115.01B
41,ALNY,"Alnylam Pharmaceuticals, Inc.",34.99B,-2.11%,630063,2.09B
42,RMD,ResMed Inc.,34.68B,-8.33%,2176320,4.93B
43,IDXX,"IDEXX Laboratories, Inc.",34.56B,-0.46%,903361,3.84B
44,DXCM,"DexCom, Inc.",33.92B,-0.90%,2321704,3.95B
45,CNC,Centene Corporation,32.33B,-0.91%,2585030,146.20B
46,CAH,"Cardinal Health, Inc.",29.87B,-3.59%,6025669,222.28B
47,BNTX,BioNTech SE,29.67B,2.39%,854574,3.39B
48,MTD,Mettler-Toledo International Inc.,28.79B,-,102610,3.76B
49,PHG,Koninklijke Philips N.V.,25.90B,-1.64%,683703,20.12B
50,WST,"West Pharmaceutical Services, Inc.",24.74B,-0.69%,275112,2.88B
51,WAT,Waters Corporation,24.67B,-0.43%,243449,2.91B
52,ONC,"BeiGene, Ltd.",23.98B,-0.84%,154753,3.35B
53,NTRA,"Natera, Inc.",23.36B,0.37%,1212189,1.53B
54,ZBH,"Zimmer Biomet Holdings, Inc.",21.79B,-1.03%,1048883,7.60B
55,STE,STERIS plc,21.78B,-0.47%,448228,5.33B
56,ILMN,"Illumina, Inc.",21.05B,-0.20%,1253056,4.39B
57,BIIB,Biogen Inc.,20.97B,-1.57%,1355292,9.61B
58,LH,Labcorp Holdings Inc.,20.89B,-0.69%,448392,12.71B
59,TEVA,Teva Pharmaceutical Industries Limited,20.12B,-0.62%,13976327,16.54B
60,PODD,Insulet Corporation,19.53B,-0.59%,508290,1.98B
61,COO,"The Cooper Companies, Inc.",19.27B,-1.58%,1104827,3.90B
62,RPRX,Royalty Pharma plc,18.61B,-0.03%,4004228,2.27B
63,DGX,Quest Diagnostics Incorporated,18.10B,-0.65%,1211861,9.87B
64,MOH,"Molina Healthcare, Inc.",17.76B,-0.79%,322155,37.54B
65,BAX,Baxter International Inc.,16.62B,-1.63%,3828067,15.06B
66,ICLR,ICON Public Limited Company,16.44B,-1.31%,473223,8.31B
67,ALGN,"Align Technology, Inc.",16.36B,-2.77%,1207683,3.96B
68,HOLX,"Hologic, Inc.",16.28B,-0.04%,1595137,4.03B
69,SMMT,Summit Therapeutics Inc.,15.86B,-3.85%,2066891,-
70,UTHR,United Therapeutics Corporation,15.68B,-0.32%,361362,2.76B
71,NBIX,"Neurocrine Biosciences, Inc.",15.37B,-0.96%,746292,2.24B
72,RVTY,"Revvity, Inc.",15.35B,-0.56%,1210150,2.76B
73,MRNA,"Moderna, Inc.",15.17B,-3.95%,6488734,5.08B
74,AVTR,"Avantor, Inc.",15.16B,0.27%,4133387,6.82B
75,FMS,Fresenius Medical Care AG,14.65B,-0.28%,331440,21.46B
76,DVA,DaVita Inc.,14.45B,-0.17%,380672,12.67B
77,INCY,Incyte Corporation,14.29B,0.53%,1102615,4.08B
78,INSM,Insmed Incorporated,13.70B,0.38%,2070041,342.96M
79,ITCI,"Intra-Cellular Therapies, Inc.",13.50B,0.06%,1435756,613.73M
80,VTRS,Viatris Inc.,13.46B,-1.23%,25725489,15.05B
81,THC,Tenet Healthcare Corporation,13.40B,-1.63%,644487,20.97B
82,SOLV,Solventum Corporation,12.79B,-1.65%,765714,8.22B
83,GMED,"Globus Medical, Inc.",12.63B,-0.43%,979552,2.48B
84,GMAB,Genmab A/S,12.61B,-0.71%,1290026,2.97B
85,UHS,"Universal Health Services, Inc.",12.44B,-0.39%,237563,15.42B
86,BMRN,BioMarin Pharmaceutical Inc.,12.08B,-0.81%,1132691,2.75B
87,RDY,Dr. Reddy's Laboratories Limited,11.72B,0.07%,1544152,3.64B
88,TECH,Bio-Techne Corporation,11.69B,1.09%,912528,1.17B
89,SNN,Smith & Nephew plc,11.19B,-1.09%,365283,5.64B
90,DOCS,"Doximity, Inc.",11.03B,0.22%,1826497,516.85M
91,PCVX,"Vaxcyte, Inc.",11.01B,-3.95%,810734,-
92,SRPT,"Sarepta Therapeutics, Inc.",10.86B,-0.64%,687428,1.64B
93,MEDP,"Medpace Holdings, Inc.",10.83B,-0.25%,223287,2.07B
94,ATR,"AptarGroup, Inc.",10.46B,-0.62%,834143,3.57B
95,EXAS,Exact Sciences Corporation,10.37B,0.04%,1358921,2.69B
96,PEN,"Penumbra, Inc.",10.25B,-0.75%,490002,1.16B
97,BIO,"Bio-Rad Laboratories, Inc.",10.10B,0.56%,162710,2.58B
98,BIO.B,"Bio-Rad Laboratories, Inc.",10.09B,-,-,2.58B
99,EHC,Encompass Health Corporation,10.00B,0.87%,1031410,5.22B
100,HSIC,"Henry Schein, Inc.",9.97B,-0.04%,1217875,12.50B
101,QGEN,Qiagen N.V.,9.65B,0.29%,700927,1.97B
102,HQY,"HealthEquity, Inc.",9.57B,-0.14%,789043,1.15B
103,EXEL,"Exelixis, Inc.",9.47B,0.67%,1877637,2.08B
104,MASI,Masimo Corporation,9.33B,-4.11%,538260,2.04B
105,RGEN,Repligen Corporation,9.31B,-0.79%,319917,633.51M
106,TEM,"Tempus AI, Inc",9.04B,0.35%,17723145,640.44M
107,WBA,"Walgreens Boots Alliance, Inc.",8.88B,-10.30%,91295110,150.41B
108,BRKR,Bruker Corporation,8.82B,2.02%,1307806,3.24B
109,GKOS,Glaukos Corporation,8.62B,-0.83%,358309,360.35M
110,CRL,"Charles River Laboratories International, Inc.",8.43B,-0.49%,620307,4.06B
111,CHE,Chemed Corporation,8.39B,0.12%,109625,2.38B
112,TFX,Teleflex Incorporated,8.37B,-1.42%,357224,3.03B
113,ROIV,Roivant Sciences Ltd.,8.10B,-2.11%,3140849,129.13M
114,ENSG,"The Ensign Group, Inc.",7.95B,-2.20%,982865,4.11B
115,RVMD,"Revolution Medicines, Inc.",7.94B,-0.28%,1351251,742.00K
116,ASND,Ascendis Pharma A/S,7.81B,2.64%,358219,365.19M
117,JAZZ,Jazz Pharmaceuticals plc,7.52B,-0.54%,635785,3.99B
118,MDGL,"Madrigal Pharmaceuticals, Inc.",7.30B,-1.03%,260524,76.81M
119,HALO,"Halozyme Therapeutics, Inc.",7.21B,0.39%,1249886,947.36M
120,BPMC,Blueprint Medicines Corporation,7.15B,-1.33%,578597,434.42M
121,CORT,Corcept Therapeutics Incorporated,7.01B,-4.26%,1476189,628.56M
122,LEGN,Legend Biotech Corporation,6.99B,2.36%,1068247,520.18M
123,WAY,Waystar Holding Corp.,6.92B,-3.25%,838935,906.14M
124,BBIO,"BridgeBio Pharma, Inc.",6.47B,-4.89%,2988065,217.77M
125,LNTH,"Lantheus Holdings, Inc.",6.43B,-0.30%,763793,1.50B
126,MMSI,"Merit Medical Systems, Inc.",6.35B,-1.28%,485609,1.33B
127,TLX,Telix Pharmaceuticals Limited,6.16B,1.92%,29061,430.80M
128,STVN,Stevanato Group S.p.A.,6.12B,2.19%,237501,1.22B
129,BLCO,Bausch + Lomb Corporation,6.11B,-1.70%,361976,4.68B
130,NUVL,"Nuvalent, Inc.",6.10B,-2.21%,325565,-
131,ELAN,Elanco Animal Health Incorporated,5.95B,-3.53%,5296083,4.45B
132,CYTK,"Cytokinetics, Incorporated",5.84B,-1.02%,1099055,3.22M
133,GH,"Guardant Health, Inc.",5.80B,-5.93%,2398240,692.26M
134,INSP,"Inspire Medical Systems, Inc.",5.80B,-0.63%,373716,755.59M
135,GRFS,"Grifols, S.A.",5.41B,-0.29%,589470,7.81B
136,OPCH,"Option Care Health, Inc.",5.26B,-1.53%,1332251,4.78B
137,AXSM,"Axsome Therapeutics, Inc.",5.16B,-2.20%,979458,338.46M
138,ALKS,Alkermes plc,5.10B,-1.19%,1933914,1.51B
139,IONS,"Ionis Pharmaceuticals, Inc.",5.04B,-4.26%,2360126,803.07M
140,RDNT,"RadNet, Inc.",4.85B,-3.69%,637884,1.77B
141,ITGR,Integer Holdings Corporation,4.77B,-0.90%,166087,1.71B
142,VRNA,Verona Pharma plc,4.69B,0.10%,1054496,5.62M
143,NARI,"Inari Medical, Inc.",4.68B,-0.03%,748968,574.50M
144,KRYS,"Krystal Biotech, Inc.",4.59B,2.35%,193597,241.52M
145,TGTX,"TG Therapeutics, Inc.",4.55B,-4.98%,1976095,264.79M
146,ACHC,"Acadia Healthcare Company, Inc.",4.19B,0.02%,895592,3.12B
147,BTSG,"BrightSpring Health Services, Inc.",4.11B,-2.64%,1920981,10.59B
148,OSCR,"Oscar Health, Inc.",4.10B,-4.05%,2696522,8.22B
149,ICUI,"ICU Medical, Inc.",4.02B,-0.93%,391803,2.34B
150,OGN,Organon & Co.,4.01B,-2.57%,2240704,6.41B
151,RARE,Ultragenyx Pharmaceutical Inc.,3.97B,-0.85%,426980,522.75M
152,RNA,"Avidity Biosciences, Inc.",3.93B,0.92%,1458102,10.12M
153,XRAY,DENTSPLY SIRONA Inc.,3.93B,-2.71%,1663600,3.90B
154,PRCT,PROCEPT BioRobotics Corporation,3.92B,1.30%,516185,199.84M
155,SHC,Sotera Health Company,3.88B,-1.72%,749537,1.12B
156,BHVN,Biohaven Ltd.,3.87B,-1.92%,575988,-
157,ALVO,Alvotech,3.84B,2.50%,819899,393.92M
158,ADMA,"ADMA Biologics, Inc.",3.82B,0.31%,2342276,382.81M
159,PBH,Prestige Consumer Healthcare Inc.,3.79B,-2.10%,300035,1.11B
160,SRRK,Scholar Rock Holding Corporation,3.78B,-0.05%,1560117,-
161,AKRO,"Akero Therapeutics, Inc.",3.77B,-2.31%,1374809,-
162,CRNX,"Crinetics Pharmaceuticals, Inc.",3.74B,0.10%,862226,1.04M
163,IMVT,"Immunovant, Inc.",3.69B,-1.50%,1469318,-
164,ACLX,"Arcellx, Inc.",3.68B,0.81%,804432,155.82M
165,RYTM,"Rhythm Pharmaceuticals, Inc.",3.65B,0.35%,402344,112.53M
166,VKTX,"Viking Therapeutics, Inc.",3.65B,-2.79%,3994944,-
167,APLS,"Apellis Pharmaceuticals, Inc.",3.61B,-4.54%,1426582,715.22M
168,CRSP,CRISPR Therapeutics AG,3.55B,-1.07%,2027889,202.83M
169,PTCT,"PTC Therapeutics, Inc.",3.54B,-0.59%,965575,900.66M
170,NVST,Envista Holdings Corporation,3.53B,-4.16%,2143085,2.50B
171,VCYT,"Veracyte, Inc.",3.52B,-1.43%,680438,425.33M
172,HAE,Haemonetics Corporation,3.47B,-0.60%,975982,1.36B
173,IRTC,"iRhythm Technologies, Inc.",3.41B,1.03%,369326,560.03M
174,PRGO,Perrigo Company plc,3.40B,-0.08%,891496,4.39B
175,DNLI,Denali Therapeutics Inc.,3.35B,-1.19%,1042169,-
176,WRBY,Warby Parker Inc.,3.33B,-2.50%,1232283,742.53M
177,SGRY,"Surgery Partners, Inc.",3.22B,-1.01%,1254797,2.99B
178,TWST,Twist Bioscience Corporation,3.12B,2.41%,1127516,312.97M
179,ACAD,ACADIA Pharmaceuticals Inc.,3.10B,-0.16%,1190362,929.24M
180,LFST,"LifeStance Health Group, Inc.",3.05B,-1.85%,871051,1.21B
181,XENE,Xenon Pharmaceuticals Inc.,3.05B,-1.21%,598983,-
182,AMED,"Amedisys, Inc.",3.03B,0.10%,266010,2.32B
183,CON,"Concentra Group Holdings Parent, Inc.",2.97B,-0.60%,889850,1.88B
184,ZLAB,Zai Lab Limited,2.96B,-2.33%,671091,355.75M
185,ALHC,"Alignment Healthcare, Inc.",2.95B,1.25%,1564983,2.47B
186,QDEL,QuidelOrtho Corporation,2.92B,0.70%,536629,2.82B
187,MLTX,MoonLake Immunotherapeutics,2.90B,-2.40%,323731,-
188,VCEL,Vericel Corporation,2.89B,-1.20%,299780,226.84M
189,FOLD,"Amicus Therapeutics, Inc.",2.86B,-0.62%,1742711,493.67M
190,RXRX,"Recursion Pharmaceuticals, Inc.",2.86B,-5.85%,20993034,65.18M
191,MRUS,Merus N.V.,2.80B,-1.52%,264943,35.93M
192,SWTX,"SpringWorks Therapeutics, Inc.",2.79B,0.73%,1038463,135.49M
193,PRVA,"Privia Health Group, Inc.",2.74B,1.38%,795892,1.72B
194,BHC,Bausch Health Companies Inc.,2.73B,-0.40%,1455040,9.47B
195,PDCO,"Patterson Companies, Inc.",2.73B,-0.13%,829996,6.55B
196,MTSR,"Metsera, Inc.",2.73B,47.22%,4452483,-
197,LIVN,LivaNova PLC,2.71B,-1.36%,558630,1.24B
198,CPRX,"Catalyst Pharmaceuticals, Inc.",2.69B,-2.72%,1038401,460.48M
199,EWTX,"Edgewise Therapeutics, Inc.",2.65B,0.07%,644989,-
200,NVCR,NovoCure Limited,2.65B,-3.88%,665158,577.74M
201,KYMR,"Kymera Therapeutics, Inc.",2.56B,-2.13%,392629,87.56M
202,AMRX,"Amneal Pharmaceuticals, Inc.",2.56B,-3.73%,1244297,2.68B
203,SEM,Select Medical Holdings Corporation,2.54B,-0.81%,446477,6.97B
204,IBRX,"ImmunityBio, Inc.",2.52B,-0.58%,5905376,7.33M
205,MESO,Mesoblast Limited,2.51B,3.18%,387151,5.90M
206,JANX,"Janux Therapeutics, Inc.",2.51B,-2.92%,665013,13.05M
207,NEOG,Neogen Corporation,2.49B,-0.17%,1534063,913.83M
208,ARWR,"Arrowhead Pharmaceuticals, Inc.",2.47B,-1.73%,1213480,3.55M
209,AZTA,"Azenta, Inc.",2.47B,0.26%,510427,656.32M
210,TNDM,"Tandem Diabetes Care, Inc.",2.43B,0.14%,581089,854.35M
211,NAMS,NewAmsterdam Pharma Company N.V.,2.39B,2.39%,1289408,33.59M
212,VERA,"Vera Therapeutics, Inc.",2.36B,-0.53%,459557,-
213,APGE,"Apogee Therapeutics, Inc.",2.35B,-2.68%,320608,-
214,MIRM,"Mirum Pharmaceuticals, Inc.",2.35B,0.91%,441123,307.03M
215,HCM,HUTCHMED (China) Limited,2.33B,-2.10%,42034,610.81M
216,CERT,"Certara, Inc.",2.29B,1.64%,1094947,372.80M
217,CGON,"CG Oncology, Inc.",2.29B,-0.27%,539084,684.00K
218,TMDX,"TransMedics Group, Inc.",2.27B,0.90%,1326469,401.09M
219,PACS,"PACS Group, Inc.",2.25B,4.38%,912179,3.56B
220,PTGX,"Protagonist Therapeutics, Inc.",2.25B,-3.37%,624179,323.80M
221,ADUS,Addus HomeCare Corporation,2.24B,-0.93%,153437,1.13B
222,CNTA,Centessa Pharmaceuticals plc,2.23B,0.06%,728644,6.85M
223,CNMD,CONMED Corporation,2.22B,1.30%,355763,1.29B
224,HRMY,"Harmony Biosciences Holdings, Inc.",2.21B,-1.95%,417375,681.88M
225,LGND,Ligand Pharmaceuticals Incorporated,2.20B,-1.76%,68016,152.42M
226,CLOV,"Clover Health Investments, Corp.",2.20B,-0.90%,4757312,2.12B
227,LMAT,"LeMaitre Vascular, Inc.",2.18B,-3.22%,183295,213.03M
228,PINC,"Premier, Inc.",2.18B,-1.48%,1111271,1.33B
229,SLNO,"Soleno Therapeutics, Inc.",2.17B,0.78%,343883,-
230,ARDT,"Ardent Health Partners, Inc.",2.14B,-0.33%,239098,5.71B
231,SUPN,"Supernus Pharmaceuticals, Inc.",2.12B,-0.83%,299117,651.97M
232,UFPT,"UFP Technologies, Inc.",2.11B,-0.47%,44160,461.85M
233,IDYA,"IDEAYA Biosciences, Inc.",2.10B,1.97%,950178,3.92M
234,OMCL,"Omnicell, Inc.",2.08B,-0.71%,379693,1.06B
235,BEAM,Beam Therapeutics Inc.,2.06B,-4.99%,880768,349.64M
236,WGS,GeneDx Holdings Corp.,2.06B,-3.87%,389331,267.23M
237,TARS,"Tarsus Pharmaceuticals, Inc.",2.06B,3.90%,284359,129.62M
238,IART,Integra LifeSciences Holdings Corporation,2.01B,-0.91%,599107,1.56B
239,PGNY,"Progyny, Inc.",1.97B,-1.57%,1591242,1.14B
240,AGIO,"Agios Pharmaceuticals, Inc.",1.96B,-0.43%,660651,32.87M
241,ATRC,"AtriCure, Inc.",1.94B,-1.80%,398927,447.57M
242,IRON,"Disc Medicine, Inc.",1.88B,0.36%,310001,-
243,NEO,"NeoGenomics, Inc.",1.84B,-3.38%,558284,644.12M
244,GDRX,"GoodRx Holdings, Inc.",1.84B,-3.64%,1016301,790.39M
245,SDGR,"Schrödinger, Inc.",1.83B,-1.40%,777180,193.35M
246,TXG,"10x Genomics, Inc.",1.82B,-0.53%,1767193,629.74M
247,ASTH,"Astrana Health, Inc.",1.81B,0.14%,265925,1.72B
248,BLTE,"Belite Bio, Inc",1.79B,-2.62%,34143,-
249,IOVA,"Iovance Biotherapeutics, Inc.",1.78B,-5.80%,8880221,90.86M
250,TVTX,"Travere Therapeutics, Inc.",1.78B,-2.80%,1040594,203.45M
251,WVE,Wave Life Sciences Ltd.,1.76B,-4.06%,979813,53.61M
252,TDOC,"Teladoc Health, Inc.",1.75B,-1.74%,2909476,2.59B
253,GERN,Geron Corporation,1.73B,-0.35%,10498315,29.48M
254,GPCR,Structure Therapeutics Inc.,1.72B,-1.15%,392232,-
255,DVAX,Dynavax Technologies Corporation,1.72B,0.31%,974824,260.81M
256,AMPH,"Amphastar Pharmaceuticals, Inc.",1.68B,-4.12%,499909,723.55M
257,ATEC,"Alphatec Holdings, Inc.",1.67B,0.34%,1430646,572.74M
258,PHR,"Phreesia, Inc.",1.65B,-1.86%,306682,405.14M
259,IMCR,Immunocore Holdings plc,1.65B,0.83%,185266,296.31M
260,BCRX,"BioCryst Pharmaceuticals, Inc.",1.64B,0.38%,1760233,412.58M
261,CLDX,"Celldex Therapeutics, Inc.",1.62B,-3.05%,677748,9.98M
262,MNKD,MannKind Corporation,1.60B,-3.02%,2885893,267.20M
263,EVO,Evotec SE,1.59B,0.67%,106211,866.67M
264,NHC,National HealthCare Corporation,1.59B,2.33%,84866,1.22B
265,ARQT,"Arcutis Biotherapeutics, Inc.",1.55B,-3.15%,1589199,138.71M
266,VRDN,"Viridian Therapeutics, Inc.",1.54B,-3.49%,775878,302.00K
267,GLPG,Galapagos NV,1.52B,-0.04%,203962,290.09M
268,FTRE,Fortrea Holdings Inc.,1.51B,0.36%,1556897,2.98B
269,NRIX,"Nurix Therapeutics, Inc.",1.50B,-1.52%,736729,54.55M
270,INDV,Indivior PLC,1.48B,-2.46%,427547,1.18B
271,AAPG,Ascentage Pharma Group International,1.48B,0.45%,63349,124.27M
272,PRAX,"Praxis Precision Medicines, Inc.",1.47B,0.46%,341727,1.61M
273,INMD,InMode Ltd.,1.46B,-0.35%,898045,423.75M
274,DYN,"Dyne Therapeutics, Inc.",1.45B,0.57%,2118691,-
275,GRDN,"Guardian Pharmacy Services, Inc.",1.44B,0.53%,63049,1.17B
276,VIR,"Vir Biotechnology, Inc.",1.43B,0.87%,970594,78.62M
277,AHCO,AdaptHealth Corp.,1.42B,1.03%,779571,3.26B
278,KNSA,"Kiniksa Pharmaceuticals International, plc",1.42B,-1.41%,264438,384.10M
279,NVAX,"Novavax, Inc.",1.39B,-3.55%,3081990,885.19M
280,AGL,"agilon health, inc.",1.38B,-6.96%,4710621,5.59B
281,RXST,"RxSight, Inc.",1.37B,3.07%,661968,128.29M
282,SYRE,"Spyre Therapeutics, Inc.",1.35B,3.23%,538100,-
283,USPH,"U.S. Physical Therapy, Inc.",1.34B,-0.35%,88963,639.06M
284,AORT,"Artivion, Inc.",1.30B,-1.31%,310710,384.90M
285,PLSE,"Pulse Biosciences, Inc.",1.29B,6.46%,285627,-
286,XNCR,"Xencor, Inc.",1.28B,-1.19%,596459,85.16M
287,MDXG,"MiMedx Group, Inc.",1.28B,-2.36%,428267,342.80M
288,ARDX,"Ardelyx, Inc.",1.27B,-,4694236,251.85M
289,BLFS,"BioLife Solutions, Inc.",1.27B,-1.43%,166354,146.96M
290,SPRY,"ARS Pharmaceuticals, Inc.",1.27B,-8.89%,2011729,2.57M
291,CDNA,"CareDx, Inc",1.25B,1.39%,698491,312.78M
292,DAWN,"Day One Biopharmaceuticals, Inc.",1.25B,-3.81%,821513,101.95M
293,MRVI,"Maravai LifeSciences Holdings, Inc.",1.24B,-2.38%,1330414,276.92M
294,PCRX,"Pacira BioSciences, Inc.",1.22B,0.34%,810771,694.96M
295,OCUL,"Ocular Therapeutix, Inc.",1.21B,-1.03%,1024131,61.44M
296,ARVN,"Arvinas, Inc.",1.21B,-1.57%,650766,161.10M
297,SNDX,"Syndax Pharmaceuticals, Inc.",1.21B,-0.28%,2200163,16.00M
298,LQDA,Liquidia Corporation,1.20B,-1.25%,837901,15.61M
299,EVH,"Evolent Health, Inc.",1.20B,-1.23%,1782842,2.46B
300,STAA,STAAR Surgical Company,1.19B,0.92%,538251,341.22M
301,WEAV,"Weave Communications, Inc.",1.19B,-0.43%,1052150,195.84M
302,MD,"Pediatrix Medical Group, Inc.",1.18B,-2.98%,253100,2.01B
303,RCUS,"Arcus Biosciences, Inc.",1.18B,-3.59%,547535,263.00M
304,INVA,"Innoviva, Inc.",1.17B,-1.38%,481856,352.75M
305,MYGN,"Myriad Genetics, Inc.",1.15B,-1.86%,1430258,823.60M
306,ANIP,"ANI Pharmaceuticals, Inc.",1.14B,-1.54%,115439,555.46M
307,ADPT,Adaptive Biotechnologies Corporation,1.14B,-1.40%,814434,177.28M
308,AUPH,Aurinia Pharmaceuticals Inc.,1.14B,-0.63%,1072717,220.36M
309,ETNB,"89bio, Inc.",1.13B,-0.41%,2813891,-
310,RCKT,"Rocket Pharmaceuticals, Inc.",1.12B,0.47%,1798888,-
311,OMI,"Owens & Minor, Inc.",1.10B,-2.47%,293149,10.66B
312,HROW,"Harrow, Inc.",1.09B,-3.06%,799335,169.14M
313,FNA,"Paragon 28, Inc.",1.09B,-0.08%,1808240,245.00M
314,REPL,"Replimune Group, Inc.",1.08B,2.64%,592857,-
315,ELVN,"Enliven Therapeutics, Inc.",1.07B,2.77%,201088,-
316,NTLA,"Intellia Therapeutics, Inc.",1.05B,-1.81%,2160446,43.09M
317,AMN,"AMN Healthcare Services, Inc.",1.05B,-2.06%,574822,3.07B
318,EMBC,Embecta Corp.,1.04B,-2.34%,325239,1.12B
319,COLL,"Collegium Pharmaceutical, Inc.",1.04B,-1.20%,215142,599.25M
320,COGT,"Cogent Biosciences, Inc.",1.03B,-3.22%,1910682,-
321,OPK,"OPKO Health, Inc.",1.02B,0.66%,3302328,711.41M
322,BBNX,"Beta Bionic, Inc.",1.02B,0.76%,893975,53.03M
323,GRAL,"GRAIL, Inc.",1.02B,-3.90%,1647545,117.67M
324,ZYME,Zymeworks Inc.,1.01B,-0.95%,259847,62.20M
325,HSTM,"HealthStream, Inc.",993.05M,-0.52%,111336,287.99M
326,GYRE,"Gyre Therapeutics, Inc.",987.81M,0.09%,40311,105.03M
327,TLRY,"Tilray Brands, Inc.",984.54M,-7.08%,37937674,829.22M
328,AVBP,"ArriVent BioPharma, Inc.",961.72M,-1.89%,121065,-
329,OCS,Oculis Holding AG,960.96M,2.51%,86021,1.03M
330,PHVS,Pharvaris N.V.,954.50M,-0.73%,50712,-
331,ABCL,AbCellera Biologics Inc.,936.31M,-1.86%,3075328,32.96M
332,BCYC,Bicycle Therapeutics plc,924.53M,4.86%,772713,36.90M
333,BKD,Brookdale Senior Living Inc.,922.35M,-2.53%,2447132,2.95B
334,BKDT,Brookdale Senior Living Inc.,922.35M,-0.42%,4890,2.95B
335,PNTG,"The Pennant Group, Inc.",909.20M,-3.68%,147468,652.30M
336,ESTA,Establishment Labs Holdings Inc.,897.33M,-5.07%,437466,153.07M
337,BGM,BGM Group Ltd.,894.44M,-2.95%,9013,-
338,AVAH,Aveanna Healthcare Holdings Inc.,888.84M,-4.17%,199871,1.98B
339,EOLS,"Evolus, Inc.",884.60M,-1.69%,950783,248.33M
340,PAHC,Phibro Animal Health Corporation,883.38M,-0.77%,133320,1.05B
341,OPT,Opthea Limited,875.35M,1.28%,28700,261.86K
342,CVAC,CureVac N.V.,850.15M,-0.79%,491485,70.57M
343,BFLY,"Butterfly Network, Inc.",850.12M,-2.45%,6553952,76.22M
344,CBLL,"CeriBell, Inc.",824.32M,-3.32%,86720,60.04M
345,HCSG,"Healthcare Services Group, Inc.",812.80M,-0.89%,328008,1.70B
346,AXGN,"Axogen, Inc.",801.39M,-0.33%,210609,180.86M
347,TECX,"Tectonic Therapeutic, Inc.",798.71M,-1.28%,430629,-
348,CDMO,"Avid Bioservices, Inc.",798.26M,0.16%,2352050,150.45M
349,CSTL,"Castle Biosciences, Inc.",791.77M,0.18%,306589,311.88M
350,AVXL,Anavex Life Sciences Corp.,786.24M,-3.13%,1484042,-
351,NUVB,Nuvation Bio Inc.,777.47M,-3.75%,1997557,2.16M
352,QURE,uniQure N.V.,767.22M,-0.32%,852556,28.59M
353,PRTA,Prothena Corporation plc,765.70M,-3.20%,306557,133.35M
354,AVDL,Avadel Pharmaceuticals plc,761.26M,2.73%,1329008,138.16M
355,TYRA,"Tyra Biosciences, Inc.",760.64M,-1.70%,330777,-
356,DH,Definitive Healthcare Corp.,752.89M,-1.22%,338259,255.85M
357,SEPN,"Septerna, Inc.",750.85M,-4.52%,308795,981.00K
358,IRMD,IRADIMED CORPORATION,750.39M,-1.82%,28816,71.31M
359,RLAY,"Relay Therapeutics, Inc.",748.20M,-1.54%,926578,10.01M
360,AVNS,"Avanos Medical, Inc.",743.23M,-1.32%,319504,681.50M
361,ORIC,"ORIC Pharmaceuticals, Inc.",735.31M,-3.25%,1355006,-
362,CRON,Cronos Group Inc.,721.11M,-1.55%,1395813,111.23M
363,SANA,"Sana Biotechnology, Inc.",718.93M,-7.74%,3638545,-
364,DNA,"Ginkgo Bioworks Holdings, Inc.",709.18M,-3.95%,1579666,217.95M
365,SIBN,"SI-BONE, Inc.",702.88M,-1.64%,239050,157.04M
366,LENZ,"LENZ Therapeutics, Inc.",702.10M,0.20%,132505,-
367,OFIX,Orthofix Medical Inc.,700.47M,-1.72%,156003,784.25M
368,MAZE,"Maze Therapeutics, Inc.",698.24M,-0.31%,1572978,167.50M
369,BVS,Bioventus Inc.,698.13M,0.28%,480814,555.06M
370,SLP,"Simulations Plus, Inc.",689.57M,0.15%,171765,74.44M
371,IMNM,"Immunome, Inc.",688.46M,4.95%,2546048,10.13M
372,BCAX,Bicara Therapeutics Inc.,686.73M,-2.25%,468764,-
373,CAPR,"Capricor Therapeutics, Inc.",683.87M,-1.05%,730277,23.23M
374,CTKB,"Cytek Biosciences, Inc.",663.37M,-9.01%,928974,201.21M
375,DNTH,"Dianthus Therapeutics, Inc.",655.57M,1.75%,269539,5.37M
376,PLRX,"Pliant Therapeutics, Inc.",654.18M,0.84%,519315,-
377,IMTX,Immatics N.V.,652.88M,1.30%,1354633,128.82M
378,VERV,"Verve Therapeutics, Inc.",644.29M,2.70%,1269975,24.40M
379,AUNA,Auna S.A.,639.39M,0.82%,32470,1.17B
380,ABUS,Arbutus Biopharma Corporation,631.01M,0.91%,638872,6.74M
381,TMCI,"Treace Medical Concepts, Inc.",626.09M,0.20%,313982,202.86M
382,CRMD,CorMedix Inc.,623.15M,-6.38%,1335467,12.26M
383,KURA,"Kura Oncology, Inc.",615.11M,-1.49%,1184507,-
384,CGEM,"Cullinan Therapeutics, Inc.",614.88M,-3.83%,390636,-
385,PHAR,Pharming Group N.V.,612.36M,-0.45%,3887,285.75M
386,EBS,Emergent BioSolutions Inc.,609.57M,1.26%,1027018,1.13B
387,STOK,"Stoke Therapeutics, Inc.",608.06M,4.46%,870681,16.74M
388,RAPP,"Rapport Therapeutics, Inc.",600.22M,-1.44%,127197,-
389,CCRN,"Cross Country Healthcare, Inc.",597.91M,-0.11%,184631,1.45B
390,HUMA,"Humacyte, Inc.",589.30M,-2.97%,1677414,-
391,AUTL,Autolus Therapeutics plc,588.13M,0.45%,1022086,10.09M
392,KIDS,OrthoPediatrics Corp.,581.18M,-0.58%,153023,189.67M
393,UPB,"Upstream Bio, Inc.",577.24M,-2.09%,242086,2.21M
394,LAB,Standard BioTools Inc.,577.00M,-3.73%,1629734,155.90M
395,SENS,"Senseonics Holdings, Inc.",571.99M,-11.85%,17008464,22.21M
396,VREX,Varex Imaging Corporation,566.51M,-1.79%,509163,811.00M
397,SVRA,Savara Inc.,565.54M,-3.57%,491556,-
398,ACCD,"Accolade, Inc.",562.12M,0.15%,1677369,446.72M
399,GHRS,GH Research PLC,551.50M,9.39%,102014,-
400,ANAB,"AnaptysBio, Inc.",545.59M,2.93%,317079,57.17M
401,EYPT,"EyePoint Pharmaceuticals, Inc.",536.72M,-4.97%,608741,45.71M
402,ERAS,"Erasca, Inc.",534.35M,0.53%,1556891,-
403,XERS,"Xeris Biopharma Holdings, Inc.",530.73M,-2.73%,1873363,187.36M
404,TALK,"Talkspace, Inc.",523.66M,-1.27%,1078640,181.29M
405,INNV,InnovAge Holding Corp.,514.73M,-3.80%,34850,786.51M
406,MLYS,"Mineralys Therapeutics, Inc.",512.62M,0.29%,181134,-
407,FLGT,"Fulgent Genetics, Inc.",508.96M,-2.12%,164940,277.76M
408,OMER,Omeros Corporation,499.53M,-2.49%,319377,-
409,DCTH,"Delcath Systems, Inc.",498.79M,-2.32%,233326,22.64M
410,MNMD,Mind Medicine (MindMed) Inc.,497.92M,-4.77%,1135816,-
411,RNAC,"Cartesian Therapeutics, Inc.",496.76M,-0.36%,59355,47.94M
412,DCGO,DocGo Inc.,496.47M,0.82%,959898,694.97M
413,MGTX,MeiraGTx Holdings plc,491.58M,-2.18%,218881,13.93M
414,MXCT,"MaxCyte, Inc.",488.80M,-1.74%,400630,45.60M
415,AKBA,"Akebia Therapeutics, Inc.",488.73M,-2.61%,1825793,169.88M
416,SRDX,"Surmodics, Inc.",486.64M,-4.06%,153448,125.45M
417,CLPT,"ClearPoint Neuro, Inc.",481.63M,-0.85%,210949,30.43M
418,SMLR,"Semler Scientific, Inc.",481.54M,-0.36%,251492,58.94M
419,PROK,ProKidney Corp.,481.24M,-1.20%,375355,-
420,TRDA,"Entrada Therapeutics, Inc.",475.85M,0.52%,111281,215.23M
421,ALT,"Altimmune, Inc.",472.27M,-5.14%,2001175,52.00K
422,TKNO,"Alpha Teknova, Inc.",471.24M,-6.95%,198219,36.35M
423,MREO,Mereo BioPharma Group plc,466.24M,2.73%,820749,1.00M
424,URGN,UroGen Pharma Ltd.,464.62M,-3.00%,301649,89.36M
425,ORGO,Organogenesis Holdings Inc.,462.67M,-2.39%,769520,455.04M
426,KROS,"Keros Therapeutics, Inc.",461.78M,-2.65%,1023495,651.00K
427,ANGO,"AngioDynamics, Inc.",461.71M,-8.43%,1312735,286.50M
428,TBPH,"Theravance Biopharma, Inc.",461.25M,-3.00%,227991,63.19M
429,VALN,Valneva SE,460.39M,10.10%,63993,176.82M
430,ARCT,Arcturus Therapeutics Holdings Inc.,459.67M,-2.58%,350097,160.40M
431,ETON,"Eton Pharmaceuticals, Inc.",456.78M,2.08%,248870,34.68M
432,QTRX,Quanterix Corporation,455.57M,-3.87%,658238,133.81M
433,OLMA,"Olema Pharmaceuticals, Inc.",453.38M,-3.48%,627397,-
434,PACB,"Pacific Biosciences of California, Inc.",453.25M,-3.75%,7695990,173.15M
435,PRTC,PureTech Health plc,445.80M,2.91%,2065,468.00K
436,CELC,Celcuity Inc.,443.70M,1.96%,208597,-
437,ATXS,"Astria Therapeutics, Inc.",443.57M,4.94%,441964,-
438,SAGE,"Sage Therapeutics, Inc.",443.51M,-1.36%,1464665,106.40M
439,CMPX,"Compass Therapeutics, Inc.",443.04M,6.62%,1122626,850.00K
440,KALV,"KalVista Pharmaceuticals, Inc.",440.31M,1.60%,347522,-
441,SIGA,"SIGA Technologies, Inc.",427.00M,-2.92%,457707,173.73M
442,ABSI,Absci Corporation,426.11M,-2.88%,3537160,4.21M
443,NNOX,Nano-X Imaging Ltd.,426.04M,-3.96%,2518144,10.68M
444,CYH,"Community Health Systems, Inc.",423.66M,-2.44%,1590484,12.55B
445,SNDA,"Sonida Senior Living, Inc.",423.64M,-3.27%,39870,253.20M
446,EHAB,"Enhabit, Inc.",422.39M,-3.56%,294273,1.04B
447,TCMD,"Tactile Systems Technology, Inc.",420.19M,-2.51%,194321,285.05M
448,ZVRA,"Zevra Therapeutics, Inc.",418.47M,-2.24%,775915,24.49M
449,TRML,"Tourmaline Bio, Inc.",411.82M,-2.07%,308304,-
450,NPCE,"NeuroPace, Inc.",410.71M,-3.03%,157313,76.45M
451,PHAT,"Phathom Pharmaceuticals, Inc.",409.58M,-5.52%,1434676,26.27M
452,ANNX,"Annexon, Inc.",409.32M,-4.95%,1350203,-
453,GLUE,"Monte Rosa Therapeutics, Inc.",409.16M,3.26%,866815,14.98M
454,ALMS,Alumis Inc.,406.97M,11.31%,226545,-
455,RGNX,REGENXBIO Inc.,399.83M,2.15%,1048353,84.33M
456,ABVX,ABIVAX Société Anonyme,397.73M,1.19%,131382,9.68M
457,PGEN,"Precigen, Inc.",395.37M,-0.74%,1596458,3.96M
458,NYXH,Nyxoah S.A.,394.45M,3.35%,21746,5.67M
459,AURA,"Aura Biosciences, Inc.",392.12M,-1.01%,148837,-
460,KMDA,Kamada Ltd.,391.15M,0.30%,45276,158.38M
461,OABI,"OmniAb, Inc.",389.66M,0.31%,492570,20.41M
462,CVRX,"CVRx, Inc.",387.73M,-4.94%,194032,47.26M
463,NRC,National Research Corporation,384.80M,-0.30%,74279,143.06M
464,ZIMV,ZimVie Inc.,381.97M,-2.33%,126767,451.29M
465,RIGL,"Rigel Pharmaceuticals, Inc.",381.37M,-4.20%,136145,157.37M
466,RVNC,"Revance Therapeutics, Inc.",380.95M,-,3591735,256.95M
467,TERN,"Terns Pharmaceuticals, Inc.",378.83M,-3.88%,870261,-
468,ALLO,"Allogene Therapeutics, Inc.",377.41M,-6.25%,2541600,43.00K
469,IRWD,"Ironwood Pharmaceuticals, Inc.",374.47M,1.74%,4153335,378.42M
470,PSNL,"Personalis, Inc.",370.72M,-2.61%,586728,87.49M
471,AHG,Akso Health Group,367.25M,-3.76%,10657,2.41M
472,QSI,Quantum-Si incorporated,359.89M,1.02%,12149177,2.27M
473,PRME,"Prime Medicine, Inc.",357.27M,-1.06%,555027,800.00K
474,TBRG,"TruBridge, Inc.",355.52M,0.89%,132050,337.67M
475,CMRX,"Chimerix, Inc.",354.35M,-4.14%,1196330,159.00K
476,ESPR,"Esperion Therapeutics, Inc.",352.69M,-1.11%,9355839,295.45M
477,TRVI,"Trevi Therapeutics, Inc.",352.10M,1.03%,377540,-
478,CERS,Cerus Corporation,347.29M,-5.56%,1285524,176.23M
479,CRVS,"Corvus Pharmaceuticals, Inc.",344.42M,1.32%,459766,-
480,HCAT,"Health Catalyst, Inc.",342.57M,1.99%,951820,302.06M
481,ENGN,enGene Holdings Inc.,341.54M,-5.63%,155824,-
482,CDXS,"Codexis, Inc.",340.97M,-6.89%,535679,64.45M
483,KOD,Kodiak Sciences Inc.,336.01M,-5.88%,309238,-
484,ZBIO,"Zenas BioPharma, Inc.",335.16M,5.25%,191084,-
485,MBX,"MBX Biosciences, Inc.",334.51M,-14.00%,323539,-
486,SPOK,"Spok Holdings, Inc.",325.98M,-0.19%,128102,137.71M
487,ATYR,"aTyr Pharma, Inc.",324.02M,3.21%,687458,235.00K
488,TNGX,"Tango Therapeutics, Inc.",320.11M,-4.18%,376252,43.38M
489,KRRO,"Korro Bio, Inc.",319.65M,-0.18%,56063,-
490,VMD,"Viemed Healthcare, Inc.",318.89M,-1.44%,86308,214.30M
491,SMTI,Sanara MedTech Inc.,317.57M,-1.38%,36254,78.06M
492,XOMA,XOMA Royalty Corporation,313.54M,1.33%,28357,21.61M
493,IMMP,Immutep Limited,313.18M,0.97%,79881,2.56M
494,ALDX,"Aldeyra Therapeutics, Inc.",312.04M,-2.96%,321103,-
495,NMRA,"Neumora Therapeutics, Inc.",311.81M,0.52%,1682789,-
496,TSHA,"Taysha Gene Therapies, Inc.",307.41M,1.35%,1186494,9.92M
497,RZLT,"Rezolute, Inc.",304.20M,0.77%,236470,-
498,CADL,"Candel Therapeutics, Inc.",300.30M,1.58%,633444,-
499,OSUR,"OraSure Technologies, Inc.",299.87M,0.75%,827100,224.26M
500,VYGR,"Voyager Therapeutics, Inc.",297.71M,-2.85%,433958,163.78M
501,MPLN,MultiPlan Corporation,295.29M,-6.07%,163300,942.61M
502,CMPS,COMPASS Pathways plc,294.89M,3.36%,857632,-
503,ELMD,"Electromed, Inc.",290.96M,-2.11%,66022,57.06M
504,VSTM,"Verastem, Inc.",279.21M,-2.25%,827408,10.00M
505,INGN,"Inogen, Inc.",278.44M,-2.18%,360029,331.52M
506,AIRS,"AirSculpt Technologies, Inc.",277.26M,-1.24%,281322,188.78M
507,ITOS,"iTeos Therapeutics, Inc.",275.47M,-1.82%,230449,35.00M
508,AQST,"Aquestive Therapeutics, Inc.",275.36M,-1.95%,1134794,58.90M
509,DSGN,"Design Therapeutics, Inc.",274.61M,-2.41%,102786,-
510,LXRX,"Lexicon Pharmaceuticals, Inc.",273.36M,-7.71%,4035893,5.23M
511,ACIU,AC Immune SA,272.09M,1.85%,538283,48.51M
512,ELDN,"Eledon Pharmaceuticals, Inc.",270.02M,-5.44%,282011,-
513,CRDF,"Cardiff Oncology, Inc.",268.09M,1.51%,1255914,688.00K
514,MNPR,Monopar Therapeutics Inc.,267.97M,3.39%,95874,-
515,YMAB,"Y-mAbs Therapeutics, Inc.",267.39M,-3.55%,361393,84.55M
516,BNTC,Benitec Biopharma Inc.,266.76M,5.32%,34752,-
517,ACRS,"Aclaris Therapeutics, Inc.",265.41M,3.77%,2880109,27.08M
518,TVGN,Tevogen Bio Holdings Inc.,260.83M,11.19%,1598325,-
519,ATAI,Atai Life Sciences N.V.,260.09M,-3.13%,1093813,331.00K
520,DRTS,Alpha Tau Medical Ltd.,259.38M,-2.63%,96780,-
521,NUTX,Nutex Health Inc.,258.96M,-0.48%,35203,292.00M
522,FDMT,"4D Molecular Therapeutics, Inc.",258.88M,-,846872,17.00K
523,HRTX,"Heron Therapeutics, Inc.",258.56M,-1.73%,1116895,137.74M
524,AVIR,"Atea Pharmaceuticals, Inc.",258.46M,2.34%,247377,-
525,VNDA,Vanda Pharmaceuticals Inc.,257.14M,-3.71%,501925,190.86M
526,SGMO,"Sangamo Therapeutics, Inc.",256.64M,-,4021224,52.29M
527,BDMD,Baird Medical Investment Holdings Limited,253.67M,-2.61%,160274,33.05M
528,CTNM,"Contineum Therapeutics, Inc.",252.36M,-4.21%,42146,-
529,SLN,Silence Therapeutics plc,251.66M,1.52%,147700,21.77M
530,ANIK,"Anika Therapeutics, Inc.",249.85M,-1.27%,69448,164.17M
531,ZYXI,"Zynex, Inc.",249.67M,-2.97%,82352,193.67M
532,AMLX,"Amylyx Pharmaceuticals, Inc.",248.50M,3.99%,1386726,196.49M
533,ATLN,Atlantic International Corp.,248.27M,1.41%,19176,429.26M
534,DMAC,DiaMedica Therapeutics Inc.,246.30M,-1.54%,53198,-
535,LRMR,"Larimar Therapeutics, Inc.",245.02M,-3.27%,893223,-
536,CCCC,"C4 Therapeutics, Inc.",244.94M,-5.71%,2193330,33.67M
537,CGC,Canopy Growth Corporation,242.71M,-5.24%,5193318,207.63M
538,LFMD,"LifeMD, Inc.",241.25M,-2.96%,747548,193.06M
539,ABEO,Abeona Therapeutics Inc.,240.83M,1.28%,237491,-
540,RCEL,"AVITA Medical, Inc.",240.54M,-3.91%,109195,60.04M
541,CATX,"Perspective Therapeutics, Inc.",239.94M,-6.82%,863747,1.56M
542,AMRN,Amarin Corporation plc,237.10M,-0.89%,915563,241.02M
543,THRD,"Third Harmonic Bio, Inc.",237.01M,-1.68%,141263,-
544,NGNE,Neurogene Inc.,235.45M,2.06%,326559,925.00K
545,FHTX,Foghorn Therapeutics Inc.,232.94M,-3.46%,116425,25.52M
546,SOPH,SOPHiA GENETICS SA,232.54M,-2.51%,67568,64.49M
547,IVA,Inventiva S.A.,231.18M,-2.00%,10563,20.65M
548,DRUG,Bright Minds Biosciences Inc.,229.81M,4.97%,58627,-
549,INMB,"INmune Bio, Inc.",225.27M,10.20%,778399,42.00K
550,GOSS,"Gossamer Bio, Inc.",225.15M,3.10%,869787,105.32M
551,LUNG,Pulmonx Corporation,224.29M,-0.18%,244774,79.30M
552,ARAY,Accuray Incorporated,224.26M,-3.88%,495613,444.20M
553,LFCR,"Lifecore Biomedical, Inc.",219.93M,-2.62%,144066,130.86M
554,HITI,High Tide Inc.,219.07M,2.57%,920982,374.82M
555,SERA,"Sera Prognostics, Inc.",218.51M,-2.71%,110090,94.00K
556,PRQR,ProQR Therapeutics N.V.,218.28M,-1.63%,260607,20.51M
557,ZYBT,Zhengye Biotechnology Holding Limited,216.49M,3.85%,21950,26.11M
558,NAUT,"Nautilus Biotechnology, Inc.",214.71M,-3.39%,53565,-
559,FULC,"Fulcrum Therapeutics, Inc.",213.60M,-5.26%,348647,80.87M
560,OCGN,"Ocugen, Inc.",211.91M,-5.43%,2372175,4.70M
561,MDWD,MediWound Ltd.,211.27M,-1.51%,29541,19.72M
562,HURA,"TuHURA Biosciences, Inc.",211.00M,1.42%,253814,-
563,AVR,Anteris Technologies Global Corp.,208.67M,3.68%,285387,2.83M
564,CGEN,Compugen Ltd.,208.62M,-0.85%,303946,59.85M
565,UTMD,"Utah Medical Products, Inc.",207.67M,0.02%,36586,40.90M
566,STXS,"Stereotaxis, Inc.",205.05M,2.11%,591537,25.14M
567,CDTX,"Cidara Therapeutics, Inc.",203.19M,2.62%,74461,44.65M
568,KRMD,"KORU Medical Systems, Inc.",201.23M,3.05%,190020,31.99M
569,MYO,"Myomo, Inc.",200.46M,1.86%,331967,25.24M
570,ACB,Aurora Cannabis Inc.,200.07M,-4.45%,588520,219.84M
571,BWAY,BrainsWay Ltd.,199.89M,-1.04%,28441,38.63M
572,OBIO,"Orchestra BioMed Holdings, Inc.",199.19M,-6.26%,50197,2.65M
573,CYBN,Cybin Inc.,198.21M,-0.70%,170868,-
574,SLRN,"Acelyrin, Inc.",197.64M,-0.51%,628778,-
575,INBX,"Inhibrx Biosciences, Inc.",196.58M,0.22%,231728,1.57M
576,OGI,Organigram Holdings Inc.,194.81M,-3.23%,586411,118.32M
577,MOLN,Molecular Partners AG,194.58M,-3.55%,6517,7.11M
578,PROF,Profound Medical Corp.,192.54M,0.62%,57295,8.98M
579,NVRO,Nevro Corp.,189.98M,-2.69%,409607,419.15M
580,ACRV,"Acrivon Therapeutics, Inc.",189.00M,4.84%,26908,-
581,MGNX,"MacroGenics, Inc.",188.29M,-0.33%,1061999,141.33M
582,GNFT,Genfit S.A.,185.29M,-4.60%,14164,86.23M
583,BTMD,biote Corp.,184.94M,-7.96%,401451,193.06M
584,PHLT,"Performant Healthcare, Inc.",184.77M,-2.07%,91466,120.78M
585,LXEO,"Lexeo Therapeutics, Inc.",179.61M,3.43%,138209,-
586,PROC,Procaps Group S.A.,179.47M,0.04%,3818,414.10M
587,PLX,"Protalix BioTherapeutics, Inc.",178.93M,2.10%,361587,45.67M
588,FENC,Fennec Pharmaceuticals Inc.,178.56M,-0.76%,47178,49.35M
589,VOR,Vor Biopharma Inc.,176.85M,2.16%,603902,-
590,ACTU,"Actuate Therapeutics, Inc.",176.37M,2.27%,18130,-
591,STIM,"Neuronetics, Inc.",172.52M,-9.09%,901166,72.71M
592,LYEL,"Lyell Immunopharma, Inc.",172.46M,1.22%,870612,63.00K
593,NBTX,Nanobiotix S.A.,172.45M,-1.83%,6461,45.22M
594,INFU,"InfuSystem Holdings, Inc.",171.38M,-1.10%,102689,132.78M
595,GLSI,"Greenwich LifeSciences, Inc.",170.09M,-1.90%,30217,-
596,SCPH,scPharmaceuticals Inc.,166.13M,-3.77%,209995,30.28M
597,CRGX,"CARGO Therapeutics, Inc.",165.70M,6.19%,4619317,-
598,JYNT,The Joint Corp.,165.57M,-2.56%,23219,120.80M
599,AMWL,American Well Corporation,165.15M,-7.31%,90454,254.04M
600,NKTX,"Nkarta, Inc.",165.13M,-0.85%,801031,-
601,BIOA,"BioAge Labs, Inc.",164.55M,-3.97%,428890,-
602,ALEC,"Alector, Inc.",162.57M,-3.49%,602405,61.51M
603,ADCT,ADC Therapeutics SA,162.44M,-2.33%,674684,70.72M
604,CLLS,Cellectis S.A.,160.22M,1.90%,65022,36.04M
605,STRO,"Sutro Biopharma, Inc.",158.32M,-1.54%,951766,160.96M
606,IPHA,Innate Pharma S.A.,156.80M,4.57%,9381,36.20M
607,TLSI,"TriSalus Life Sciences, Inc.",155.82M,-,61165,26.89M
608,VXRT,"Vaxart, Inc.",154.64M,-4.92%,1167142,16.76M
609,RAPT,"RAPT Therapeutics, Inc.",153.85M,-,420861,-
610,NKTR,Nektar Therapeutics,152.60M,-2.74%,748634,93.14M
611,IKT,"Inhibikase Therapeutics, Inc.",152.53M,18.23%,438282,1.00
612,BMEA,"Biomea Fusion, Inc.",151.48M,-1.65%,297777,-
613,ADAP,Adaptimmune Therapeutics plc,150.97M,-3.12%,620097,175.04M
614,CSBR,"Champions Oncology, Inc.",150.55M,2.71%,43064,53.57M
615,BDSX,"Biodesix, Inc.",149.83M,-0.96%,246675,65.56M
616,BDTX,"Black Diamond Therapeutics, Inc.",148.25M,3.97%,978658,-
617,FATE,"Fate Therapeutics, Inc.",148.06M,-5.11%,1328330,13.45M
618,TIL,"Instil Bio, Inc.",145.27M,-7.29%,57858,-
619,TCRX,"TScan Therapeutics, Inc.",145.22M,-0.39%,209517,9.36M
620,AKYA,"Akoya Biosciences, Inc.",144.75M,-2.34%,241199,86.82M
621,TELO,"Telomir Pharmaceuticals, Inc.",144.60M,7.52%,117215,-
622,NOTV,"Inotiv, Inc.",144.31M,-4.04%,451726,490.74M
623,MCRB,"Seres Therapeutics, Inc.",144.26M,-1.34%,744616,126.33M
624,VTYX,"Ventyx Biosciences, Inc.",142.13M,-1.95%,1086875,-
625,SGHT,"Sight Sciences, Inc.",142.11M,-5.72%,147071,79.54M
626,IFRX,InflaRx N.V.,141.91M,1.69%,259481,187.93K
627,PBYI,"Puma Biotechnology, Inc.",141.86M,-4.93%,430550,243.57M
628,SGMT,Sagimet Biosciences Inc.,141.66M,8.37%,1386906,-
629,QIPT,Quipt Home Medical Corp.,141.42M,1.89%,70204,245.92M
630,SEER,"Seer, Inc.",140.93M,1.27%,160140,14.61M
631,KYTX,"Kyverna Therapeutics, Inc.",139.88M,-2.11%,523519,-
632,CKPT,"Checkpoint Therapeutics, Inc.",138.68M,-,533959,47.00K
633,ZJYL,Jin Medical International Ltd.,137.75M,-1.13%,35040,23.50M
634,TSVT,"2seventy bio, Inc.",137.23M,1.53%,373147,45.62M
635,CHRS,"Coherus BioSciences, Inc.",135.95M,-12.59%,3282296,304.34M
636,SRTS,"Sensus Healthcare, Inc.",134.97M,19.87%,710272,41.31M
637,GNLX,Genelux Corporation,134.71M,0.51%,281154,8.00K
638,LCTX,"Lineage Cell Therapeutics, Inc.",132.40M,-4.12%,1768949,8.72M
639,NVCT,"Nuvectis Pharma, Inc.",130.61M,0.30%,42183,-
640,MIST,Milestone Pharmaceuticals Inc.,130.49M,-2.48%,1866259,-
641,CRBU,"Caribou Biosciences, Inc.",129.49M,9.16%,3659185,11.48M
642,LNSR,"LENSAR, Inc.",128.92M,2.49%,50588,48.87M
643,CLYM,"Climb Bio, Inc.",127.73M,-1.55%,110591,-
644,SLDB,Solid Biosciences Inc.,127.06M,-4.22%,332292,-
645,EUDA,EUDA Health Holdings Limited,126.93M,-4.80%,101655,3.81M
646,ZNTL,"Zentalis Pharmaceuticals, Inc.",124.00M,4.82%,3126273,40.56M
647,PDEX,"Pro-Dex, Inc.",123.82M,-11.59%,98192,61.00M
648,ARTV,"Artiva Biotherapeutics, Inc.",123.39M,-5.93%,117667,2.60M
649,ZURA,Zura Bio Limited,122.75M,6.82%,395663,-
650,ZOM,Zomedica Corp.,120.44M,1.57%,3392489,26.73M
651,XFOR,"X4 Pharmaceuticals, Inc.",119.40M,5.74%,16661605,1.12M
652,CRBP,"Corbus Pharmaceuticals Holdings, Inc.",119.24M,-1.11%,214330,-
653,RENB,Renovaro Inc.,119.04M,-1.99%,295781,-
654,CABA,"Cabaletta Bio, Inc.",116.82M,2.14%,633330,-
655,ZTEK,Zentek Ltd.,116.48M,1.82%,69271,29.13K
656,ANRO,"Alto Neuroscience, Inc.",115.70M,-3.81%,483598,-
657,CRDL,Cardiol Therapeutics Inc.,115.02M,-0.70%,298773,-
658,SAVA,"Cassava Sciences, Inc.",114.50M,-,1011642,-
659,SLS,"SELLAS Life Sciences Group, Inc.",114.02M,21.80%,6831087,-
660,ACHV,"Achieve Life Sciences, Inc.",112.46M,0.93%,253019,-
661,ELUT,Elutia Inc.,111.29M,3.87%,28452,24.78M
662,ECOR,"electroCore, Inc.",109.59M,6.43%,89833,23.33M
663,EPRX,Eupraxia Pharmaceuticals Inc.,109.53M,-3.48%,910,-
664,ENTA,"Enanta Pharmaceuticals, Inc.",109.01M,-0.58%,172621,67.64M
665,EDIT,"Editas Medicine, Inc.",108.14M,-4.38%,1262191,61.76M
666,ATOS,"Atossa Therapeutics, Inc.",105.91M,-2.70%,663266,-
667,XBIT,XBiotech Inc.,105.47M,-4.42%,52217,-
668,TELA,"TELA Bio, Inc.",103.99M,-0.75%,86339,68.65M
669,OPRX,OptimizeRx Corporation,102.24M,-2.80%,116878,88.18M
670,FBRX,"Forte Biosciences, Inc.",101.59M,-0.44%,25924,-
671,COYA,"Coya Therapeutics, Inc.",101.58M,3.75%,59504,9.55M
672,TARA,"Protara Therapeutics, Inc.",101.50M,9.33%,531123,-
673,FONR,FONAR Corporation,100.79M,-0.51%,18190,102.01M
674,MGX,"Metagenomi, Inc.",100.67M,-5.61%,631948,55.08M
675,ELTX,"Elicio Therapeutics, Inc.",100.33M,-1.17%,82475,-
676,PETS,"PetMed Express, Inc.",98.22M,-5.18%,128114,259.34M
677,MLSS,Milestone Scientific Inc.,98.14M,-1.56%,120026,8.88M
678,SKYE,"Skye Bioscience, Inc.",97.39M,-14.40%,507458,-
679,VIGL,"Vigil Neuroscience, Inc.",97.18M,1.28%,426539,-
680,MNOV,"MediciNova, Inc.",97.11M,-3.41%,21112,-
681,CAMP,Camp4 Therapeutics Corporation,96.97M,-18.47%,121656,-
682,ALGS,"Aligos Therapeutics, Inc.",95.76M,8.68%,365933,6.00M
683,DERM,Journey Medical Corporation,95.05M,14.32%,76262,57.77M
684,HLVX,"HilleVax, Inc.",95.02M,-1.01%,162622,-
685,MGRM,Monogram Technologies Inc.,94.02M,-1.44%,38618,365.00K
686,ANIX,"Anixa Biosciences, Inc.",93.37M,-1.36%,51027,-
687,PYXS,"Pyxis Oncology, Inc.",93.36M,-3.09%,402281,16.15M
688,SY,So-Young International Inc.,93.09M,-1.18%,10721,212.14M
689,INZY,"Inozyme Pharma, Inc.",92.51M,-1.37%,893108,-
690,NTRB,Nutriband Inc.,92.07M,4.94%,110045,2.02M
691,CUE,"Cue Biopharma, Inc.",91.86M,6.62%,180460,9.53M
692,JSPR,"Jasper Therapeutics, Inc.",90.91M,-9.55%,750776,-
693,EDAP,EDAP TMS S.A.,90.53M,4.72%,29652,70.72M
694,MDXH,MDxHealth SA,90.32M,-,70902,84.71M
695,ORMP,Oramed Pharmaceuticals Inc.,90.30M,1.82%,165379,-
696,ABOS,"Acumen Pharmaceuticals, Inc.",90.12M,-3.85%,268892,-
697,IGMS,"IGM Biosciences, Inc.",89.79M,0.67%,301525,2.92M
698,AGEN,Agenus Inc.,89.14M,7.34%,686047,160.43M
699,ASMB,"Assembly Biosciences, Inc.",89.05M,-2.91%,14118,28.33M
700,GUTS,"Fractyl Health, Inc.",88.50M,-5.15%,1187721,97.00K
701,AVTX,"Avalo Therapeutics, Inc.",88.10M,6.58%,43938,820.00K
702,RVPH,"Reviva Pharmaceuticals Holdings, Inc.",88.03M,2.72%,930914,-
703,IMUX,"Immunic, Inc.",87.83M,-4.41%,1635357,-
704,ADVM,"Adverum Biotechnologies, Inc.",87.79M,-4.31%,144259,1.00M
705,MASS,908 Devices Inc.,87.06M,-2.72%,224730,55.16M
706,CTOR,"Citius Oncology, Inc.",85.93M,-4.68%,98252,-
707,DBVT,DBV Technologies S.A.,85.49M,1.08%,34774,12.52M
708,XTNT,"Xtant Medical Holdings, Inc.",84.80M,14.58%,96088,113.86M
709,CBUS,"Cibus, Inc.",84.43M,-2.35%,91322,4.15M
710,ICAD,"iCAD, Inc.",84.33M,1.91%,1076150,18.94M
711,ADAG,Adagene Inc.,84.11M,2.70%,39483,815.75K
712,TNYA,"Tenaya Therapeutics, Inc.",83.97M,-,1374700,-
713,IMAB,I-Mab,83.13M,-3.77%,252882,3.31M
714,OKUR,"OnKure Therapeutics, Inc.",82.04M,5.49%,69809,-
715,CNTX,Context Therapeutics Inc.,81.93M,-4.50%,91976,-
716,VERU,Veru Inc.,81.35M,-4.27%,3067715,16.89M
717,ENTX,Entera Bio Ltd.,80.66M,-6.01%,50581,99.00K
718,VTGN,"Vistagen Therapeutics, Inc.",80.47M,-1.70%,218063,876.00K
719,HYPR,"Hyperfine, Inc.",80.24M,10.00%,355700,13.26M
720,ME,23andMe Holding Co.,80.09M,-9.09%,247086,208.78M
721,TNXP,Tonix Pharmaceuticals Holding Corp.,80.01M,14.16%,70162592,11.29M
722,RANI,"Rani Therapeutics Holdings, Inc.",79.82M,0.72%,68005,-
723,RBOT,Vicarious Surgical Inc.,78.82M,-1.19%,52031,-
724,KPTI,Karyopharm Therapeutics Inc.,78.50M,-6.32%,773172,148.44M
725,GALT,Galectin Therapeutics Inc.,78.45M,-,220477,-
726,ANL,Adlai Nortye Ltd.,78.23M,0.95%,5047,5.00M
727,RPID,"Rapid Micro Biosystems, Inc.",77.03M,-6.28%,428377,26.17M
728,ALXO,ALX Oncology Holdings Inc.,77.00M,11.88%,1033391,-
729,ASRT,"Assertio Holdings, Inc.",76.63M,-2.77%,242801,125.76M
730,EPIX,ESSA Pharma Inc.,76.35M,-0.58%,248581,-
731,AVTE,"Aerovate Therapeutics, Inc.",75.65M,-,139134,-
732,TOI,"The Oncology Institute, Inc.",75.56M,-0.99%,1563300,378.93M
733,SCLX,Scilex Holding Company,75.48M,-6.39%,2967451,55.15M
734,INO,"Inovio Pharmaceuticals, Inc.",75.45M,-,616481,203.41K
735,INCR,InterCure Ltd.,75.38M,-0.61%,5679,72.42M
736,BLUE,"bluebird bio, Inc.",75.35M,-2.02%,129264,53.12M
737,MRSN,"Mersana Therapeutics, Inc.",75.22M,-4.37%,2592865,34.84M
738,TLSA,Tiziana Life Sciences Ltd,74.72M,-0.42%,167587,-
739,HBIO,"Harvard Bioscience, Inc.",74.57M,-3.39%,130035,97.73M
740,PMVP,"PMV Pharmaceuticals, Inc.",73.48M,-1.39%,53196,-
741,ACET,"Adicet Bio, Inc.",72.92M,-0.56%,107356,-
742,ARMP,"Armata Pharmaceuticals, Inc.",72.37M,-2.44%,8243,5.47M
743,BYSI,BeyondSpring Inc.,72.14M,1.13%,2255,1.88M
744,OWLT,"Owlet, Inc.",71.52M,-3.04%,29411,78.58M
745,IKNA,"Ikena Oncology, Inc.",71.42M,-0.67%,36675,659.00K
746,AADI,"Aadi Bioscience, Inc.",70.98M,-,112202,25.07M
747,QNCX,"Quince Therapeutics, Inc.",70.84M,0.63%,57690,-
748,ICCM,IceCure Medical Ltd,70.71M,-,220858,3.67M
749,XGN,Exagen Inc.,70.55M,-2.44%,74298,55.75M
750,CLSD,"Clearside Biomedical, Inc.",70.53M,-1.59%,67566,7.70M
751,VANI,"Vivani Medical, Inc.",70.49M,1.71%,145820,-
752,IPSC,"Century Therapeutics, Inc.",69.78M,-3.45%,530439,2.68M
753,BNR,Burning Rock Biotech Limited,68.53M,1.21%,13492,72.83M
754,APLT,"Applied Therapeutics, Inc.",68.24M,-1.11%,1841559,-212.00K
755,FORA,Forian Inc.,68.24M,-2.22%,10426,19.71M
756,THTX,Theratechnologies Inc.,67.35M,0.70%,73426,84.32M
757,NSPR,"InspireMD, Inc.",67.30M,0.39%,27011,6.82M
758,ANVS,"Annovis Bio, Inc.",67.19M,-0.41%,118191,-
759,CTMX,"CytomX Therapeutics, Inc.",66.52M,-2.86%,513153,126.62M
760,RMTI,"Rockwell Medical, Inc.",65.93M,-1.45%,177669,98.92M
761,RGLS,Regulus Therapeutics Inc.,65.50M,-,601930,-
762,PIII,P3 Health Partners Inc.,64.73M,3.09%,1053908,1.48B
763,GNTA,Genenta Science S.p.A.,64.38M,-15.18%,2516,-
764,PRE,Prenetics Global Limited,64.14M,-2.78%,710,25.56M
765,MURA,Mural Oncology plc,64.05M,-0.53%,104913,-
766,BEAT,"HeartBeam, Inc.",64.00M,6.67%,223008,-
767,UNCY,"Unicycive Therapeutics, Inc.",63.71M,5.83%,1408622,-
768,CCEL,"Cryo-Cell International, Inc.",62.79M,-,9648,31.84M
769,PDSB,PDS Biotechnology Corporation,61.35M,-1.20%,303192,-
770,KRON,"Kronos Bio, Inc.",60.94M,-2.42%,144185,9.86M
771,PRLD,Prelude Therapeutics Incorporated,60.54M,-7.56%,267826,3.00M
772,NEUE,"NeueHealth, Inc.",60.34M,-0.41%,2840,996.89M
773,IMRX,Immuneering Corporation,60.24M,-,253207,-
774,HOWL,"Werewolf Therapeutics, Inc.",59.71M,-0.74%,168322,3.39M
775,OPTN,"OptiNose, Inc.",59.53M,-2.63%,35510,75.67M
776,IOBT,"IO Biotech, Inc.",59.29M,-5.26%,50814,-
777,VRCA,Verrica Pharmaceuticals Inc.,58.65M,-9.70%,285028,9.21M
778,NVNO,enVVeno Medical Corporation,57.69M,0.30%,53949,-
779,MODV,ModivCare Inc.,57.13M,-4.31%,1347676,2.79B
780,ONCY,Oncolytics Biotech Inc.,56.98M,-0.41%,414021,-
781,GANX,"Gain Therapeutics, Inc.",56.50M,-3.18%,112057,-
782,FBLG,"FibroBiologics, Inc.",56.49M,-3.59%,66479,-
783,CCLD,"CareCloud, Inc.",55.92M,-7.53%,105230,111.01M
784,VNRX,VolitionRx Limited,55.60M,-4.00%,85602,1.29M
785,STTK,"Shattuck Labs, Inc.",55.38M,-7.20%,201355,6.44M
786,CTSO,Cytosorbents Corporation,54.95M,1.52%,113956,37.74M
787,APYX,Apyx Medical Corporation,54.21M,-5.26%,23056,48.54M
788,CNTB,Connect Biopharma Holdings Limited,53.71M,-3.76%,11587,24.12M
789,LTRN,Lantern Pharma Inc.,53.38M,2.91%,72395,-
790,IMMX,"Immix Biopharma, Inc.",53.36M,-1.52%,129133,-
791,LUCD,Lucid Diagnostics Inc.,53.11M,3.68%,384446,4.19M
792,RPTX,Repare Therapeutics Inc.,51.86M,2.52%,307712,66.52M
793,GBIO,Generation Bio Co.,51.84M,-4.52%,872418,18.58M
794,VTVT,vTv Therapeutics Inc.,51.64M,10.21%,13058,1.00M
795,MODD,"Modular Medical, Inc.",51.38M,-1.54%,24257,-
796,OTLK,"Outlook Therapeutics, Inc.",51.31M,1.98%,1199385,-
797,ATRA,"Atara Biotherapeutics, Inc.",51.15M,4.59%,201737,100.44M
798,BOLD,"Boundless Bio, Inc.",51.06M,-6.15%,51696,-
799,FBIO,"Fortress Biotech, Inc.",50.24M,2.25%,279493,81.50M
800,OMIC,"Singular Genomics Systems, Inc.",50.22M,-0.40%,6451,2.67M
801,YI,"111, Inc.",49.86M,2.46%,31347,2.09B
802,RGC,Regencell Bioscience Holdings Limited,49.45M,-2.06%,15807,-
803,LSB,"LakeShore Biopharma Co., Ltd",49.42M,-0.39%,8812,79.42M
804,MAIA,"MAIA Biotechnology, Inc.",49.18M,1.08%,43631,-
805,FGEN,"FibroGen, Inc.",48.74M,-3.76%,320614,180.02M
806,ICCC,ImmuCell Corporation,48.08M,-1.91%,5396,23.84M
807,ABP,"Abpro Holdings, Inc.",48.06M,-7.64%,70442,230.00K
808,KZR,"Kezar Life Sciences, Inc.",47.28M,-,19133,-
809,OVID,Ovid Therapeutics Inc.,47.11M,-5.24%,521346,631.70K
810,SHLT,SHL Telemedicine Ltd.,47.05M,3.96%,7212,55.94M
811,ALVR,"AlloVir, Inc.",46.87M,0.11%,14310,-
812,SPRO,"Spero Therapeutics, Inc.",46.70M,-1.54%,67062,106.46M
813,ACHL,Achilles Therapeutics plc,46.44M,1.80%,234069,-
814,CELU,Celularity Inc.,46.09M,-7.24%,108788,48.20M
815,SER,"Serina Therapeutics, Inc.",44.14M,2.17%,2290,3.16M
816,DYAI,"Dyadic International, Inc.",44.09M,-,26444,3.36M
817,BRNS,Barinthus Biotherapeutics plc,44.06M,9.53%,59315,14.97M
818,ITRM,Iterum Therapeutics plc,44.03M,1.91%,1591850,-
819,PTHL,Pheton Holdings Ltd,42.89M,-3.83%,83455,572.29K
820,IVVD,"Invivyd, Inc.",42.79M,-8.28%,1578920,11.56M
821,RNTX,Rein Therapeutics Inc.,42.68M,-0.51%,64417,-
822,CLGN,CollPlant Biotechnologies Ltd.,42.61M,0.27%,11192,650.00K
823,KALA,"KALA BIO, Inc.",42.41M,-2.95%,188051,-
824,PEPG,PepGen Inc.,42.05M,-10.42%,284083,-
825,OM,"Outset Medical, Inc.",42.03M,-1.48%,763827,114.73M
826,ELEV,"Elevation Oncology, Inc.",40.98M,3.99%,1709463,-
827,SCYX,"SCYNEXIS, Inc.",40.61M,-2.73%,104381,8.57M
828,TPST,"Tempest Therapeutics, Inc.",39.93M,-3.17%,838557,-
829,ANEB,"Anebulo Pharmaceuticals, Inc.",39.83M,-3.42%,462,-
830,ATHE,Alterity Therapeutics Limited,39.82M,5.03%,785416,2.68M
831,OSTX,OS Therapies Incorporated,39.08M,-5.64%,484568,-
832,CMMB,Chemomab Therapeutics Ltd.,38.47M,-,52533,-
833,DTIL,"Precision BioSciences, Inc.",38.43M,-3.84%,103037,75.10M
834,CASI,"CASI Pharmaceuticals, Inc.",38.34M,1.85%,14626,22.06M
835,ESLA,"Estrella Immunopharma, Inc.",37.99M,-9.48%,15649,-
836,SRZN,"Surrozen, Inc.",37.70M,-3.89%,15829,10.00M
837,MDAI,"Spectral AI, Inc.",37.65M,5.46%,358926,27.26M
838,NXL,"Nexalin Technology, Inc.",37.56M,1.39%,488650,162.08K
839,UBX,"Unity Biotechnology, Inc.",37.41M,3.74%,198127,-
840,DXR,Daxor Corporation,37.20M,-5.12%,5004,154.21K
841,QTTB,Q32 Bio Inc.,36.91M,-7.06%,311956,-14.66M
842,NRXP,"NRx Pharmaceuticals, Inc.",36.42M,1.00%,426412,-
843,INKT,"MiNK Therapeutics, Inc.",36.30M,32.95%,81039,-
844,ATNM,"Actinium Pharmaceuticals, Inc.",36.19M,-4.92%,265540,81.00K
845,PASG,"Passage Bio, Inc.",36.07M,-0.14%,141042,-
846,OKYO,OKYO Pharma Limited,35.97M,-3.64%,112267,-
847,RLYB,Rallybio Corporation,35.68M,-1.89%,53153,598.00K
848,NMTC,NeuroOne Medical Technologies Corporation,35.47M,-,52392,3.45M
849,ZCMD,Zhongchao Inc.,35.30M,-,6297,17.41M
850,CVKD,"Cadrenal Therapeutics, Inc.",35.24M,2.75%,36182,-
851,IRD,"Opus Genetics, Inc.",35.04M,-,146101,8.38M
852,OCX,OncoCyte Corporation,34.85M,1.47%,366707,709.00K
853,MOVE,Movano Inc.,34.76M,4.59%,4949,902.00K
854,VYNE,VYNE Therapeutics Inc.,34.67M,-0.42%,105436,493.00K
855,CALC,"CalciMedica, Inc.",34.51M,0.79%,62919,-
856,XCUR,"Exicure, Inc.",34.13M,3.89%,34352,500.00K
857,JUNS,"Jupiter Neurosciences, Inc.",34.10M,-8.04%,857430,-
858,ANTX,"AN2 Therapeutics, Inc.",34.06M,-2.56%,112650,-
859,RADX,Radiopharm Theranostics Limited,33.88M,-2.32%,20700,1.31M
860,SCNX,"Scienture Holdings, Inc.",33.86M,-3.01%,9437,-351.61K
861,AXDX,"Accelerate Diagnostics, Inc.",33.81M,0.75%,16000,11.91M
862,COCH,"Envoy Medical, Inc.",33.61M,1.84%,24471,278.00K
863,SNYR,Synergy CHC Corp.,33.51M,-8.33%,13822,37.78M
864,GRCE,"Grace Therapeutics, Inc.",33.46M,2.80%,32041,-
865,WOK,WORK Medical Technology Group LTD,33.42M,-4.18%,37312,9.86M
866,INTS,"Intensity Therapeutics, Inc.",33.38M,-1.78%,8510,-
867,POCI,"Precision Optics Corporation, Inc.",32.64M,-,7481,18.98M
868,RNXT,"RenovoRx, Inc.",32.62M,2.26%,38418,-
869,CPIX,Cumberland Pharmaceuticals Inc.,31.74M,0.44%,40423,36.79M
870,ENZ,"Enzo Biochem, Inc.",31.65M,1.02%,56734,30.31M
871,MBOT,Microbot Medical Inc.,31.16M,-0.54%,2172689,-
872,LEXX,Lexaria Bioscience Corp.,31.07M,-2.75%,48221,496.92K
873,XLO,"Xilio Therapeutics, Inc.",30.99M,1.45%,61215,4.62M
874,GDTC,CytoMed Therapeutics Limited,30.47M,5.18%,10043,330.25K
875,CGTX,"Cognition Therapeutics, Inc.",30.04M,-5.90%,1370422,-
876,MRNS,"Marinus Pharmaceuticals, Inc.",29.94M,0.35%,257191,31.47M
877,CRIS,"Curis, Inc.",29.80M,6.99%,37242,10.26M
878,PMN,"ProMIS Neurosciences, Inc.",29.73M,2.19%,8380,-
879,IXHL,Incannex Healthcare Inc.,29.46M,2.45%,28941,86.00K
880,BIVI,BioVie Inc.,29.27M,-1.20%,454696,-
881,MLEC,Moolec Science SA,29.08M,0.81%,4080,5.63M
882,CVM,CEL-SCI Corporation,28.83M,-2.63%,318121,-
883,ONMD,OneMedNet Corporation,28.83M,0.98%,69185,957.65K
884,NXGL,"NEXGEL, Inc.",28.72M,3.80%,76055,6.73M
885,DARE,"Daré Bioscience, Inc.",28.28M,1.25%,9991,1.88M
886,RAIN,"Rain Enhancement Technologies Holdco, Inc.",28.15M,-3.64%,13782,-
887,PULM,"Pulmatrix, Inc.",28.12M,-1.03%,22925,10.01M
888,NSYS,Nortech Systems Incorporated,28.12M,1.19%,1153,135.57M
889,XAIR,"Beyond Air, Inc.",27.66M,0.84%,436365,2.34M
890,IBIO,"iBio, Inc.",27.54M,1.35%,240439,175.00K
891,IRIX,IRIDEX Corporation,27.28M,-0.61%,9271,48.43M
892,BCAB,"BioAtla, Inc.",27.27M,-0.84%,464011,11.00M
893,OMGA,"Omega Therapeutics, Inc.",27.13M,5.24%,1278747,8.10M
894,FEMY,Femasys Inc.,27.02M,-0.84%,121635,1.26M
895,AKTX,"Akari Therapeutics, Plc",26.99M,-18.05%,80513,-
896,COEP,"Coeptis Therapeutics Holdings, Inc.",26.62M,1.09%,131401,-
897,VSEE,"VSee Health, Inc.",26.32M,-,101590,8.06M
898,LVTX,LAVA Therapeutics N.V.,25.77M,3.62%,26827,7.35M
899,DHAI,"DIH Holding US, Inc.",25.76M,-4.80%,318784,73.49M
900,NRSN,NeuroSense Therapeutics Ltd.,25.67M,4.72%,131959,-
901,PLUR,Pluri Inc.,24.91M,2.28%,5004,598.00K
902,IGC,"IGC Pharma, Inc.",24.77M,-1.39%,403453,1.18M
903,RVP,"Retractable Technologies, Inc.",24.55M,-1.34%,14777,38.27M
904,ENLV,Enlivex Therapeutics Ltd.,24.19M,-0.90%,24545,-
905,CODX,"Co-Diagnostics, Inc.",23.98M,-4.94%,224200,7.32M
906,DRRX,DURECT Corporation,23.75M,-4.96%,61802,8.59M
907,DRIO,DarioHealth Corp.,23.68M,-3.14%,395001,23.05M
908,HOOK,HOOKIPA Pharma Inc.,23.63M,-2.00%,33314,50.00M
909,VVOS,"Vivos Therapeutics, Inc.",23.38M,1.02%,114396,14.58M
910,CTXR,"Citius Pharmaceuticals, Inc.",23.12M,-4.95%,87770,-
911,LPCN,Lipocine Inc.,23.10M,-3.36%,36297,7.92M
912,LGVN,Longeveron Inc.,22.85M,-3.75%,199051,1.85M
913,NRXS,"NeurAxis, Inc.",22.70M,-7.75%,40536,2.46M
914,EQ,"Equillium, Inc.",22.68M,-3.03%,23981,45.91M
915,CCM,Concord Medical Services Holdings Limited,22.58M,-5.11%,9881,64.91M
916,NXTC,"NextCure, Inc.",22.54M,0.73%,60735,-
917,CYTH,"Cyclo Therapeutics, Inc.",22.15M,5.42%,29966,870.73K
918,CARA,"Cara Therapeutics, Inc.",22.13M,-3.39%,10529,8.69M
919,TRAW,"Traws Pharma, Inc.",22.03M,0.83%,35814,226.00K
920,NKGN,"NKGen Biotech, Inc.",21.96M,0.33%,82700,-
921,DOMH,Dominari Holdings Inc.,21.90M,-2.51%,1333660,12.59M
922,LPTX,"Leap Therapeutics, Inc.",21.46M,7.86%,1092993,-
923,ALLK,Allakos Inc.,21.46M,-1.60%,5110662,-
924,PTN,"Palatin Technologies, Inc.",21.34M,1.11%,251665,2.38M
925,SLGL,Sol-Gel Technologies Ltd.,21.30M,-0.70%,63988,11.71M
926,APRE,"Aprea Therapeutics, Inc.",21.25M,0.51%,13111,1.31M
927,GELS,Gelteq Limited,21.24M,-9.27%,90295,95.62K
928,LSTA,"Lisata Therapeutics, Inc.",20.99M,-3.46%,5451,-
929,TENX,"Tenax Therapeutics, Inc.",20.45M,-0.17%,122801,-
930,BFRG,"Bullfrog AI Holdings, Inc.",20.43M,-11.51%,756423,-
931,ATHA,"Athira Pharma, Inc.",20.31M,-1.63%,184809,-
932,COCP,"Cocrystal Pharma, Inc.",20.25M,-1.97%,6355,-
933,SABS,"SAB Biotherapeutics, Inc.",20.21M,0.92%,229256,1.51M
934,ALUR,Allurion Technologies Inc.,20.19M,9.91%,573185,34.75M
935,IBO,Impact BioMedical Inc.,20.13M,-5.62%,20097,-
936,SNTI,"Senti Biosciences, Inc.",20.01M,-1.36%,15480,-
937,MIRA,"MIRA Pharmaceuticals, Inc.",19.87M,-4.76%,226537,-
938,AMS,American Shared Hospital Services,19.78M,-0.64%,9382,24.97M
939,MRKR,"Marker Therapeutics, Inc.",19.70M,-4.17%,204410,5.40M
940,STRM,"Streamline Health Solutions, Inc.",19.64M,1.21%,21265,18.59M
941,PYPD,PolyPid Ltd.,19.46M,-4.03%,35798,-
942,ERNA,Eterna Therapeutics Inc.,19.44M,3.28%,398915,598.00K
943,CARM,"Carisma Therapeutics, Inc.",19.20M,-7.86%,254166,20.27M
944,MEIP,"MEI Pharma, Inc.",18.99M,-,17130,-
945,BOLT,"Bolt Biotherapeutics, Inc.",18.75M,-2.57%,46019,9.78M
946,CRVO,CervoMed Inc.,18.65M,0.44%,207036,10.07M
947,INAB,"IN8bio, Inc.",18.54M,3.19%,177333,-
948,KAPA,"Kairos Pharma, Ltd.",18.37M,-3.38%,59114,-
949,GOVX,"GeoVax Labs, Inc.",18.02M,-2.05%,215052,3.09M
950,CDIO,"Cardio Diagnostics Holdings, Inc.",17.76M,-2.38%,640433,35.69K
951,BSGM,"BioSig Technologies, Inc.",17.75M,25.12%,276409,39.00K
952,GLYC,"GlycoMimetics, Inc.",17.29M,-6.75%,336758,10.00K
953,NNVC,"NanoViricides, Inc.",17.22M,12.15%,686349,-
954,ADGM,"Adagio Medical Holdings, Inc.",17.01M,17.00%,615352,543.00K
955,NEPH,"Nephros, Inc.",16.77M,-3.64%,10477,13.55M
956,DWTX,"Dogwood Therapeutics, Inc.",16.64M,-2.12%,361943,-
957,AFMD,Affimed N.V.,16.56M,3.12%,132840,6.29M
958,BRTX,"BioRestorative Therapies, Inc.",16.47M,-0.42%,56627,377.00K
959,SYBX,"Synlogic, Inc.",16.26M,-,16298,2.78M
960,BTAI,"BioXcel Therapeutics, Inc.",16.18M,0.96%,520530,2.28M
961,NERV,"Minerva Neurosciences, Inc.",16.15M,-2.94%,29495,-
962,CANF,Can-Fite BioPharma Ltd.,15.96M,-4.52%,73506,667.00K
963,IINN,Inspira Technologies Oxy B.H.N. Ltd.,15.73M,-10.53%,905162,-
964,TRIB,Trinity Biotech plc,15.68M,-2.70%,431451,59.13M
965,IPA,ImmunoPrecise Antibodies Ltd.,15.60M,2.85%,1031840,17.27M
966,BLRX,BioLineRx Ltd.,15.60M,-,204405,21.99M
967,MTVA,MetaVia Inc.,15.59M,-8.12%,26308,-
968,SPRB,"Spruce Biosciences, Inc.",15.49M,2.43%,314977,7.10M
969,XTLB,XTL Biopharmaceuticals Ltd.,15.02M,-1.25%,968,46.00K
970,COSM,Cosmos Health Inc.,14.88M,7.06%,201720,56.04M
971,LFWD,Lifeward Ltd.,14.77M,-2.11%,167415,25.00M
972,BCTX,BriaCell Therapeutics Corp.,14.72M,-9.87%,162277,-
973,CLDI,"Calidi Biotherapeutics, Inc.",14.65M,21.20%,7146153,-
974,CING,Cingulate Inc.,14.62M,-,162692,-
975,FLGC,Flora Growth Corp.,14.42M,1.30%,88225,64.15M
976,CHRO,Channel Therapeutics Corporation,14.11M,-4.10%,111826,-
977,LUCY,"Innovative Eyewear, Inc.",13.31M,2.83%,29731,1.56M
978,PHGE,BiomX Inc.,13.25M,3.30%,28770,-
979,AIM,AIM ImmunoTech Inc.,12.88M,0.45%,364035,190.00K
980,INDP,"Indaptus Therapeutics, Inc.",12.85M,-2.67%,14147,-
981,IMNN,"Imunon, Inc.",12.83M,-2.78%,58383,-
982,TXMD,"TherapeuticsMD, Inc.",12.46M,-,12552,1.60M
983,HCWB,HCW Biologics Inc.,12.39M,1.24%,98665,3.50M
984,ACXP,"Acurx Pharmaceuticals, Inc.",12.34M,-3.74%,104330,-
985,MYNZ,Mainz Biomed N.V.,12.19M,9.34%,358813,917.20K
986,KPRX,"Kiora Pharmaceuticals, Inc.",12.09M,1.00%,31853,16.02M
987,LYRA,"Lyra Therapeutics, Inc.",11.97M,-0.16%,521552,1.47M
988,EKSO,"Ekso Bionics Holdings, Inc.",11.84M,-7.01%,518528,17.68M
989,BIAF,"bioAffinity Technologies, Inc.",11.84M,-2.20%,69985,9.37M
990,SNSE,"Sensei Biotherapeutics, Inc.",11.82M,-0.53%,50169,-
991,SSKN,"STRATA Skin Sciences, Inc.",11.35M,-7.17%,13192,32.68M
992,BCDA,"BioCardia, Inc.",11.32M,6.47%,93054,71.00K
993,IMRN,Immuron Limited,11.29M,-4.58%,7874,3.27M
994,PMCB,"PharmaCyte Biotech, Inc.",11.18M,-1.54%,11210,-
995,TLPH,"Talphera, Inc.",10.81M,-9.26%,326514,281.00K
996,RLMD,"Relmada Therapeutics, Inc.",10.53M,-1.41%,337737,-
997,APTO,Aptose Biosciences Inc.,10.49M,4.08%,455627,-
998,EVGN,Evogene Ltd.,10.45M,1.29%,15513,7.48M
999,JAGX,"Jaguar Health, Inc.",10.43M,-1.73%,212124,10.48M
1000,BCLI,Brainstorm Cell Therapeutics Inc.,10.38M,-6.19%,149648,-
1001,CLRB,"Cellectar Biosciences, Inc.",10.38M,0.96%,468112,-
1002,EVOK,"Evoke Pharma, Inc.",10.27M,3.97%,33520,8.62M
1003,AYTU,"Aytu BioPharma, Inc.",10.24M,-0.89%,16649,79.76M
1004,PRPO,"Precipio, Inc.",10.19M,4.76%,6488,17.41M
1005,MHUA,"Meihua International Medical Technologies Co., Ltd.",10.16M,2.05%,177543,94.25M
1006,TSBX,Turnstone Biologics Corp.,10.01M,-10.58%,182069,-
1007,ICU,SeaStar Medical Holding Corporation,10.00M,29.48%,6587131,68.00K
1008,CYCN,"Cyclerion Therapeutics, Inc.",9.92M,54.33%,81824098,194.00K
1009,CSCI,COSCIENS Biopharma Inc.,9.86M,-0.37%,1387,4.83M
1010,CJJD,"China Jo-Jo Drugstores, Inc.",9.82M,-1.85%,1241,147.13M
1011,POAI,Predictive Oncology Inc.,9.80M,-5.16%,325453,1.48M
1012,AEMD,"Aethlon Medical, Inc.",9.77M,-4.52%,801022,-
1013,AIMD,"Ainos, Inc.",9.58M,-0.32%,95132,40.63K
1014,APLM,"Apollomics, Inc.",9.37M,-1.28%,6454,2.10M
1015,BMRA,"Biomerica, Inc.",9.26M,-10.18%,825676,5.58M
1016,MBIO,"Mustang Bio, Inc.",9.24M,-7.89%,83054,-
1017,MNDR,Mobile-health Network Solutions,9.19M,-0.67%,295036,13.97M
1018,APDN,"Applied DNA Sciences, Inc.",9.16M,-1.63%,886627,3.43M
1019,ENSC,"Ensysce Biosciences, Inc.",8.97M,2.42%,33471,4.42M
1020,PPBT,Purple Biotech Ltd,8.87M,-3.85%,23272,-
1021,KZIA,Kazia Therapeutics Limited,8.83M,-16.84%,2188703,1.66M
1022,BNGO,"Bionano Genomics, Inc.",8.82M,-9.74%,228479,33.33M
1023,NURO,"NeuroMetrix, Inc.",8.80M,2.38%,70283,3.77M
1024,BFRI,Biofrontera Inc.,8.76M,6.60%,569308,35.36M
1025,HOTH,"Hoth Therapeutics, Inc.",8.70M,-1.56%,593795,-
1026,CUTR,"Cutera, Inc.",8.63M,3.44%,165981,155.21M
1027,NEUP,Neuphoria Therapeutics Inc.,8.62M,-2.03%,123545,-
1028,SYRA,Syra Health Corp.,8.38M,-3.24%,229768,7.74M
1029,KLTO,"Klotho Neurosciences, Inc.",8.08M,-3.94%,68249,-
1030,KDLY,"Kindly MD, Inc.",7.77M,-2.99%,91977,2.88M
1031,MGRX,"Mangoceuticals, Inc.",7.75M,11.21%,103158,755.00K
1032,INBS,Intelligent Bio Solutions Inc.,7.72M,9.32%,516729,3.19M
1033,RDHL,RedHill Biopharma Ltd.,7.57M,-0.68%,5916,3.71M
1034,PAVM,PAVmed Inc.,7.35M,-0.75%,71993,4.03M
1035,VRAX,Virax Biolabs Group Limited,7.34M,-,119007,84.87K
1036,PSTV,"Plus Therapeutics, Inc.",7.31M,-,28567,5.73M
1037,SILO,"Silo Pharma, Inc.",7.22M,-12.02%,428332,72.10K
1038,OTRK,"Ontrak, Inc.",7.09M,0.60%,12204,11.24M
1039,PBM,Psyence Biomedical Ltd.,6.95M,-3.09%,66371,-
1040,OCEA,"Ocean Biomedical, Inc.",6.84M,3.48%,6420059,-
1041,STRR,"Star Equity Holdings, Inc.",6.76M,-3.23%,11193,50.38M
1042,IMCC,IM Cannabis Corp.,6.72M,-3.56%,16458,38.04M
1043,XBIO,"Xenetic Biosciences, Inc.",6.65M,0.70%,7572,2.52M
1044,EDSA,"Edesa Biotech, Inc.",6.61M,0.79%,21252,-
1045,XWEL,"XWELL, Inc.",6.57M,-2.34%,10344,33.83M
1046,GLTO,"Galecto, Inc.",6.53M,-1.20%,8079,-
1047,ADXN,Addex Therapeutics Ltd,6.51M,2.53%,6955,701.26K
1048,APM,Aptorum Group Limited,6.51M,-5.69%,135253,-
1049,ABVC,"ABVC BioPharma, Inc.",6.33M,-1.45%,87914,509.79K
1050,PRPH,"ProPhase Labs, Inc.",6.29M,-38.99%,847619,12.75M
1051,AWH,Aspira Women's Health Inc.,6.29M,-9.78%,166370,8.96M
1052,SSY,"SunLink Health Systems, Inc.",6.20M,2.33%,29223,31.81M
1053,ALZN,"Alzamend Neuro, Inc.",6.17M,-1.30%,66138,-
1054,QNTM,Quantum BioPharma Ltd.,6.12M,3.67%,36627,-
1055,VIRX,"Viracta Therapeutics, Inc.",6.02M,-3.38%,448672,-
1056,SNGX,"Soligenix, Inc.",5.85M,0.87%,26140,364.18K
1057,PHIO,Phio Pharmaceuticals Corp.,5.76M,-7.21%,790117,-
1058,SBFM,"Sunshine Biopharma, Inc.",5.71M,1.92%,51217,32.96M
1059,FOXO,FOXO Technologies Inc.,5.66M,-8.40%,1977849,1.34M
1060,GRI,"GRI Bio, Inc.",5.65M,-3.76%,44485,-
1061,CMND,Clearmind Medicine Inc.,5.60M,2.22%,44803,-
1062,LIXT,"Lixte Biotechnology Holdings, Inc.",5.56M,1.02%,2478,-
1063,ONVO,"Organovo Holdings, Inc.",5.55M,3.61%,67894,103.00K
1064,CELZ,"Creative Medical Technology Holdings, Inc.",5.47M,-7.40%,74319,11.00K
1065,CNSP,"CNS Pharmaceuticals, Inc.",5.47M,-4.71%,5947679,-
1066,ADIL,"Adial Pharmaceuticals, Inc.",5.32M,-,75479,-
1067,RNAZ,"TransCode Therapeutics, Inc.",5.26M,-6.09%,264423,-
1068,GNPX,"Genprex, Inc.",5.26M,1.41%,263980,-
1069,CHEK,Check-Cap Ltd.,5.26M,-11.00%,92182,-
1070,ELAB,PMGC Holdings Inc.,5.25M,0.59%,857779,2.45M
1071,AEON,"AEON Biopharma, Inc.",5.14M,5.93%,7463154,-
1072,TNON,"Tenon Medical, Inc.",5.08M,0.62%,87688,3.32M
1073,GTBP,"GT Biopharma, Inc.",4.98M,8.25%,20859,-
1074,ALLR,"Allarity Therapeutics, Inc.",4.97M,-5.08%,1913097,-
1075,SONN,"Sonnet BioTherapeutics Holdings, Inc.",4.96M,-4.62%,55731,18.63K
1076,PRTG,Portage Biotech Inc.,4.94M,-3.29%,39055,-
1077,PLRZ,Polyrizon Ltd.,4.82M,-12.88%,242192,-
1078,RHE,"Regional Health Properties, Inc.",4.81M,10.29%,110695,15.75M
1079,SYRS,"Syros Pharmaceuticals, Inc.",4.70M,3.12%,969975,386.00K
1080,SNPX,"Synaptogenix, Inc.",4.54M,-3.46%,9120,-
1081,MBRX,"Moleculin Biotech, Inc.",4.53M,-1.95%,14362,-
1082,TTOO,"T2 Biosystems, Inc.",4.52M,2.38%,1272152,7.68M
1083,ONCO,"Onconetix, Inc.",4.51M,-3.66%,457063,1.87M
1084,NUWE,"Nuwellis, Inc.",4.51M,-1.60%,1830619,8.97M
1085,CPHI,"China Pharma Holdings, Inc.",4.20M,-9.91%,310028,5.54M
1086,GLMD,Galmed Pharmaceuticals Ltd.,4.19M,-0.71%,15737,-
1087,CERO,"CERo Therapeutics Holdings, Inc.",4.11M,7.54%,393170,-
1088,SINT,"Sintx Technologies, Inc.",4.08M,-,17128,3.25M
1089,NLSP,NLS Pharmaceutics AG,4.04M,25.76%,61063699,-
1090,NCNA,NuCana plc,4.00M,-0.97%,132802,-
1091,HCTI,"Healthcare Triangle, Inc.",3.97M,-7.46%,297885,16.57M
1092,ARTL,"Artelo Biosciences, Inc.",3.87M,0.84%,6456,-
1093,EYEN,"Eyenovia, Inc.",3.86M,-0.86%,10180713,31.83K
1094,ICCT,iCoreConnect Inc.,3.85M,0.36%,116009,11.05M
1095,THAR,"Tharimmune, Inc.",3.79M,0.51%,21287,-
1096,OGEN,"Oragenics, Inc.",3.79M,1.11%,101910,-
1097,PALI,"Palisade Bio, Inc.",3.76M,-4.90%,169386,-
1098,SNOA,"Sonoma Pharmaceuticals, Inc.",3.60M,1.13%,132838,13.55M
1099,TOVX,"Theriva Biologics, Inc.",3.53M,-0.78%,87989,-
1100,BPTH,"Bio-Path Holdings, Inc.",3.48M,-1.04%,57745,-
1101,AMIX,"Autonomix Medical, Inc.",3.35M,-4.59%,41171,-
1102,XRTX,XORTX Therapeutics Inc.,3.32M,5.56%,7943,-
1103,LIPO,Lipella Pharmaceuticals Inc.,3.28M,1.88%,22259,483.53K
1104,NAYA,"NAYA Biosciences, Inc.",3.27M,-4.95%,12124,-
1105,ZVSA,"ZyVersa Therapeutics, Inc.",3.26M,0.72%,31502,-
1106,NBY,"NovaBay Pharmaceuticals, Inc.",3.25M,2.38%,224852,13.84M
1107,SLRX,"Salarius Pharmaceuticals, Inc.",3.23M,4.19%,45392,-
1108,VTAK,"Catheter Precision, Inc.",3.20M,-2.51%,53476,399.00K
1109,XYLO,Xylo Technologies Ltd,3.20M,0.46%,6387,57.64M
1110,YCBD,"cbdMD, Inc.",3.17M,-2.39%,1299067,19.48M
1111,HSCS,HeartSciences Inc.,3.16M,-3.65%,6173,14.70K
1112,SCNI,Scinai Immunotherapeutics Ltd.,3.06M,3.72%,1475,452.00K
1113,SLXN,Silexion Therapeutics Corp,3.05M,-7.32%,8992570,-
1114,TCBP,TC Biopharm (Holdings) Plc,3.05M,15.72%,973671,-
1115,CDT,Conduit Pharmaceuticals Inc.,2.97M,-2.75%,216163,-
1116,TTNP,"Titan Pharmaceuticals, Inc.",2.97M,-1.37%,7867,-
1117,MTNB,"Matinas BioPharma Holdings, Inc.",2.95M,-1.69%,77183,-
1118,EVAX,Evaxion Biotech A/S,2.88M,-0.61%,387919,3.30M
1119,KTTA,Pasithea Therapeutics Corp.,2.84M,-1.75%,15565,-
1120,PTPI,"Petros Pharmaceuticals, Inc.",2.80M,-1.86%,434246,4.02M
1121,HSDT,"Helius Medical Technologies, Inc.",2.80M,18.11%,638735,502.00K
1122,WORX,SCWorx Corp.,2.77M,-5.70%,33726,3.22M
1123,ATNF,180 Life Sciences Corp.,2.77M,-2.78%,66801,-
1124,SHPH,"Shuttle Pharmaceuticals Holdings, Inc.",2.76M,-4.13%,15099,-
1125,BBLG,Bone Biologics Corporation,2.73M,-0.89%,204098,-
1126,TCRT,"Alaunos Therapeutics, Inc.",2.72M,2.41%,4013,7.00K
1127,RSLS,ReShape Lifesciences Inc.,2.69M,1.08%,9109,8.18M
1128,VINC,"Vincerx Pharma, Inc.",2.65M,5.33%,372094,-
1129,ATXI,"Avenue Therapeutics, Inc.",2.60M,3.03%,99036,-
1130,NDRA,ENDRA Life Sciences Inc.,2.58M,-10.43%,20045,-
1131,BDRX,Biodexa Pharmaceuticals Plc,2.56M,3.19%,3449,104.90K
1132,DRMA,"Dermata Therapeutics, Inc.",2.51M,2.50%,134394,-
1133,PTIX,"Protagenic Therapeutics, Inc.",2.51M,-5.63%,158801,-
1134,VERO,Venus Concept Inc.,2.44M,-6.12%,33919,67.20M
1135,TNFA,"TNF Pharmaceuticals, Inc.",2.42M,-0.99%,179696,-
1136,QLGN,"Qualigen Therapeutics, Inc.",2.41M,-4.94%,30439,-
1137,ENTO,"Entero Therapeutics, Inc.",2.37M,-0.32%,65902,-
1138,LGMK,"LogicMark, Inc.",2.34M,-2.54%,78243,10.08M
1139,AKAN,Akanda Corp.,2.30M,0.63%,145252,2.51M
1140,TIVC,"Tivic Health Systems, Inc.",2.23M,-1.79%,208601,957.00K
1141,INM,InMed Pharmaceuticals Inc.,2.21M,-5.81%,114795,4.96M
1142,APVO,Aptevo Therapeutics Inc.,2.19M,-1.79%,10203,-
1143,PCSA,"Processa Pharmaceuticals, Inc.",2.12M,-0.75%,631930,-
1144,CYCC,"Cyclacel Pharmaceuticals, Inc.",2.09M,-7.09%,140521,74.00K
1145,NAOV,"NanoVibronix, Inc.",2.06M,-7.08%,3607829,3.29M
1146,NIVF,NewGenIvf Group Limited,2.03M,-42.47%,14584373,5.68M
1147,BJDX,"Bluejay Diagnostics, Inc.",1.98M,-12.80%,27618,-
1148,REVB,"Revelation Biosciences, Inc.",1.97M,-1.31%,299723,-
1149,ISPC,iSpecimen Inc.,1.92M,-4.78%,59151,10.39M
1150,AZTR,"Azitra, Inc.",1.85M,-4.04%,750859,97.50K
1151,AVGR,"Avinger, Inc.",1.84M,-4.17%,298964,7.26M
1152,PRFX,PainReform Ltd.,1.74M,-5.74%,79978,-
1153,QNRX,"Quoin Pharmaceuticals, Ltd.",1.68M,15.26%,4352266,-
1154,SXTP,"60 Degrees Pharmaceuticals, Inc.",1.67M,-9.21%,1320678,462.61K
1155,SPRC,SciSparc Ltd.,1.61M,1.93%,360269,1.75M
1156,ADTX,"Aditxt, Inc.",1.53M,-1.83%,9182867,212.11K
1157,VRPX,"Virpax Pharmaceuticals, Inc.",1.53M,0.13%,466038,-
1158,SXTC,"China SXT Pharmaceuticals, Inc.",1.43M,0.15%,298298,1.93M
1159,ENVB,"Enveric Biosciences, Inc.",1.42M,-46.41%,1533328,-
1160,SCPX,"Scorpius Holdings, Inc.",1.29M,-5.36%,461695,10.04M
1161,BACK,"IMAC Holdings, Inc.",1.26M,-2.81%,496064,72.05K
1162,HEPA,"Hepion Pharmaceuticals, Inc.",1.25M,-3.80%,7549243,-
1163,WINT,"Windtree Therapeutics, Inc.",1.17M,-2.54%,3083037,-
1164,GCTK,"GlucoTrack, Inc.",1.03M,-9.86%,13401446,-
1165,STSS,"Sharps Technology, Inc.",800.09K,-3.22%,3251768,-
1166,ACON,"Aclarion, Inc.",221.24K,-,687493,49.29K
