,Symbol,Company Name,Market Cap,% Change,Volume,Revenue
0,GE,General Electric Company,218.57B,-0.97%,3705697,38.70B
1,CAT,Caterpillar Inc.,179.33B,-0.94%,2857558,64.81B
2,RTX,RTX Corporation,171.63B,-0.02%,3640965,80.74B
3,UNP,Union Pacific Corporation,150.22B,-0.85%,2986541,24.25B
4,HON,Honeywell International Inc.,145.47B,-0.15%,2450323,37.85B
5,BA,The Boeing Company,132.25B,-1.68%,5436204,66.52B
6,DE,Deere & Company,129.79B,-0.71%,977231,51.53B
7,ETN,Eaton Corporation plc,129.01B,-0.20%,5543758,24.88B
8,LMT,Lockheed Martin Corporation,108.97B,0.72%,1043510,71.04B
9,UPS,"United Parcel Service, Inc.",97.48B,-0.58%,14564284,91.07B
10,RELX,RELX PLC,92.71B,-0.91%,443468,11.76B
11,PH,Parker-Hannifin Corporation,91.01B,0.45%,957240,19.91B
12,WM,"Waste Management, Inc.",88.40B,-0.98%,1947531,22.06B
13,MMM,3M Company,82.11B,-1.42%,2874339,24.58B
14,TT,Trane Technologies plc,81.63B,-0.97%,1201182,19.84B
15,CTAS,Cintas Corporation,80.94B,-0.80%,1156455,9.94B
16,ITW,Illinois Tool Works Inc.,76.53B,-0.37%,1253943,15.95B
17,TRI,Thomson Reuters Corporation,75.92B,-0.47%,288897,7.16B
18,TDG,TransDigm Group Incorporated,75.84B,-0.85%,134663,7.94B
19,CP,Canadian Pacific Kansas City Limited,74.50B,-0.28%,5397795,10.11B
20,EMR,Emerson Electric Co.,74.01B,-0.38%,1841851,17.49B
21,NOC,Northrop Grumman Corporation,70.54B,0.81%,582242,41.03B
22,GD,General Dynamics Corporation,69.36B,0.02%,1499064,47.72B
23,RSG,"Republic Services, Inc.",67.91B,-0.68%,501496,15.82B
24,CNI,Canadian National Railway Company,65.87B,-0.66%,2311540,11.85B
25,FDX,FedEx Corporation,63.79B,-1.62%,1862871,87.39B
26,CSX,CSX Corporation,63.39B,0.03%,21262316,14.54B
27,CARR,Carrier Global Corporation,58.66B,-0.89%,3993655,24.80B
28,PCAR,PACCAR Inc,58.15B,-1.45%,1887507,33.66B
29,NSC,Norfolk Southern Corporation,57.78B,-0.74%,998168,12.12B
30,CPRT,"Copart, Inc.",55.82B,-1.08%,3228861,4.36B
31,GWW,"W.W. Grainger, Inc.",51.75B,-5.63%,700306,17.17B
32,JCI,Johnson Controls International plc,51.49B,-0.27%,3885467,22.95B
33,HWM,Howmet Aerospace Inc.,51.42B,-0.62%,1316274,7.27B
34,AXON,"Axon Enterprise, Inc.",49.73B,-0.19%,594961,1.94B
35,URI,"United Rentals, Inc.",49.51B,-2.07%,775781,15.35B
36,CMI,Cummins Inc.,48.87B,-0.95%,495052,34.20B
37,WCN,"Waste Connections, Inc.",47.42B,-1.50%,836609,8.69B
38,PWR,"Quanta Services, Inc.",45.41B,-0.54%,1162656,22.90B
39,VRT,Vertiv Holdings Co,43.92B,2.11%,11146234,7.53B
40,DAL,"Delta Air Lines, Inc.",43.13B,-1.90%,3489203,61.64B
41,AME,"AMETEK, Inc.",42.69B,-0.77%,1116980,6.91B
42,FAST,Fastenal Company,41.99B,-1.76%,5205399,7.55B
43,VRSK,"Verisk Analytics, Inc.",40.59B,-0.22%,644560,2.82B
44,LHX,"L3Harris Technologies, Inc.",40.21B,-0.02%,1266251,21.33B
45,ODFL,"Old Dominion Freight Line, Inc.",39.63B,-0.63%,1547651,5.92B
46,OTIS,Otis Worldwide Corporation,38.12B,0.06%,1322432,14.26B
47,IR,Ingersoll Rand Inc.,37.80B,-0.22%,2296675,7.16B
48,FERG,Ferguson Enterprises Inc.,36.21B,-0.40%,1696368,29.70B
49,WAB,Westinghouse Air Brake Technologies Corporation,35.74B,-0.92%,449674,10.33B
50,UAL,"United Airlines Holdings, Inc.",34.81B,-3.25%,6066899,57.06B
51,EFX,Equifax Inc.,34.06B,-1.28%,760102,5.59B
52,HEI,HEICO Corporation,33.17B,0.35%,244722,3.86B
53,FER,Ferrovial SE,31.64B,-1.49%,43803,9.47B
54,ROK,"Rockwell Automation, Inc.",31.47B,-0.20%,873270,8.26B
55,XYL,Xylem Inc.,30.13B,1.85%,1399473,8.42B
56,HEI.A,HEICO Corporation,29.11B,0.59%,135868,3.86B
57,GPN,Global Payments Inc.,28.72B,-0.05%,1241385,10.02B
58,DOV,Dover Corporation,27.94B,-0.85%,1244844,7.75B
59,VLTO,Veralto Corporation,25.57B,-0.44%,994922,5.14B
60,RYAAY,Ryanair Holdings plc,22.83B,-3.09%,1437999,14.31B
61,HUBB,Hubbell Incorporated,22.70B,-0.83%,497516,5.64B
62,LII,Lennox International Inc.,21.10B,-2.33%,293951,5.34B
63,EME,"EMCOR Group, Inc.",20.61B,-0.14%,426334,14.24B
64,BLDR,"Builders FirstSource, Inc.",19.25B,-3.14%,1105169,16.73B
65,SNA,Snap-on Incorporated,18.64B,-0.97%,313961,5.10B
66,LUV,Southwest Airlines Co.,18.42B,-1.76%,9669831,27.48B
67,WSO.B,"Watsco, Inc.",18.05B,3.64%,992,7.47B
68,WSO,"Watsco, Inc.",18.02B,-1.18%,159733,7.47B
69,AER,AerCap Holdings N.V.,17.67B,0.21%,1069945,7.82B
70,CSL,Carlisle Companies Incorporated,17.60B,-1.26%,300693,5.01B
71,J,Jacobs Solutions Inc.,17.38B,0.22%,936517,11.50B
72,SYM,Symbotic Inc.,17.24B,-1.58%,1415999,1.79B
73,JBHT,"J.B. Hunt Transport Services, Inc.",17.22B,-1.23%,1397729,12.09B
74,PNR,Pentair plc,17.13B,0.21%,875907,4.09B
75,MAS,Masco Corporation,17.10B,-2.24%,1330679,7.88B
76,GFL,GFL Environmental Inc.,17.04B,-1.12%,2512569,5.74B
77,IEX,IDEX Corporation,16.99B,0.09%,384893,3.19B
78,RBA,"RB Global, Inc.",16.50B,-1.70%,3397869,4.18B
79,BAH,Booz Allen Hamilton Holding Corporation,16.48B,0.05%,3618546,11.78B
80,CNH,CNH Industrial N.V.,16.09B,-2.65%,18100840,21.75B
81,EXPD,"Expeditors International of Washington, Inc.",15.90B,-0.14%,1209540,9.92B
82,OC,Owens Corning,15.83B,-3.29%,917577,10.44B
83,XPO,"XPO, Inc.",15.56B,-2.05%,1500948,8.09B
84,FIX,"Comfort Systems USA, Inc.",15.50B,0.67%,397441,6.52B
85,ZTO,ZTO Express (Cayman) Inc.,14.90B,-2.20%,2308946,5.98B
86,RKLB,"Rocket Lab USA, Inc.",14.52B,1.82%,20545273,363.82M
87,UHAL,U-Haul Holding Company,14.29B,-1.26%,95891,5.64B
88,GGG,Graco Inc.,14.26B,0.32%,465184,2.11B
89,TXT,Textron Inc.,14.19B,-0.23%,568229,13.70B
90,ACM,AECOM,13.99B,-0.10%,1368094,16.11B
91,SWK,"Stanley Black & Decker, Inc.",13.58B,-2.06%,1228371,15.38B
92,ESLT,Elbit Systems Ltd.,13.45B,0.41%,37082,6.52B
93,CW,Curtiss-Wright Corporation,13.17B,0.03%,129813,3.08B
94,POOL,Pool Corporation,13.10B,-1.25%,404023,5.33B
95,UHAL.B,U-Haul Holding Company,12.85B,-1.42%,166397,5.64B
96,SAIA,"Saia, Inc.",12.73B,-3.01%,575002,3.17B
97,NDSN,Nordson Corporation,12.57B,-0.19%,327082,2.69B
98,CLH,"Clean Harbors, Inc.",12.56B,-2.32%,308291,5.80B
99,RTO,Rentokil Initial plc,12.45B,-0.16%,496564,6.84B
100,ITT,ITT Inc.,12.31B,-0.57%,216588,3.53B
101,CHRW,"C.H. Robinson Worldwide, Inc.",11.76B,-0.95%,2411392,17.72B
102,ALLE,Allegion plc,11.54B,-0.59%,666130,3.72B
103,MTZ,"MasTec, Inc.",11.31B,-1.25%,871501,12.18B
104,LECO,"Lincoln Electric Holdings, Inc.",11.22B,-0.76%,361656,4.05B
105,CNM,"Core & Main, Inc.",11.21B,-1.03%,838653,7.18B
106,TFII,TFI International Inc.,11.20B,-4.40%,287167,8.29B
107,AAL,American Airlines Group Inc.,11.13B,0.12%,29893165,54.21B
108,WWD,"Woodward, Inc.",11.00B,-0.35%,612760,3.32B
109,RBC,RBC Bearings Incorporated,10.89B,8.30%,298220,1.61B
110,ULS,UL Solutions Inc.,10.79B,-1.86%,341779,2.82B
111,NVT,nVent Electric plc,10.73B,-1.47%,1736397,3.54B
112,APG,APi Group Corporation,10.58B,-0.08%,1118211,6.92B
113,RRX,Regal Rexnord Corporation,10.51B,-2.65%,823292,6.18B
114,BWXT,"BWX Technologies, Inc.",10.33B,-2.00%,748811,2.68B
115,FTAI,FTAI Aviation Ltd.,10.31B,-2.73%,1778811,1.55B
116,ARMK,Aramark,10.31B,-1.82%,1679683,17.40B
117,AYI,"Acuity Brands, Inc.",10.19B,-0.68%,222824,3.86B
118,BLD,TopBuild Corp.,10.05B,-2.72%,256568,5.30B
119,AIT,"Applied Industrial Technologies, Inc.",9.98B,-1.36%,626836,4.48B
120,TTEK,"Tetra Tech, Inc.",9.86B,0.63%,6027864,4.50B
121,AOS,A. O. Smith Corporation,9.76B,0.49%,1640708,3.82B
122,CR,Crane Company,9.75B,-0.77%,344313,2.13B
123,CRS,Carpenter Technology Corporation,9.64B,-0.30%,946066,2.88B
124,AAON,"AAON, Inc.",9.46B,-0.19%,890748,1.21B
125,WMS,"Advanced Drainage Systems, Inc.",9.37B,-2.87%,374003,2.91B
126,PAC,"Grupo Aeroportuario del Pacífico, S.A.B. de C.V.",9.37B,-3.81%,97691,1.29B
127,DRS,"Leonardo DRS, Inc.",9.29B,-0.45%,432661,3.18B
128,KNX,Knight-Swift Transportation Holdings Inc.,9.24B,-2.46%,2027972,7.41B
129,MIDD,The Middleby Corporation,9.21B,-0.30%,728171,3.87B
130,LTM,LATAM Airlines Group S.A.,9.15B,0.50%,489546,12.83B
131,WCC,"WESCO International, Inc.",9.07B,-2.32%,509620,21.79B
132,ALK,"Alaska Air Group, Inc.",9.02B,-1.59%,2608371,11.74B
133,SARO,"StandardAero, Inc.",8.98B,-0.22%,584817,4.99B
134,MLI,"Mueller Industries, Inc.",8.96B,-1.70%,638456,3.58B
135,FBIN,"Fortune Brands Innovations, Inc.",8.90B,-2.21%,900820,4.67B
136,GTLS,"Chart Industries, Inc.",8.90B,0.07%,410311,4.07B
137,GNRC,Generac Holdings Inc.,8.88B,-1.92%,482890,4.12B
138,STN,Stantec Inc.,8.86B,-2.07%,123491,4.17B
139,DCI,"Donaldson Company, Inc.",8.50B,-0.64%,305902,3.64B
140,TTC,The Toro Company,8.43B,-1.54%,698560,4.58B
141,FLR,Fluor Corporation,8.27B,-0.68%,2717664,15.88B
142,FLS,Flowserve Corporation,8.23B,-0.52%,967486,4.54B
143,LPX,Louisiana-Pacific Corporation,8.22B,-1.00%,763102,2.92B
144,ASR,"Grupo Aeroportuario del Sureste, S. A. B. de C. V.",8.18B,-3.97%,28791,1.49B
145,ATI,ATI Inc.,8.14B,-1.21%,1145818,4.25B
146,DLB,"Dolby Laboratories, Inc.",8.07B,-4.11%,522296,1.32B
147,TREX,"Trex Company, Inc.",7.80B,-1.66%,771316,1.18B
148,AGCO,AGCO Corporation,7.80B,-1.83%,505468,12.58B
149,HII,"Huntington Ingalls Industries, Inc.",7.72B,0.90%,388493,11.71B
150,OSK,Oshkosh Corporation,7.57B,2.77%,1697445,10.76B
151,CAE,CAE Inc.,7.54B,-3.24%,530641,3.28B
152,ERJ,Embraer S.A.,7.51B,0.02%,842802,5.77B
153,ESAB,ESAB Corporation,7.49B,-0.32%,156063,2.76B
154,LOAR,Loar Holdings Inc.,7.44B,-0.79%,163183,378.81M
155,AZEK,The AZEK Company Inc.,7.35B,-1.48%,1392115,1.44B
156,BECN,"Beacon Roofing Supply, Inc.",7.32B,-0.67%,819962,9.66B
157,KBR,"KBR, Inc.",7.25B,-2.49%,2183906,7.35B
158,FCN,"FTI Consulting, Inc.",6.90B,-1.71%,196627,3.73B
159,ADT,ADT Inc.,6.90B,-1.03%,5548304,5.14B
160,WTS,"Watts Water Technologies, Inc.",6.89B,-0.24%,193528,2.26B
161,SPXC,"SPX Technologies, Inc.",6.89B,0.79%,299321,1.92B
162,WSC,WillScot Holdings Corporation,6.85B,0.24%,2005881,2.41B
163,JBTM,JBT Marel Corporation,6.83B,3.22%,315123,1.69B
164,CWST,"Casella Waste Systems, Inc.",6.81B,-1.26%,250642,1.49B
165,R,"Ryder System, Inc.",6.74B,-1.85%,1017942,12.47B
166,ZWS,Zurn Elkay Water Solutions Corporation,6.69B,0.36%,797691,1.55B
167,VMI,"Valmont Industries, Inc.",6.65B,-0.67%,61846,4.05B
168,AWI,"Armstrong World Industries, Inc.",6.58B,-0.75%,220507,1.39B
169,RHI,Robert Half Inc.,6.58B,0.31%,1527137,5.80B
170,MSA,MSA Safety Incorporated,6.48B,-0.40%,92941,1.80B
171,SITE,"SiteOne Landscape Supply, Inc.",6.42B,-0.87%,203213,4.49B
172,JOBY,"Joby Aviation, Inc.",6.32B,0.36%,11596323,1.11M
173,KEX,Kirby Corporation,6.27B,-2.65%,1190921,3.27B
174,SMR,NuScale Power Corporation,6.09B,1.10%,19597342,7.38M
175,FSS,Federal Signal Corporation,6.01B,-0.64%,297652,1.84B
176,GATX,GATX Corporation,5.88B,-0.76%,104470,1.59B
177,LSTR,"Landstar System, Inc.",5.82B,-1.37%,288156,4.83B
178,HRI,Herc Holdings Inc.,5.79B,-2.11%,270838,3.45B
179,MOG.A,Moog Inc.,5.74B,-3.21%,168104,3.66B
180,MOG.B,Moog Inc.,5.73B,-,-,3.66B
181,TKR,The Timken Company,5.63B,0.14%,894535,4.59B
182,CSWI,"CSW Industrials, Inc.",5.54B,0.59%,233243,858.61M
183,DY,"Dycom Industries, Inc.",5.52B,0.57%,292474,4.57B
184,GXO,"GXO Logistics, Inc.",5.43B,-1.13%,643073,11.05B
185,BE,Bloom Energy Corporation,5.39B,0.26%,6081405,1.26B
186,HXL,Hexcel Corporation,5.28B,-1.36%,762956,1.90B
187,GTES,Gates Industrial Corporation plc,5.27B,-0.62%,1474618,3.44B
188,SNDR,"Schneider National, Inc.",5.21B,-1.46%,982305,5.29B
189,AL,Air Lease Corporation,5.15B,-0.67%,613772,2.74B
190,AMTM,"Amentum Holdings, Inc.",5.10B,4.80%,2993535,8.39B
191,AVAV,"AeroVironment, Inc.",5.04B,4.75%,399579,761.50M
192,KTOS,"Kratos Defense & Security Solutions, Inc.",5.04B,-0.83%,1358633,1.13B
193,ACA,"Arcosa, Inc.",4.94B,-0.37%,169692,2.49B
194,SKYW,"SkyWest, Inc.",4.88B,3.56%,1177521,3.53B
195,ACHR,Archer Aviation Inc.,4.79B,1.94%,30722015,-
196,BBU,Brookfield Business Partners L.P.,4.76B,0.97%,7142,46.60B
197,MATX,"Matson, Inc.",4.71B,0.36%,185122,3.32B
198,EXPO,"Exponent, Inc.",4.65B,-0.62%,289150,508.60M
199,TNET,"TriNet Group, Inc.",4.63B,1.99%,290196,4.97B
200,FELE,"Franklin Electric Co., Inc.",4.57B,0.64%,249368,2.01B
201,ROAD,"Construction Partners, Inc.",4.50B,0.47%,536274,1.82B
202,MSM,"MSC Industrial Direct Co., Inc.",4.49B,-1.81%,694676,3.80B
203,IESC,"IES Holdings, Inc.",4.43B,-2.49%,152377,2.88B
204,KAI,Kadant Inc.,4.38B,-0.88%,36909,1.03B
205,STRL,"Sterling Infrastructure, Inc.",4.37B,-2.92%,700597,2.10B
206,VRRM,Verra Mobility Corporation,4.35B,-1.27%,895411,868.72M
207,AEIS,"Advanced Energy Industries, Inc.",4.34B,0.24%,401139,1.47B
208,MMS,"Maximus, Inc.",4.30B,-0.92%,648615,5.31B
209,CBZ,"CBIZ, Inc.",4.29B,-0.86%,168323,1.68B
210,GEO,"The GEO Group, Inc.",4.29B,0.16%,1564493,2.42B
211,RXO,"RXO, Inc.",4.12B,-0.39%,605925,3.86B
212,PRIM,Primoris Services Corporation,4.12B,-0.35%,584749,6.14B
213,BCO,The Brink's Company,4.07B,-2.65%,206095,4.99B
214,SPR,"Spirit AeroSystems Holdings, Inc.",3.99B,-2.49%,1219087,6.48B
215,UNF,UniFirst Corporation,3.98B,-0.66%,86330,2.44B
216,NPO,Enpro Inc.,3.90B,-0.56%,89184,1.04B
217,CPA,"Copa Holdings, S.A.",3.87B,-1.50%,308472,3.48B
218,ENS,EnerSys,3.87B,-1.13%,241478,3.51B
219,GVA,Granite Construction Incorporated,3.85B,-1.17%,360273,3.96B
220,OMAB,"Grupo Aeroportuario del Centro Norte, S.A.B. de C.V.",3.66B,-5.98%,109418,748.99M
221,CXT,"Crane NXT, Co.",3.66B,-0.40%,339092,1.44B
222,KFY,Korn Ferry,3.65B,-1.22%,245520,2.71B
223,GFF,Griffon Corporation,3.64B,-2.48%,321151,2.62B
224,MDU,"MDU Resources Group, Inc.",3.63B,-0.50%,1407606,4.45B
225,MWA,"Mueller Water Products, Inc.",3.60B,-0.04%,1634953,1.31B
226,BRC,Brady Corporation,3.56B,-0.68%,399227,1.39B
227,ECG,"Everus Construction Group, Inc.",3.51B,-2.38%,419953,2.73B
228,ATMU,Atmus Filtration Technologies Inc.,3.48B,-2.45%,359944,1.66B
229,ABM,ABM Industries Incorporated,3.32B,0.36%,239122,8.36B
230,REZI,"Resideo Technologies, Inc.",3.31B,-2.04%,592239,6.44B
231,MIR,"Mirion Technologies, Inc.",3.27B,-,1034820,836.90M
232,GMS,GMS Inc.,3.27B,-2.08%,402269,5.59B
233,LUNR,"Intuitive Machines, Inc.",3.27B,-3.30%,14030116,203.90M
234,FA,First Advantage Corporation,3.26B,0.69%,685934,755.64M
235,HEES,"H&E Equipment Services, Inc.",3.25B,0.02%,976553,1.52B
236,HAYW,"Hayward Holdings, Inc.",3.24B,-1.31%,1974434,1.00B
237,TEX,Terex Corporation,3.21B,-1.80%,621222,5.11B
238,CAR,"Avis Budget Group, Inc.",3.15B,-4.21%,480473,11.84B
239,CAAP,Corporación América Airports S.A.,3.15B,-1.90%,95812,1.50B
240,TRN,"Trinity Industries, Inc.",3.11B,-1.23%,404871,3.25B
241,MGRC,McGrath RentCorp,3.01B,-1.32%,143952,888.78M
242,POWL,"Powell Industries, Inc.",2.89B,1.44%,551887,1.01B
243,ATKR,Atkore Inc.,2.83B,-2.55%,339805,3.20B
244,MAN,ManpowerGroup Inc.,2.83B,-0.81%,844725,17.85B
245,NSP,"Insperity, Inc.",2.80B,0.13%,490652,6.55B
246,HUBG,"Hub Group, Inc.",2.74B,-0.69%,254481,3.96B
247,ATS,ATS Corporation,2.66B,-0.40%,156363,2.11B
248,HAFN,Hafnia Limited,2.66B,-,2531165,3.04B
249,ENOV,Enovis Corporation,2.63B,-1.12%,407654,2.00B
250,AZZ,AZZ Inc.,2.56B,-2.19%,118037,1.59B
251,MRCY,"Mercury Systems, Inc.",2.49B,2.68%,437450,858.72M
252,EPAC,Enerpac Tool Group Corp.,2.46B,0.62%,352065,592.74M
253,ENR,"Energizer Holdings, Inc.",2.45B,-0.47%,630264,2.89B
254,HI,"Hillenbrand, Inc.",2.39B,-0.50%,282611,3.18B
255,AIR,AAR Corp.,2.39B,-1.57%,222933,2.57B
256,HNI,HNI Corporation,2.38B,-1.60%,216464,2.56B
257,SEB,Seaboard Corporation,2.37B,-0.30%,2214,8.90B
258,JBLU,JetBlue Airways Corporation,2.28B,4.11%,46537247,9.28B
259,MYRG,MYR Group Inc.,2.28B,-1.81%,140216,3.54B
260,ENVX,Enovix Corporation,2.27B,-2.58%,6876998,20.74M
261,CXW,"CoreCivic, Inc.",2.26B,-1.21%,1501976,1.97B
262,ALG,Alamo Group Inc.,2.24B,-1.60%,61963,1.66B
263,ARCB,ArcBest Corporation,2.24B,1.16%,542458,4.18B
264,WERN,"Werner Enterprises, Inc.",2.23B,-1.72%,662524,3.10B
265,SXI,Standex International Corporation,2.21B,-2.07%,161335,717.74M
266,ICFI,"ICF International, Inc.",2.19B,-2.62%,310931,2.00B
267,ZIM,ZIM Integrated Shipping Services Ltd.,2.14B,-1.55%,3182328,7.47B
268,WOR,"Worthington Enterprises, Inc.",2.10B,-3.30%,436481,1.17B
269,VSEC,VSE Corporation,2.09B,-0.68%,166085,1.02B
270,GBX,"The Greenbrier Companies, Inc.",2.08B,-1.30%,246749,3.61B
271,HURN,Huron Consulting Group Inc.,2.07B,-4.51%,133453,1.44B
272,HLMN,Hillman Solutions Corp.,1.97B,-1.28%,565651,1.47B
273,BWLP,BW LPG Limited,1.93B,-5.45%,635886,3.60B
274,ULCC,"Frontier Group Holdings, Inc.",1.90B,-1.17%,3261969,3.66B
275,CDLR,Cadeler A/S,1.87B,-0.24%,33495,201.00M
276,ROCK,"Gibraltar Industries, Inc.",1.86B,-1.68%,396717,1.34B
277,KMT,Kennametal Inc.,1.86B,-1.16%,839141,2.04B
278,AGX,"Argan, Inc.",1.86B,-0.07%,1045866,806.26M
279,NPWR,NET Power Inc.,1.85B,-1.38%,342055,250.00K
280,GOGL,Golden Ocean Group Limited,1.84B,-0.11%,1803892,1.01B
281,VSTS,Vestis Corporation,1.84B,-11.74%,6182636,2.77B
282,PL,Planet Labs PBC,1.82B,4.81%,10595738,241.65M
283,ALGT,Allegiant Travel Company,1.82B,-1.57%,251271,2.50B
284,SBLK,Star Bulk Carriers Corp.,1.81B,-1.22%,1372362,1.22B
285,REVG,"REV Group, Inc.",1.81B,0.58%,450637,2.38B
286,PRG,"PROG Holdings, Inc.",1.78B,-1.22%,332918,2.42B
287,PLUG,Plug Power Inc.,1.69B,-3.13%,68539592,659.51M
288,CMPR,Cimpress plc,1.65B,-5.25%,381771,3.36B
289,XMTR,"Xometry, Inc.",1.65B,-4.92%,744447,525.13M
290,VVX,"V2X, Inc.",1.65B,0.95%,209829,4.20B
291,PBI,Pitney Bowes Inc.,1.62B,0.56%,1602208,3.22B
292,PCT,"PureCycle Technologies, Inc.",1.62B,-1.59%,1427180,-
293,TNC,Tennant Company,1.61B,-1.70%,88625,1.27B
294,CODI,Compass Diversified,1.61B,-1.25%,221093,2.22B
295,RDW,Redwire Corporation,1.60B,5.05%,3231114,298.03M
296,DXPE,"DXP Enterprises, Inc.",1.59B,-1.72%,526090,1.74B
297,DNOW,DNOW Inc.,1.57B,-3.00%,708658,2.36B
298,CDRE,"Cadre Holdings, Inc.",1.57B,-1.75%,121031,516.16M
299,LZ,"LegalZoom.com, Inc.",1.55B,-1.86%,2095539,678.84M
300,CMPO,"CompoSecure, Inc.",1.53B,-2.09%,1060640,419.61M
301,DAC,Danaos Corporation,1.53B,-0.75%,82922,1.01B
302,EVEX,"Eve Holding, Inc.",1.53B,-3.02%,202113,-
303,DSGR,"Distribution Solutions Group, Inc.",1.51B,-2.21%,28165,1.73B
304,BV,"BrightView Holdings, Inc.",1.50B,-1.81%,417138,2.77B
305,HLIO,"Helios Technologies, Inc.",1.48B,-0.11%,219489,819.80M
306,LNN,Lindsay Corporation,1.46B,-1.48%,56501,612.00M
307,ATSG,"Air Transport Services Group, Inc.",1.45B,-0.22%,2949921,1.96B
308,TGI,"Triumph Group, Inc.",1.45B,-1.37%,677428,1.21B
309,TILE,"Interface, Inc.",1.44B,-1.43%,300395,1.31B
310,NNE,NANO Nuclear Energy Inc.,1.41B,-3.47%,7940247,-
311,SFL,SFL Corporation Ltd.,1.41B,-1.77%,574439,876.07M
312,CMRE,Costamare Inc.,1.40B,-1.27%,343490,2.03B
313,KRNT,Kornit Digital Ltd.,1.38B,-2.29%,167985,199.71M
314,NSSC,"Napco Security Technologies, Inc.",1.35B,-1.34%,1109242,191.15M
315,NMM,Navios Maritime Partners L.P.,1.28B,0.26%,119686,1.33B
316,WLFC,Willis Lease Finance Corporation,1.28B,0.69%,25540,520.43M
317,HTZ,"Hertz Global Holdings, Inc.",1.27B,-2.36%,3587674,9.19B
318,TPC,Tutor Perini Corporation,1.26B,-2.11%,2500578,4.28B
319,MRTN,"Marten Transport, Ltd.",1.25B,-0.65%,341779,963.71M
320,EOSE,"Eos Energy Enterprises, Inc.",1.25B,-1.20%,6088221,14.96M
321,CRAI,"CRA International, Inc.",1.24B,-1.98%,28233,672.59M
322,NVEE,"NV5 Global, Inc.",1.23B,3.40%,452099,914.19M
323,CTOS,"Custom Truck One Source, Inc.",1.19B,-3.78%,885395,1.80B
324,AMRC,"Ameresco, Inc.",1.19B,0.58%,244068,1.68B
325,ARLO,"Arlo Technologies, Inc.",1.17B,0.26%,351511,524.41M
326,JBI,"Janus International Group, Inc.",1.17B,-1.43%,673734,996.80M
327,ULH,"Universal Logistics Holdings, Inc.",1.16B,-3.01%,30225,1.77B
328,BLBD,Blue Bird Corporation,1.14B,-1.52%,1175454,1.35B
329,BBSI,"Barrett Business Services, Inc.",1.12B,-0.55%,80560,1.12B
330,CCEC,Capital Clean Energy Carriers Corp.,1.12B,0.37%,10884,447.31M
331,APOG,"Apogee Enterprises, Inc.",1.12B,-2.84%,370874,1.38B
332,PRSU,"Pursuit Attractions and Hospitality, Inc.",1.11B,-4.68%,459773,1.40B
333,UP,Wheels Up Experience Inc.,1.09B,-3.70%,1357085,833.67M
334,EH,EHang Holdings Limited,1.08B,-1.34%,1739385,49.68M
335,CMCO,Columbus McKinnon Corporation,1.04B,-0.76%,357136,1.00B
336,LMB,"Limbach Holdings, Inc.",1.04B,-7.38%,194427,517.82M
337,AMSC,American Superconductor Corporation,1.04B,-3.81%,1150336,176.14M
338,DLX,Deluxe Corporation,1.03B,-0.98%,206378,2.14B
339,PRLB,"Proto Labs, Inc.",1.02B,-0.64%,140436,504.19M
340,KFRC,Kforce Inc.,1.02B,-0.46%,145742,1.42B
341,DCO,Ducommun Incorporated,1.01B,-0.39%,68439,781.49M
342,GRC,The Gorman-Rupp Company,1.01B,-1.72%,63272,657.53M
343,CECO,CECO Environmental Corp.,990.61M,-2.11%,206340,553.08M
344,NX,Quanex Building Products Corporation,987.52M,-3.31%,610092,1.28B
345,VLRS,"Controladora Vuela Compañía de Aviación, S.A.B. de C.V.",978.32M,-3.08%,610786,3.21B
346,PSIX,"Power Solutions International, Inc.",973.11M,0.98%,394228,436.42M
347,ASPN,"Aspen Aerogels, Inc.",959.13M,-0.51%,975603,413.83M
348,TH,Target Hospitality Corp.,952.80M,-0.10%,551312,428.80M
349,HSII,"Heidrick & Struggles International, Inc.",948.83M,-0.58%,99300,1.08B
350,GIC,Global Industrial Company,944.68M,-2.83%,106824,1.33B
351,HY,"Hyster-Yale, Inc.",934.25M,-1.42%,46790,4.27B
352,FWRD,Forward Air Corporation,933.78M,-2.04%,724885,2.18B
353,THR,"Thermon Group Holdings, Inc.",932.40M,-1.67%,159144,493.86M
354,BXC,BlueLinx Holdings Inc.,903.27M,-3.99%,40331,2.95B
355,HTLD,"Heartland Express, Inc.",898.26M,0.35%,693657,1.05B
356,SNCY,"Sun Country Airlines Holdings, Inc.",897.86M,-0.24%,857341,1.06B
357,MATW,Matthews International Corporation,866.81M,-3.95%,157848,1.80B
358,CRESY,"Cresud Sociedad Anónima, Comercial, Inmobiliaria, Financiera y Agropecuaria",860.44M,-2.65%,133621,751.94M
359,SWIM,"Latham Group, Inc.",844.06M,-2.41%,358655,512.11M
360,SKYH,Sky Harbour Group Corporation,839.10M,-3.77%,62826,12.36M
361,ADSE,ADS-TEC Energy PLC,832.27M,0.43%,918540,158.97M
362,ERII,"Energy Recovery, Inc.",830.20M,-1.51%,303712,135.06M
363,FIP,FTAI Infrastructure Inc.,798.49M,0.43%,778964,332.17M
364,ASTE,"Astec Industries, Inc.",796.01M,-1.86%,263952,1.28B
365,ECO,Okeanis Eco Tankers Corp.,782.43M,-0.66%,163764,399.71M
366,SPLP,Steel Partners Holdings L.P.,771.26M,2.03%,181,2.00B
367,NVRI,Enviri Corporation,767.69M,-1.54%,451504,2.09B
368,GSL,"Global Ship Lease, Inc.",764.80M,-1.10%,283743,701.48M
369,JELD,"JELD-WEN Holding, Inc.",754.81M,-4.80%,363606,3.90B
370,GLDD,Great Lakes Dredge & Dock Corporation,739.32M,-1.44%,247394,741.65M
371,PLPC,Preformed Line Products Company,736.79M,2.45%,233052,572.20M
372,CVLG,"Covenant Logistics Group, Inc.",730.42M,-2.08%,92177,1.13B
373,SERV,Serve Robotics Inc.,729.53M,1.53%,10124290,1.68M
374,TRNS,"Transcat, Inc.",717.00M,0.40%,130826,272.20M
375,MEG,"Montrose Environmental Group, Inc.",714.14M,-0.81%,305359,673.08M
376,RYI,Ryerson Holding Corporation,712.10M,-2.78%,1078237,4.70B
377,NPK,"National Presto Industries, Inc.",682.84M,-1.16%,14070,351.95M
378,ZIP,"ZipRecruiter, Inc.",672.19M,-2.55%,428071,498.90M
379,WNC,Wabash National Corporation,668.96M,-,2934213,1.95B
380,MAGN,Magnera Corporation,659.47M,-0.11%,362263,2.18B
381,EVLV,"Evolv Technologies Holdings, Inc.",631.78M,0.25%,1989202,89.22M
382,ATRO,Astronics Corporation,624.14M,-0.28%,277447,782.18M
383,GNK,Genco Shipping & Trading Limited,618.28M,-1.30%,361571,439.33M
384,BYRN,Byrna Technologies Inc.,608.52M,-11.89%,606408,73.42M
385,RGR,"Sturm, Ruger & Company, Inc.",597.75M,-1.55%,105425,520.49M
386,KODK,Eastman Kodak Company,594.16M,4.97%,1362617,1.05B
387,CASS,"Cass Information Systems, Inc.",558.92M,-1.81%,51776,219.89M
388,TWI,"Titan International, Inc.",557.52M,0.46%,794661,1.85B
389,IIIN,"Insteel Industries, Inc.",557.46M,-1.95%,243789,537.19M
390,EBF,"Ennis, Inc.",539.76M,0.19%,141419,399.35M
391,FLX,BingEx Limited,525.69M,-2.53%,4021,663.14M
392,FBYD,"Falcon's Beyond Global, Inc.",514.29M,7.26%,48708,7.53M
393,SBC,SBC Medical Group Holdings Incorporated,503.48M,-1.01%,10503,223.34M
394,KELYB,"Kelly Services, Inc.",501.78M,-0.70%,11413,4.37B
395,KELYA,"Kelly Services, Inc.",501.39M,-0.78%,235551,4.37B
396,WLDN,"Willdan Group, Inc.",499.24M,-2.90%,221621,577.41M
397,ASC,Ardmore Shipping Corporation,498.68M,-1.25%,459332,422.62M
398,GHM,Graham Corporation,494.62M,-1.82%,94212,196.40M
399,ZJK,"ZJK Industrial Co., Ltd.",492.28M,-3.14%,43183,35.89M
400,ACCO,ACCO Brands Corporation,488.55M,-1.13%,549563,1.71B
401,MVST,"Microvast Holdings, Inc.",486.41M,0.67%,8818079,370.99M
402,NWPX,Northwest Pipe Company,479.67M,0.37%,277597,483.09M
403,SWBI,"Smith & Wesson Brands, Inc.",461.59M,-0.47%,389872,514.65M
404,BOC,Boston Omaha Corporation,456.94M,-1.29%,72545,105.01M
405,AIRJ,AirJoule Technologies Corporation,456.80M,0.99%,49933,-
406,KE,"Kimball Electronics, Inc.",448.69M,0.39%,95212,1.65B
407,BBCP,"Concrete Pumping Holdings, Inc.",448.40M,2.79%,308981,425.87M
408,BWMN,Bowman Consulting Group Ltd.,445.78M,-1.81%,41218,406.31M
409,TRC,Tejon Ranch Co.,435.07M,0.12%,84210,40.12M
410,TITN,Titan Machinery Inc.,426.62M,-0.58%,1734360,2.79B
411,ACTG,Acacia Research Corporation,424.53M,-0.46%,135561,165.78M
412,SPIR,"Spire Global, Inc.",417.05M,-3.76%,347824,107.22M
413,SHYF,"The Shyft Group, Inc.",414.47M,-0.08%,193751,787.08M
414,BLDP,Ballard Power Systems Inc.,411.69M,-,9279042,91.96M
415,OFLX,"Omega Flex, Inc.",397.31M,-1.43%,12787,102.86M
416,EAF,GrafTech International Ltd.,385.75M,3.45%,1108856,541.71M
417,SB,"Safe Bulkers, Inc.",379.06M,-1.66%,1141307,318.43M
418,LXFR,Luxfer Holdings PLC,379.01M,-2.01%,216225,384.40M
419,NL,"NL Industries, Inc.",376.13M,-5.98%,105982,150.69M
420,MTRX,Matrix Service Company,373.64M,-3.35%,119431,696.13M
421,CYRX,"Cryoport, Inc.",372.71M,-2.46%,219137,226.11M
422,AMPX,"Amprius Technologies, Inc.",368.21M,-0.30%,2768875,17.48M
423,ASLE,AerSale Corporation,360.24M,-0.44%,239881,344.75M
424,EVTL,Vertical Aerospace Ltd.,353.28M,2.63%,552260,-
425,MTW,"The Manitowoc Company, Inc.",350.92M,-0.70%,242904,2.18B
426,QUAD,"Quad/Graphics, Inc.",350.24M,-4.27%,192607,2.75B
427,PAMT,Pamt Corp.,348.74M,-0.56%,33803,728.28M
428,TATT,TAT Technologies Ltd.,346.54M,3.17%,96757,142.91M
429,PANL,"Pangaea Logistics Solutions, Ltd.",341.05M,-2.05%,207271,521.24M
430,PKOH,Park-Ohio Holdings Corp.,332.44M,-2.01%,17912,1.66B
431,MEC,"Mayville Engineering Company, Inc.",327.21M,-1.43%,41195,608.88M
432,RLGT,"Radiant Logistics, Inc.",322.01M,-1.68%,177594,795.24M
433,MG,"Mistras Group, Inc.",307.62M,-1.39%,102707,738.98M
434,ORN,"Orion Group Holdings, Inc.",306.54M,-2.48%,311305,781.11M
435,CIX,CompX International Inc.,301.93M,-4.37%,2422,150.69M
436,BLDE,"Blade Air Mobility, Inc.",301.51M,-2.78%,469890,241.81M
437,FSTR,L.B. Foster Company,301.40M,-0.22%,37763,537.46M
438,FREY,"FREYR Battery, Inc.",293.15M,0.53%,881866,-
439,FORR,"Forrester Research, Inc.",289.69M,-0.85%,40157,442.52M
440,PKE,Park Aerospace Corp.,288.72M,-1.09%,53992,61.42M
441,FLYX,"flyExclusive, Inc.",280.49M,-2.31%,10579,311.87M
442,RGP,"Resources Connection, Inc.",277.97M,-1.52%,265617,582.06M
443,RR,Richtech Robotics Inc.,277.89M,2.48%,20041387,4.24M
444,AMBI,Ambipar Emergency Response,277.15M,-4.21%,15859,504.57M
445,AZUL,Azul S.A.,273.95M,1.23%,1448300,3.47B
446,SATL,Satellogic Inc.,266.65M,0.72%,204343,13.72M
447,PAL,"Proficient Auto Logistics, Inc.",265.97M,0.31%,81122,147.41M
448,TG,Tredegar Corporation,263.96M,-1.01%,117818,717.37M
449,ARQ,"Arq, Inc.",262.28M,-0.79%,131660,110.02M
450,EVI,"EVI Industries, Inc.",243.35M,-2.69%,9182,359.11M
451,ALTG,Alta Equipment Group Inc.,242.77M,-1.62%,100402,1.90B
452,TBI,"TrueBlue, Inc.",240.91M,0.12%,108956,1.67B
453,RAIL,"FreightCar America, Inc.",230.70M,0.83%,144679,548.33M
454,RITR,Reitar Logtech Holdings Limited,226.05M,3.43%,118174,47.95M
455,GENC,"Gencor Industries, Inc.",225.58M,-3.39%,24289,113.12M
456,NVX,NOVONIX Limited,217.94M,-,143569,6.88M
457,ESEA,Euroseas Ltd.,217.49M,-1.21%,17613,208.65M
458,DSX,Diana Shipping Inc.,216.74M,-1.09%,218782,231.15M
459,GAUZ,Gauzy Ltd.,209.93M,-1.66%,38326,94.35M
460,HSHP,Himalaya Shipping Ltd.,208.33M,1.90%,158118,112.30M
461,POWW,"AMMO, Inc.",207.82M,1.16%,1468704,135.50M
462,GASS,StealthGas Inc.,207.22M,-0.35%,72446,157.93M
463,ISSC,"Innovative Solutions and Support, Inc.",204.68M,5.14%,435909,47.20M
464,ADUR,Aduro Clean Technologies Inc.,199.95M,0.50%,47749,213.43K
465,ESOA,Energy Services of America Corporation,199.63M,1.01%,163571,351.88M
466,CRGO,Freightos Limited,197.43M,8.99%,138506,22.46M
467,KNOP,KNOT Offshore Partners LP,192.16M,-1.79%,35266,299.79M
468,SMHI,SEACOR Marine Holdings Inc.,187.43M,-3.97%,243612,274.64M
469,LNZA,"LanzaTech Global, Inc.",186.29M,-1.45%,1126859,58.03M
470,PESI,"Perma-Fix Environmental Services, Inc.",184.55M,1.19%,108524,67.13M
471,HQI,"HireQuest, Inc.",182.00M,-2.62%,7747,36.28M
472,SKYX,SKYX Platforms Corp.,169.13M,3.77%,258606,84.77M
473,JYD,Jayud Global Logistics Limited,168.89M,6.61%,67843,82.43M
474,HTCO,Caravelle International Group,168.04M,0.34%,62001,80.57M
475,EML,The Eastern Company,167.07M,-2.60%,6703,284.46M
476,BTOC,Armlogi Holding Corp.,166.29M,-0.99%,143850,168.21M
477,SLND,"Southland Holdings, Inc.",164.51M,1.67%,52461,1.03B
478,MHH,"Mastech Digital, Inc.",163.53M,3.10%,14251,194.25M
479,BOOM,DMC Global Inc.,163.02M,-3.78%,288557,664.51M
480,TWIN,"Twin Disc, Incorporated",159.24M,-1.91%,17354,304.47M
481,FCEL,"FuelCell Energy, Inc.",157.05M,-1.16%,905086,112.13M
482,VATE,INNOVATE Corp.,154.10M,4.97%,157849,1.23B
483,BAER,"Bridger Aerospace Group Holdings, Inc.",152.26M,1.81%,529792,84.14M
484,CSTE,Caesarstone Ltd.,151.97M,-3.93%,19455,473.88M
485,NNBR,"NN, Inc.",151.84M,-3.80%,162965,470.31M
486,RCMT,"RCM Technologies, Inc.",148.37M,-2.69%,46501,272.50M
487,TUSK,"Mammoth Energy Services, Inc.",143.90M,-,35833,187.51M
488,LTBR,Lightbridge Corporation,142.69M,3.31%,4952689,-
489,SHIP,Seanergy Maritime Holdings Corp.,141.99M,-1.28%,126461,165.21M
490,HURC,"Hurco Companies, Inc.",138.53M,1.61%,9593,186.58M
491,SPCE,"Virgin Galactic Holdings, Inc.",137.45M,0.42%,1743552,9.42M
492,BEEP,Mobile Infrastructure Corporation,136.56M,-6.46%,23480,35.74M
493,MIMI,Mint Incorporation Limited,131.04M,3.60%,32315,4.38M
494,HTLM,HomesToLife Ltd,128.66M,3.79%,57705,4.56M
495,BW,"Babcock & Wilcox Enterprises, Inc.",128.27M,0.74%,622002,878.22M
496,ULBI,Ultralife Corporation,126.03M,-2.19%,34994,165.15M
497,SKBL,Skyline Builders Group Holding Limited,125.10M,-16.77%,189225,48.82M
498,BLNK,Blink Charging Co.,123.43M,-1.61%,3209687,138.73M
499,PPIH,"Perma-Pipe International Holdings, Inc.",121.26M,-0.39%,13968,153.58M
500,NEOV,NeoVolta Inc.,120.77M,4.02%,316810,2.47M
501,QRHC,Quest Resource Holding Corporation,120.44M,-1.85%,55535,287.90M
502,MSW,Ming Shing Group Holdings Limited,117.39M,3.97%,88931,27.57M
503,GIFI,"Gulf Island Fabrication, Inc.",117.25M,0.70%,28022,166.33M
504,ELVA,Electrovaya Inc.,113.84M,-3.10%,47027,44.62M
505,WLGS,"WANG & LEE GROUP, Inc.",109.13M,3.43%,256931,7.27M
506,DLHC,DLH Holdings Corp.,107.90M,-1.32%,35327,395.94M
507,TAYD,"Taylor Devices, Inc.",104.75M,-1.33%,20954,44.49M
508,OPTT,"Ocean Power Technologies, Inc.",95.79M,2.63%,19998728,7.08M
509,IVAC,"Intevac, Inc.",94.95M,1.44%,36660,65.57M
510,HUHU,HUHUTECH International Group Inc.,90.83M,-4.03%,11276,17.49M
511,CODA,"Coda Octopus Group, Inc.",90.31M,2.55%,27289,20.32M
512,SNT,Senstar Technologies Corporation,89.04M,-,31950,34.46M
513,SHIM,Shimmick Corporation,88.55M,3.97%,8581,514.75M
514,SHMD,SCHMID Group N.V.,85.55M,-0.47%,37263,99.75M
515,CBAT,"CBAK Energy Technology, Inc.",85.11M,2.86%,311399,207.42M
516,INVE,"Identiv, Inc.",82.64M,-2.81%,55664,104.22M
517,YSXT,"YSX Tech. Co., Ltd",79.98M,-1.99%,52261,58.55M
518,ESP,Espey Mfg. & Electronics Corp.,79.46M,0.64%,6860,40.61M
519,SFWL,Shengfeng Development Limited,79.20M,-2.04%,23312,446.28M
520,TPIC,"TPI Composites, Inc.",77.53M,-,1298618,1.30B
521,TISI,"Team, Inc.",75.40M,0.06%,5814,853.11M
522,SCWO,374Water Inc.,73.65M,-7.80%,135512,313.93K
523,SRFM,Surf Air Mobility Inc.,67.65M,2.17%,220807,118.21M
524,NKLA,Nikola Corporation,66.74M,-2.32%,6759961,75.53M
525,GWH,"ESS Tech, Inc.",65.47M,0.18%,65671,6.24M
526,LASE,Laser Photonics Corporation,65.45M,-2.47%,235536,3.08M
527,CVU,"CPI Aerostructures, Inc.",62.40M,-6.25%,192460,82.81M
528,INLF,INLIF Limited,62.35M,-0.23%,26842,14.52M
529,XCH,XCHG Limited,61.83M,-0.95%,123283,39.07M
530,CLIR,ClearSign Technologies Corporation,61.29M,-,110400,4.28M
531,SST,"System1, Inc.",60.13M,-3.81%,125325,364.45M
532,APT,"Alpha Pro Tech, Ltd.",58.84M,0.38%,29165,59.29M
533,BGSF,"BGSF, Inc.",57.66M,-0.95%,7616,281.66M
534,IPWR,Ideal Power Inc.,55.65M,-3.12%,7590,142.11K
535,AIRT,"Air T, Inc.",55.50M,-1.42%,3116,284.09M
536,RFIL,"RF Industries, Ltd.",55.15M,4.18%,139831,64.86M
537,MESA,"Mesa Air Group, Inc.",52.05M,-1.56%,173828,475.52M
538,BEST,BEST Inc.,51.23M,0.18%,6575,1.18B
539,JUNE,Junee Limited,50.34M,0.26%,426,2.90M
540,AP,Ampco-Pittsburgh Corporation,50.24M,2.04%,66619,425.48M
541,TORO,Toro Corp.,49.23M,-,10451,80.63M
542,SDST,Stardust Power Inc.,47.94M,-9.09%,610171,-
543,STI,Solidion Technology Inc.,47.08M,-6.83%,836157,5.33K
544,OPXS,"Optex Systems Holdings, Inc",45.70M,-0.30%,5880,34.00M
545,SGRP,"SPAR Group, Inc.",44.71M,1.52%,30980,228.87M
546,KSCP,"Knightscope, Inc.",44.27M,1.94%,175471,11.01M
547,LBGJ,Li Bang International Corporation Inc.,43.87M,-8.59%,67524,10.79M
548,AGFY,Agrify Corporation,41.34M,15.66%,42607,10.39M
549,PPSI,"Pioneer Power Solutions, Inc.",40.42M,-1.08%,52012,34.04M
550,HHS,"Harte Hanks, Inc.",39.29M,3.26%,54895,187.60M
551,NCEW,New Century Logistics (BVI) Limited,38.09M,-7.24%,36030,52.18M
552,BWEN,"Broadwind, Inc.",37.37M,-2.87%,129678,156.17M
553,RAYA,Erayak Power Solution Group Inc.,36.96M,2.33%,7736,22.82M
554,NIXX,"Nixxy, Inc.",36.41M,-10.95%,370261,668.69K
555,HSON,"Hudson Global, Inc.",35.12M,-0.16%,290,140.43M
556,SPAI,Safe Pro Group Inc.,33.99M,4.66%,177962,1.56M
557,TRSG,Tungray Technologies Inc.,33.03M,-2.42%,3587,14.44M
558,GTEC,Greenland Technologies Holding Corporation,32.76M,-6.95%,201654,87.35M
559,EDRY,EuroDry Ltd.,32.54M,-2.38%,3500,65.09M
560,TOPP,Toppoint Holdings Inc.,32.20M,6.36%,63370,15.87M
561,MTEN,Mingteng International Corporation Inc.,32.09M,2.58%,79177,9.14M
562,NTIP,"Network-1 Technologies, Inc.",31.33M,-0.73%,1785,1.88M
563,APWC,Asia Pacific Wire & Cable Corporation Limited,30.92M,-0.66%,1601,468.13M
564,TPCS,TechPrecision Corporation,30.29M,-0.48%,12549,33.18M
565,FTEK,"Fuel Tech, Inc.",30.25M,-1.11%,25909,26.20M
566,FPAY,"FlexShopper, Inc.",30.05M,-0.71%,127625,134.56M
567,ONEG,OneConstruction Group Limited,30.03M,-11.15%,53473,63.46M
568,HYFM,"Hydrofarm Holdings Group, Inc.",29.98M,8.28%,80340,200.16M
569,FLUX,"Flux Power Holdings, Inc.",29.86M,7.83%,49246,60.82M
570,SVT,"Servotronics, Inc.",28.48M,5.19%,3470,47.49M
571,VCIG,VCI Global Limited,28.21M,-7.14%,994151,23.55M
572,FGL,Founder Group Limited,27.92M,-4.62%,96657,23.27M
573,LICY,Li-Cycle Holdings Corp.,27.78M,-1.94%,1177962,27.40M
574,GLBS,Globus Maritime Limited,27.17M,-7.04%,18162,33.29M
575,NISN,"Nisun International Enterprise Development Group Co., Ltd",27.06M,-7.47%,39142,452.26M
576,AERT,"Aeries Technology, Inc",26.86M,-,256080,72.14M
577,DXST,Decent Holding Inc.,26.81M,-2.94%,244353,4.33M
578,ESGL,ESGL Holdings Limited,26.68M,0.87%,3071,6.22M
579,PMEC,Primech Holdings Ltd.,26.64M,1.11%,88380,72.52M
580,EHGO,Eshallgo Inc.,25.59M,-0.90%,67439,16.96M
581,CTRM,Castor Maritime Inc.,25.41M,-1.87%,32969,76.44M
582,JOB,GEE Group Inc.,25.20M,-1.67%,289240,116.48M
583,XOS,"Xos, Inc.",24.81M,2.66%,11507,62.86M
584,GP,GreenPower Motor Company Inc.,24.45M,6.38%,165226,21.60M
585,CVV,CVD Equipment Corporation,24.43M,2.90%,32273,23.57M
586,SIDU,"Sidus Space, Inc.",24.40M,2.48%,812394,5.19M
587,SIF,"SIFCO Industries, Inc.",23.96M,3.43%,1886,79.63M
588,EPOW,"Sunrise New Energy Co., Ltd.",23.31M,3.70%,1776,46.63M
589,SPCB,SuperCom Ltd.,22.75M,0.09%,184467,26.84M
590,HKPD,Hong Kong Pharma Digital Technology Holdings Limited,22.00M,-2.91%,119858,16.69M
591,CETY,"Clean Energy Technologies, Inc.",21.59M,-4.00%,66725,11.78M
592,PGHL,Primega Group Holdings Limited,21.25M,-5.30%,519669,13.46M
593,PSHG,Performance Shipping Inc.,21.01M,-3.43%,80485,89.61M
594,HOVR,New Horizon Aircraft Ltd.,20.86M,1.60%,439313,-
595,PRZO,ParaZero Technologies Ltd.,20.65M,8.82%,1172457,558.38K
596,TOMZ,"TOMI Environmental Solutions, Inc.",19.10M,-4.29%,19147,8.20M
597,CCTG,CCSC Technology International Holdings Limited,18.99M,-4.65%,12285,16.46M
598,PLAG,Planet Green Holdings Corp.,18.39M,-3.26%,3223,16.97M
599,SFHG,Samfine Creation Holdings Group Limited,18.27M,0.01%,239079,19.01M
600,DPRO,Draganfly Inc.,17.89M,-1.79%,85069,4.34M
601,CLIK,Click Holdings Limited,17.43M,-3.31%,20286,5.66M
602,MNTS,Momentus Inc.,17.39M,2.10%,69604,2.85M
603,GLXG,Galaxy Payroll Group Limited,17.38M,-8.10%,134021,3.86M
604,XTIA,"XTI Aerospace, Inc.",16.74M,6.51%,458181,2.17M
605,DFLI,Dragonfly Energy Holdings Corp.,16.60M,-4.76%,83667,48.87M
606,LIQT,"LiqTech International, Inc.",16.54M,-2.23%,4350,15.13M
607,USEA,United Maritime Corporation,16.19M,0.55%,15598,46.16M
608,DEVS,DevvStream Corp.,16.10M,-3.06%,220925,-
609,GFAI,"Guardforce AI Co., Limited",16.07M,3.29%,1056985,35.84M
610,LSH,Lakeside Holding Limited,15.82M,-2.31%,77399,18.25M
611,SKK,SKK Holdings Limited,15.37M,5.79%,374402,8.63M
612,VRME,"VerifyMe, Inc.",15.12M,2.13%,678821,25.26M
613,CVR,Chicago Rivet & Machine Co.,14.88M,-0.32%,641,29.66M
614,ILAG,Intelligent Living Application Group Inc.,14.87M,-1.37%,9698,8.98M
615,SUGP,SU Group Holdings Limited,14.82M,-,83065,23.45M
616,AIRI,Air Industries Group,14.64M,1.63%,58842,53.66M
617,RVSN,Rail Vision Ltd.,14.45M,-0.36%,1305207,903.00K
618,AWX,Avalon Holdings Corporation,14.08M,0.42%,389,83.49M
619,CDTG,CDT Environmental Technology Investment Holdings Limited,13.21M,-4.69%,14769,31.43M
620,AQMS,"Aqua Metals, Inc.",12.55M,-3.83%,57980,-
621,PSIG,PS International Group Ltd.,11.81M,0.95%,33619,112.32M
622,LNKS,Linkers Industries Limited,11.70M,-1.11%,68053,4.75M
623,KITT,"Nauticus Robotics, Inc.",11.28M,12.82%,55072968,2.40M
624,PC,Premium Catering (Holdings) Limited,10.56M,-3.65%,18270,3.81M
625,INTJ,Intelligent Group Limited,10.50M,1.92%,194321,2.34M
626,CLWT,Euro Tech Holdings Company Limited,10.26M,1.53%,5900,17.24M
627,SPPL,Simpple Ltd.,10.03M,2.51%,199676,3.47M
628,UGRO,"urban-gro, Inc.",9.36M,-,15081,70.32M
629,MWG,Multi Ways Holdings Limited,9.22M,-2.08%,26953,35.74M
630,GVH,Globavend Holdings Limited,8.88M,-9.33%,53517,17.57M
631,GWAV,"Greenwave Technology Solutions, Inc.",8.76M,-1.21%,884137,33.92M
632,JCSE,JE Cleantech Holdings Limited,8.76M,5.10%,37750,14.72M
633,ROMA,Roma Green Finance Limited,8.72M,7.03%,14195,1.03M
634,OP,OceanPal Inc.,8.56M,-,7555,25.73M
635,ARTW,"Art's-Way Manufacturing Co., Inc.",8.55M,-3.41%,8898,25.18M
636,HIHO,Highway Holdings Limited,8.30M,1.89%,811,7.35M
637,ZONE,"CleanCore Solutions, Inc.",8.16M,-8.00%,50795,1.64M
638,IVDA,"Iveda Solutions, Inc.",8.04M,-5.07%,61941,5.31M
639,GRNQ,Greenpro Capital Corp.,7.35M,-1.01%,24452,2.73M
640,POLA,"Polar Power, Inc.",7.18M,-1.72%,8690,14.95M
641,CHNR,"China Natural Resources, Inc.",6.01M,1.13%,29056,-
642,SOAR,"Volato Group, Inc.",5.81M,-1.91%,713219,102.27M
643,CEAD,CEA Industries Inc.,5.78M,-4.82%,9235,-
644,BURU,"Nuburu, Inc.",5.74M,-0.62%,3250952,517.57K
645,IPDN,"Professional Diversity Network, Inc.",5.69M,0.39%,108943,7.01M
646,PMAX,Powell Max Limited,5.48M,-5.88%,447777,5.97M
647,UUU,"Universal Security Instruments, Inc.",5.25M,1.79%,14928,21.29M
648,CISS,C3is Inc.,5.04M,-0.84%,55157,46.66M
649,BKYI,"BIO-key International, Inc.",4.99M,-1.47%,122378,7.29M
650,STAF,"Staffing 360 Solutions, Inc.",4.87M,-5.07%,57737,176.82M
651,YGMZ,MingZhu Logistics Holdings Limited,4.81M,-13.25%,55183,55.81M
652,NXU,"Nxu, Inc.",4.76M,23.91%,188710705,396.00K
653,GPUS,"Hyperscale Data, Inc.",4.61M,-4.60%,16977,139.43M
654,EFSH,1847 Holdings LLC,4.08M,-0.15%,636401,69.42M
655,ATXG,Addentax Group Corp.,3.99M,-8.38%,4239,4.96M
656,AEHL,Antelope Enterprise Holdings Limited,3.93M,1.72%,4110671,69.08M
657,SUNE,SUNation Energy Inc.,3.34M,0.55%,22578,60.93M
658,LICN,Lichen China Limited,3.17M,0.49%,6678758,41.93M
659,XPON,Expion360 Inc.,2.91M,-7.95%,275452,4.50M
660,SGBX,Safe & Green Holdings Corp.,2.90M,-5.57%,2468418,5.89M
661,ZCAR,"Zoomcar Holdings, Inc.",2.68M,-5.11%,238125,9.09M
662,SGLY,Singularity Future Technology Ltd.,2.42M,-23.93%,581512,2.74M
663,KWE,KWESST Micro Systems Inc.,1.32M,1.23%,507918,1.11M
664,SMX,SMX (Security Matters) Public Limited Company,1.23M,-9.35%,197819,-
665,ICON,Icon Energy Corp.,570.58K,0.13%,2571191,4.81M
