,Symbol,Company Name,Market Cap,% Change,Volume,Revenue
0,LIN,Linde plc,212.42B,-0.06%,2792093,33.03B
1,BHP,BHP Group Limited,126.37B,-1.21%,1941697,56.03B
2,RIO,Rio Tinto Group,103.27B,-0.82%,2567651,54.18B
3,SHW,The Sherwin-Williams Company,89.90B,-2.02%,1740709,23.10B
4,APD,"Air Products and Chemicals, Inc.",74.56B,0.05%,1610611,12.10B
5,SCCO,Southern Copper Corporation,72.42B,-1.11%,1216890,10.94B
6,ECL,Ecolab Inc.,70.84B,-0.92%,1004035,15.67B
7,CRH,CRH plc,67.04B,-0.76%,7057146,35.39B
8,FCX,Freeport-McMoRan Inc.,51.51B,-2.16%,13377662,25.46B
9,NEM,Newmont Corporation,48.14B,-0.86%,7060244,16.99B
10,AEM,Agnico Eagle Mines Limited,46.54B,-1.61%,1668021,7.82B
11,CTVA,"Corteva, Inc.",44.86B,-1.33%,2686657,16.64B
12,VALE,Vale S.A.,39.59B,-1.07%,41918988,38.77B
13,VMC,Vulcan Materials Company,36.20B,-0.80%,484773,7.40B
14,MLM,"Martin Marietta Materials, Inc.",33.26B,-0.40%,390991,6.51B
15,DD,"DuPont de Nemours, Inc.",32.10B,0.18%,1481901,12.19B
16,NUE,Nucor Corporation,30.16B,-0.19%,2601149,30.73B
17,GOLD,Barrick Gold Corporation,28.70B,-1.21%,24964074,12.34B
18,WPM,Wheaton Precious Metals Corp.,28.42B,-1.03%,1263647,1.22B
19,DOW,Dow Inc.,27.48B,1.30%,12675674,42.96B
20,PPG,"PPG Industries, Inc.",26.73B,-6.00%,3370231,15.85B
21,FNV,Franco-Nevada Corporation,26.28B,-0.21%,581651,1.09B
22,NTR,Nutrien Ltd.,25.60B,-1.32%,1337752,25.56B
23,LYB,LyondellBasell Industries N.V.,24.56B,-0.55%,4181775,40.73B
24,IFF,International Flavors & Fragrances Inc.,22.27B,-0.72%,747109,11.42B
25,TECK,Teck Resources Limited,20.99B,-1.99%,2197940,12.33B
26,MT,ArcelorMittal S.A.,19.73B,-2.06%,1214588,62.28B
27,STLD,"Steel Dynamics, Inc.",19.52B,-1.92%,1976653,17.54B
28,RPM,RPM International Inc.,16.28B,-0.70%,399526,7.35B
29,CF,"CF Industries Holdings, Inc.",16.05B,0.01%,1595138,5.98B
30,RS,"Reliance, Inc.",15.67B,-2.37%,355863,14.05B
31,GFI,Gold Fields Limited,15.51B,-2.03%,2197585,4.36B
32,AU,AngloGold Ashanti plc,15.21B,0.94%,2929976,5.30B
33,WLK,Westlake Corporation,14.71B,-1.36%,1276041,12.13B
34,JHX,James Hardie Industries plc,14.64B,-0.67%,83168,3.94B
35,KGC,Kinross Gold Corporation,13.90B,-1.83%,19814571,4.85B
36,PKX,POSCO Holdings Inc.,13.49B,-3.76%,219241,56.00B
37,SUZ,Suzano S.A.,13.23B,0.93%,1741425,8.01B
38,EMN,Eastman Chemical Company,11.47B,7.53%,2372068,9.38B
39,SQM,Sociedad Química y Minera de Chile S.A.,11.29B,-3.66%,959091,4.77B
40,ALB,Albemarle Corporation,9.90B,-1.70%,1952097,6.50B
41,SUM,"Summit Materials, Inc.",9.20B,-0.21%,2323835,3.75B
42,RGLD,"Royal Gold, Inc.",9.19B,-1.07%,558296,662.59M
43,AA,Alcoa Corporation,9.13B,-0.59%,5308053,11.90B
44,MOS,The Mosaic Company,8.86B,-2.41%,2306921,11.46B
45,AGI,Alamos Gold Inc.,8.82B,-1.32%,1548690,1.23B
46,CX,"CEMEX, S.A.B. de C.V.",8.63B,-2.47%,10246621,17.25B
47,EXP,Eagle Materials Inc.,8.55B,-1.05%,291739,2.27B
48,PAAS,Pan American Silver Corp.,8.49B,-3.73%,3302943,2.67B
49,X,United States Steel Corporation,8.30B,0.88%,4062249,15.64B
50,AXTA,Axalta Coating Systems Ltd.,7.84B,-2.52%,2400589,5.26B
51,CE,Celanese Corporation,7.77B,-1.57%,5391587,10.48B
52,ICL,ICL Group Ltd,7.59B,-0.68%,704599,6.93B
53,HMY,Harmony Gold Mining Company Limited,7.12B,-0.70%,8372556,3.36B
54,SSD,"Simpson Manufacturing Co., Inc.",7.08B,-0.96%,259355,2.22B
55,UFPI,"UFP Industries, Inc.",7.02B,-2.26%,260478,6.71B
56,WFG,West Fraser Timber Co. Ltd.,6.99B,-1.41%,148739,6.28B
57,FMC,FMC Corporation,6.96B,-1.06%,1143903,4.17B
58,ESI,Element Solutions Inc,6.25B,0.04%,736356,2.41B
59,ALTM,Arcadium Lithium plc,6.17B,-,14278274,900.60M
60,TX,Ternium S.A.,5.89B,-1.12%,154783,18.70B
61,KNF,Knife River Corporation,5.86B,-2.28%,219757,2.89B
62,GGB,Gerdau S.A.,5.82B,-2.68%,18110509,11.92B
63,CMC,Commercial Metals Company,5.51B,-1.02%,719597,7.83B
64,BCPC,Balchem Corporation,5.20B,0.55%,109097,942.38M
65,CLF,Cleveland-Cliffs Inc.,5.06B,-2.38%,10723458,19.97B
66,BCC,Boise Cascade Company,4.85B,-1.94%,211740,6.80B
67,NEU,NewMarket Corporation,4.77B,-0.54%,30007,2.78B
68,CBT,Cabot Corporation,4.69B,-0.88%,513185,3.99B
69,SMG,The Scotts Miracle-Gro Company,4.08B,-1.32%,906707,3.56B
70,AVNT,Avient Corporation,3.92B,-2.17%,692724,3.21B
71,SIM,"Grupo Simec, S.A.B. de C.V.",3.90B,-,-,1.71B
72,MP,MP Materials Corp.,3.58B,1.01%,2481050,184.07M
73,TGLS,Tecnoglass Inc.,3.57B,-2.14%,349659,845.21M
74,HL,Hecla Mining Company,3.57B,-1.73%,17966888,840.96M
75,IAG,IAMGOLD Corporation,3.57B,-0.79%,11677343,1.46B
76,MEOH,Methanex Corporation,3.53B,0.85%,523269,3.72B
77,OR,Osisko Gold Royalties Ltd,3.47B,-0.48%,460662,183.59M
78,FUL,H.B. Fuller Company,3.45B,-0.60%,639419,3.57B
79,OLN,Olin Corporation,3.39B,-8.87%,4284939,6.54B
80,SLVM,Sylvamo Corporation,3.28B,-1.35%,259601,3.77B
81,HBM,Hudbay Minerals Inc.,3.26B,-2.82%,7227759,2.04B
82,BVN,Compañía de Minas Buenaventura S.A.A.,3.24B,-0.23%,754834,1.11B
83,TFPM,Triple Flag Precious Metals Corp.,3.23B,-1.66%,183508,246.52M
84,SXT,Sensient Technologies Corporation,3.20B,-0.05%,109362,1.53B
85,BTG,B2Gold Corp.,3.20B,-0.82%,26441237,1.91B
86,WDFC,WD-40 Company,3.18B,0.47%,90250,603.64M
87,USLM,"United States Lime & Minerals, Inc.",3.15B,-2.83%,400582,303.35M
88,EGO,Eldorado Gold Corporation,3.12B,-1.17%,1836120,1.19B
89,ASH,Ashland Inc.,3.00B,-0.39%,740948,2.05B
90,SSL,Sasol Limited,2.95B,-2.49%,1190553,15.07B
91,HUN,Huntsman Corporation,2.91B,-2.60%,2462862,5.99B
92,CC,The Chemours Company,2.84B,-1.86%,1034400,5.75B
93,IOSP,Innospec Inc.,2.83B,-1.95%,134564,1.87B
94,HCC,"Warrior Met Coal, Inc.",2.76B,-1.29%,285284,1.59B
95,EQX,Equinox Gold Corp.,2.76B,-2.10%,5009021,1.24B
96,SBSW,Sibanye Stillwater Limited,2.73B,-,10640830,5.93B
97,CDE,"Coeur Mining, Inc.",2.63B,-3.65%,12476867,1.01B
98,KWR,Quaker Chemical Corporation,2.51B,0.19%,128567,1.86B
99,MTX,Minerals Technologies Inc.,2.45B,-0.72%,223334,2.12B
100,NGD,New Gold Inc.,2.40B,-0.66%,14023985,861.50M
101,AMR,"Alpha Metallurgical Resources, Inc.",2.38B,-2.00%,119225,3.30B
102,HWKN,"Hawkins, Inc.",2.24B,0.56%,560500,952.13M
103,MTRN,Materion Corporation,2.10B,-0.75%,117714,1.67B
104,SID,Companhia Siderúrgica Nacional,2.06B,-1.86%,2371110,8.02B
105,ORLA,Orla Mining Ltd.,1.98B,-0.48%,361743,314.10M
106,BAK,Braskem S.A.,1.84B,-2.52%,1422703,13.76B
107,PRM,"Perimeter Solutions, Inc.",1.83B,-1.81%,950481,534.19M
108,SAND,Sandstorm Gold Ltd.,1.74B,-1.52%,6468433,173.38M
109,AG,First Majestic Silver Corp.,1.73B,-4.84%,19681347,525.21M
110,CENX,Century Aluminum Company,1.70B,0.55%,2845959,2.10B
111,NGVT,Ingevity Corporation,1.65B,-1.05%,186993,1.48B
112,MAG,MAG Silver Corp.,1.63B,-2.95%,456120,-
113,SSRM,SSR Mining Inc.,1.63B,-1.59%,2902669,1.10B
114,TROX,Tronox Holdings plc,1.62B,-0.87%,1291926,3.08B
115,FSM,Fortuna Mining Corp.,1.59B,0.40%,20241022,1.03B
116,SILV,SilverCrest Metals Inc.,1.56B,-4.02%,3903515,278.08M
117,WS,"Worthington Steel, Inc.",1.47B,-3.81%,319439,3.29B
118,CSTM,Constellium SE,1.45B,0.40%,943731,7.56B
119,SCL,Stepan Company,1.43B,-1.49%,98076,2.19B
120,LOMA,Loma Negra Compañía Industrial Argentina Sociedad Anónima,1.41B,-2.42%,247792,265.54M
121,ERO,Ero Copper Corp.,1.39B,-2.05%,301442,464.13M
122,CGAU,Centerra Gold Inc.,1.33B,-1.27%,511463,1.25B
123,SGML,Sigma Lithium Corporation,1.20B,-0.92%,446240,142.75M
124,SA,Seabridge Gold Inc.,1.13B,-2.07%,695718,-
125,KALU,Kaiser Aluminum Corporation,1.12B,-1.03%,117155,2.98B
126,KRO,"Kronos Worldwide, Inc.",1.10B,-1.54%,123911,1.86B
127,SKE,Skeena Resources Limited,1.06B,-1.60%,148843,-
128,NG,NovaGold Resources Inc.,1.05B,-,1784157,-
129,EXK,Endeavour Silver Corp.,1.04B,-2.23%,11491040,225.93M
130,ECVT,Ecovyst Inc.,904.12M,-0.89%,507226,695.34M
131,DRD,DRDGOLD Limited,867.53M,-2.71%,227110,341.81M
132,UAN,"CVR Partners, LP",861.43M,-1.12%,19235,527.39M
133,WLKP,Westlake Chemical Partners LP,859.82M,-0.16%,31600,1.14B
134,ASTL,Algoma Steel Group Inc.,852.09M,-5.66%,628456,1.84B
135,ASIX,AdvanSix Inc.,836.15M,0.29%,99839,1.57B
136,IPX,IperionX Limited,833.20M,2.43%,50317,-
137,PPTA,Perpetua Resources Corp.,829.01M,-0.34%,574236,-
138,NEXA,Nexa Resources S.A.,826.42M,4.35%,17187,2.66B
139,OEC,Orion S.A.,805.20M,-3.79%,502323,1.91B
140,SXC,"SunCoke Energy, Inc.",792.06M,-2.59%,726162,1.94B
141,REX,REX American Resources Corporation,732.90M,-1.51%,70812,671.88M
142,GSM,Ferroglobe PLC,730.87M,0.78%,621743,1.65B
143,IE,Ivanhoe Electric Inc.,713.10M,-1.66%,569370,3.24M
144,CRML,Critical Metals Corp.,700.30M,-0.39%,21990,117.66K
145,SVM,Silvercorp Metals Inc.,683.96M,-2.48%,5324511,241.36M
146,LAC,Lithium Americas Corp.,656.35M,-0.66%,4232498,-
147,ARMN,Aris Mining Corporation,638.82M,-1.32%,515485,484.51M
148,MTUS,Metallus Inc.,634.87M,-1.65%,319114,1.17B
149,ODC,Oil-Dri Corporation of America,613.26M,-1.34%,28538,454.09M
150,LXU,"LSB Industries, Inc.",604.48M,-0.94%,216795,520.11M
151,KOP,Koppers Holdings Inc.,603.20M,-2.81%,74761,2.13B
152,VHI,"Valhi, Inc.",590.51M,-5.39%,14467,2.08B
153,VZLA,Vizsla Silver Corp.,584.55M,-,1022993,-
154,GPRE,Green Plains Inc.,577.34M,0.90%,1638123,2.59B
155,LVRO,Lavoro Limited,576.16M,12.19%,9423,1.69B
156,TGB,Taseko Mines Limited,570.28M,-3.63%,4286685,425.39M
157,TMC,TMC the metals company Inc.,557.07M,-1.21%,1913138,-
158,CLW,Clearwater Paper Corporation,532.65M,-0.68%,207201,2.21B
159,RYAM,Rayonier Advanced Materials Inc.,527.33M,-2.68%,311810,1.63B
160,SLSR,Solaris Resources Inc.,523.06M,-,-,-
161,MATV,"Mativ Holdings, Inc.",518.91M,0.63%,275598,1.97B
162,METC,"Ramaco Resources, Inc.",499.42M,-1.76%,256453,698.13M
163,METCB,"Ramaco Resources, Inc.",493.52M,-1.56%,20024,698.13M
164,CMP,"Compass Minerals International, Inc.",483.49M,-2.51%,474184,1.12B
165,CPAC,Cementos Pacasmayo S.A.A.,478.94M,0.91%,6533,527.80M
166,LZM,Lifezone Metals Limited,472.42M,-2.34%,110426,1.02M
167,MERC,Mercer International Inc.,449.90M,-1.90%,148228,2.03B
168,MUX,McEwen Mining Inc.,436.11M,-3.63%,454210,199.63M
169,BIOX,Bioceres Crop Solutions Corp.,430.54M,-2.07%,138352,441.27M
170,KBSX,FST Corp.,414.22M,-1.17%,7707,33.94M
171,ASPI,ASP Isotopes Inc.,410.49M,-6.20%,2214156,3.38M
172,CNL,Collective Mining Ltd.,410.18M,2.94%,23980,-
173,GEVO,"Gevo, Inc.",406.89M,-0.57%,3793894,15.59M
174,ZEUS,"Olympic Steel, Inc.",383.74M,-3.01%,53473,2.01B
175,NAK,Northern Dynasty Minerals Ltd.,345.55M,-2.61%,2985663,-
176,RDUS,"Radius Recycling, Inc.",338.15M,-2.36%,264370,2.72B
177,NFGC,New Found Gold Corp.,333.96M,-3.98%,362707,-
178,IPI,"Intrepid Potash, Inc.",323.28M,-3.02%,50337,206.36M
179,NMG,Nouveau Monde Graphite Inc.,318.76M,-4.93%,71072,-
180,MSB,Mesabi Trust,309.63M,-6.42%,95043,26.79M
181,USAS,Americas Gold and Silver Corporation,305.47M,-0.14%,442204,97.12M
182,GAU,Galiano Gold Inc.,284.20M,-1.75%,550147,166.79M
183,SLI,Standard Lithium Ltd.,281.03M,-0.65%,1035357,-
184,NEWP,New Pacific Metals Corp.,269.08M,-3.15%,156356,-
185,MTA,Metalla Royalty & Streaming Ltd.,265.29M,-2.73%,353461,5.05M
186,HDSN,"Hudson Technologies, Inc.",262.15M,0.87%,302741,247.33M
187,IONR,ioneer Ltd,249.74M,-1.79%,26296,-
188,FF,FutureFuel Corp.,238.95M,-1.27%,152620,273.84M
189,IAUX,i-80 Gold Corp.,235.47M,-0.28%,1868112,52.94M
190,GROY,Gold Royalty Corp.,223.50M,3.13%,2087389,7.76M
191,LWLG,"Lightwave Logic, Inc.",220.27M,-3.74%,622708,113.19K
192,ODV,Osisko Development Corp.,217.05M,-2.48%,77215,8.49M
193,SMID,Smith-Midland Corporation,212.30M,-1.36%,15452,76.37M
194,DC,Dakota Gold Corp.,209.64M,-1.33%,388057,-
195,WRN,Western Copper and Gold Corporation,205.45M,0.97%,184869,-
196,TMQ,Trilogy Metals Inc.,203.50M,0.81%,181412,-
197,EMX,EMX Royalty Corporation,195.40M,-,350399,26.82M
198,UAMY,United States Antimony Corporation,186.52M,-4.44%,1510402,10.22M
199,CMCL,Caledonia Mining Corporation Plc,180.52M,-1.93%,42301,165.35M
200,AVD,American Vanguard Corporation,177.91M,1.48%,187894,553.84M
201,PLL,Piedmont Lithium Inc.,177.81M,-3.96%,305290,46.98M
202,ITRG,Integra Resources Corp.,177.62M,1.45%,386984,-
203,IDR,"Idaho Strategic Resources, Inc.",174.59M,-2.00%,163967,21.96M
204,ASM,Avino Silver & Gold Mines Ltd.,169.85M,-5.56%,1728532,54.33M
205,GRO,Brazil Potash Corp.,167.92M,-1.57%,149815,-
206,IZTC,"Invizyne Technologies, Inc.",159.70M,-5.84%,25264,-700.00
207,GLDG,GoldMining Inc.,154.80M,-0.87%,544874,-
208,TSE,Trinseo PLC,146.56M,0.73%,200686,3.53B
209,ORGN,"Origin Materials, Inc.",133.94M,-4.59%,2320184,35.12M
210,PLG,Platinum Group Metals Ltd.,133.45M,-,347187,-
211,ABAT,American Battery Technology Company,132.02M,17.39%,2839985,545.46K
212,CMT,"Core Molding Technologies, Inc.",127.77M,-0.61%,38292,313.66M
213,CTGO,"Contango Ore, Inc.",126.81M,-1.89%,60196,-
214,ALTO,"Alto Ingredients, Inc.",124.93M,-0.61%,232941,1.00B
215,VOXR,Vox Royalty Corp.,119.55M,-2.49%,90203,11.15M
216,USGO,U.S. GoldMining Inc.,115.24M,-0.54%,13073,-
217,ACNT,Ascent Industries Co.,113.95M,-2.00%,53983,178.42M
218,NTIC,Northern Technologies International Corporation,112.13M,-2.55%,19922,86.22M
219,LGO,Largo Inc.,111.63M,-0.89%,40128,144.82M
220,FRD,"Friedman Industries, Incorporated",105.68M,8.67%,18067,469.52M
221,NB,NioCorp Developments Ltd.,101.60M,6.22%,371603,-
222,ATLX,Atlas Lithium Corporation,96.35M,-0.79%,85609,543.66K
223,HLP,Hongli Group Inc.,94.74M,0.78%,1286,14.05M
224,THM,International Tower Hill Mines Ltd.,93.82M,-3.58%,292229,-
225,USAU,U.S. Gold Corp.,91.07M,-1.47%,105816,-
226,TRX,TRX Gold Corporation,89.22M,2.70%,531478,44.28M
227,LODE,Comstock Inc.,80.20M,7.32%,32878497,1.86M
228,VGZ,Vista Gold Corp.,78.83M,-2.82%,621062,-
229,FSI,"Flexible Solutions International, Inc.",75.73M,-5.74%,69154,38.49M
230,NVA,Nova Minerals Limited,68.27M,-2.28%,32163,-
231,WWR,"Westwater Resources, Inc.",58.46M,-4.19%,402249,-
232,FURY,Fury Gold Mines Limited,57.57M,-6.54%,131824,-
233,HYMC,Hycroft Mining Holding Corporation,57.43M,-2.52%,227631,-
234,LOOP,"Loop Industries, Inc.",56.19M,-,24169,126.00K
235,XPL,Solitario Resources Corp.,52.31M,-2.67%,30812,-
236,AREC,American Resources Corporation,49.95M,-2.63%,210657,399.96K
237,GTI,Graphjet Technology,46.72M,0.67%,805763,-
238,LITM,Snow Lake Resources Ltd.,42.68M,-10.95%,9739367,-
239,GORO,Gold Resource Corporation,32.89M,-9.56%,1474500,73.90M
240,FEAM,"5E Advanced Materials, Inc.",27.21M,-1.25%,72519,-
241,PZG,Paramount Gold Nevada Corp.,25.52M,1.58%,95831,-
242,ELBM,Electra Battery Materials Corporation,22.40M,-2.01%,24463,-
243,HUDI,"Huadi International Group Co., Ltd.",22.38M,-0.01%,8892,74.27M
244,NWGL,Nature Wood Group Limited,21.19M,-1.54%,5084,21.71M
245,ENFY,Enlightify Inc.,20.12M,12.40%,95417,90.81M
246,AUST,Austin Gold Corp.,17.92M,3.05%,267951,-
247,RETO,"ReTo Eco-Solutions, Inc.",16.60M,-3.86%,9438,3.84M
248,ZKIN,"ZK International Group Co., Ltd.",16.42M,16.78%,959650,108.20M
249,JCTC,Jewett-Cameron Trading Company Ltd.,16.15M,-0.22%,1647,46.61M
250,INHD,Inno Holdings Inc.,16.14M,-4.96%,31442,885.50K
251,BHIL,"Benson Hill, Inc.",15.96M,-33.92%,2524443,466.73M
252,NITO,"N2OFF, Inc.",14.49M,8.55%,3034450,175.31K
253,OMEX,"Odyssey Marine Exploration, Inc.",14.18M,0.47%,208696,799.14K
254,SEED,Origin Agritech Limited,13.84M,-0.45%,32887,16.52M
255,FMST,Foremost Clean Energy Ltd.,13.22M,-8.97%,105151,-
256,CAPT,Captivision Inc.,12.87M,2.68%,186978,17.39M
257,BGLC,BioNexus Gene Lab Corp.,7.32M,0.62%,52295,9.26M
258,GURE,"Gulf Resources, Inc.",7.19M,-1.03%,23707,12.80M
259,GRFX,Graphex Group Limited,6.48M,1.06%,101159,30.02M
260,BON,Bon Natural Life Limited,5.13M,-4.65%,42166,23.84M
261,ITP,"IT Tech Packaging, Inc.",3.57M,0.11%,245004,79.16M
262,SNES,"SenesTech, Inc.",2.93M,1.43%,11006,1.65M
263,CRKN,Crown Electrokinetics Corp.,2.61M,-,618544,13.46M
264,CNEY,CN Energy Group. Inc.,2.04M,-3.09%,1058605,66.51M
