,Symbol,Company Name,Market Cap,% Change,Volume,Revenue
0,PLD,"Prologis, Inc.",112.33B,-1.16%,3753622,8.56B
1,EQIX,"Equinix, Inc.",88.16B,-0.92%,641884,8.15B
2,AMT,American Tower Corporation,86.43B,-0.47%,1570193,11.17B
3,WELL,Welltower Inc.,84.98B,-0.51%,1579161,7.56B
4,SPG,"Simon Property Group, Inc.",65.28B,-1.10%,1504179,5.91B
5,DLR,"Digital Realty Trust, Inc.",55.40B,-0.23%,1470054,5.37B
6,PSA,Public Storage,52.42B,0.14%,480376,4.70B
7,O,Realty Income Corporation,47.97B,0.59%,3482427,5.01B
8,CBRE,"CBRE Group, Inc.",43.54B,0.06%,2540608,34.31B
9,CCI,Crown Castle Inc.,38.80B,0.28%,2567192,6.59B
10,EXR,Extra Space Storage Inc.,33.86B,-0.46%,2292175,3.31B
11,AVB,"AvalonBay Communities, Inc.",31.47B,0.74%,1061800,2.93B
12,CSGP,"CoStar Group, Inc.",31.40B,0.10%,2601039,2.67B
13,VICI,VICI Properties Inc.,31.38B,-0.23%,2980452,3.81B
14,IRM,Iron Mountain Incorporated,29.81B,-0.42%,1345242,5.99B
15,EQR,Equity Residential,27.61B,1.28%,2584175,2.94B
16,VTR,"Ventas, Inc.",25.55B,0.43%,1221209,4.80B
17,WY,Weyerhaeuser Company,22.23B,-1.10%,4548085,7.12B
18,SBAC,SBA Communications Corporation,21.24B,-0.79%,694649,2.66B
19,BEKE,KE Holdings Inc.,20.87B,-4.86%,3789858,11.77B
20,INVH,Invitation Homes Inc.,19.14B,0.52%,2650832,2.55B
21,ESS,"Essex Property Trust, Inc.",18.95B,1.21%,300608,1.75B
22,MAA,"Mid-America Apartment Communities, Inc.",18.30B,0.49%,619597,2.18B
23,ARE,"Alexandria Real Estate Equities, Inc.",16.85B,1.56%,1572132,3.12B
24,SUI,"Sun Communities, Inc.",16.48B,0.40%,466713,3.19B
25,UDR,"UDR, Inc.",15.56B,0.75%,1862008,1.68B
26,KIM,Kimco Realty Corporation,15.16B,-1.01%,3471395,1.96B
27,LINE,"Lineage, Inc.",15.11B,0.08%,514020,5.33B
28,DOC,"Healthpeak Properties, Inc.",14.74B,0.73%,16183153,2.56B
29,AMH,American Homes 4 Rent,14.58B,0.20%,1297555,1.70B
30,GLPI,"Gaming and Leisure Properties, Inc.",13.67B,-0.08%,980379,1.51B
31,JLL,Jones Lang LaSalle Incorporated,13.42B,0.16%,296766,22.50B
32,ELS,"Equity LifeStyle Properties, Inc.",13.10B,0.45%,1452249,1.53B
33,REG,Regency Centers Corporation,13.08B,-0.17%,813156,1.49B
34,LAMR,Lamar Advertising Company,12.94B,-0.29%,338561,2.19B
35,BXP,"BXP, Inc.",12.89B,1.02%,1506112,3.05B
36,CPT,Camden Property Trust,12.31B,0.45%,916681,1.56B
37,WPC,W. P. Carey Inc.,12.24B,0.43%,743751,1.59B
38,NLY,"Annaly Capital Management, Inc.",11.80B,-0.29%,8681195,1.25B
39,HST,"Host Hotels & Resorts, Inc.",11.68B,0.42%,10295882,5.59B
40,OHI,"Omega Healthcare Investors, Inc.",10.29B,0.60%,1952961,1.01B
41,MRNO,Murano Global Investments Plc,9.61B,2.79%,4191,27.95M
42,CUBE,CubeSmart,9.48B,-0.64%,1884716,1.07B
43,REXR,"Rexford Industrial Realty, Inc.",9.36B,-0.22%,1574084,903.94M
44,FRT,Federal Realty Investment Trust,9.30B,0.31%,540824,1.19B
45,VNO,Vornado Realty Trust,8.98B,1.60%,1087085,1.87B
46,AGNC,AGNC Investment Corp.,8.95B,0.10%,29436182,973.00M
47,EGP,"EastGroup Properties, Inc.",8.38B,-0.36%,260726,627.82M
48,FSV,FirstService Corporation,8.27B,-1.25%,120104,4.93B
49,BRX,Brixmor Property Group Inc.,7.87B,-1.51%,1662572,1.27B
50,ADC,Agree Realty Corporation,7.52B,-0.38%,412495,600.53M
51,NNN,"NNN REIT, Inc.",7.39B,0.72%,1212737,867.02M
52,FR,"First Industrial Realty Trust, Inc.",7.26B,-0.30%,583956,655.53M
53,CIGI,Colliers International Group Inc.,7.22B,-0.59%,123184,4.56B
54,TRNO,Terreno Realty Corporation,6.52B,-0.32%,664249,365.40M
55,STWD,"Starwood Property Trust, Inc.",6.52B,0.10%,1462727,436.46M
56,STAG,"STAG Industrial, Inc.",6.28B,-0.48%,1205301,751.37M
57,RHP,"Ryman Hospitality Properties, Inc.",6.25B,-0.76%,266409,2.34B
58,COLD,"Americold Realty Trust, Inc.",6.21B,-0.77%,1189332,2.68B
59,HR,Healthcare Realty Trust Incorporated,6.00B,-0.42%,2434391,1.29B
60,RITM,Rithm Capital Corp.,5.98B,-0.43%,3674010,3.01B
61,EPRT,"Essential Properties Realty Trust, Inc.",5.65B,-0.31%,1027032,428.54M
62,MAC,The Macerich Company,5.31B,-0.43%,1453678,788.29M
63,KRG,Kite Realty Group Trust,5.18B,-1.57%,1814571,827.40M
64,CUZ,Cousins Properties Incorporated,5.12B,0.76%,920829,827.91M
65,SLG,SL Green Realty Corp.,5.09B,1.76%,643062,969.77M
66,CTRE,"CareTrust REIT, Inc.",4.96B,-,1136046,269.08M
67,PECO,"Phillips Edison & Company, Inc.",4.95B,-1.04%,449675,642.79M
68,NSA,National Storage Affiliates Trust,4.77B,-0.80%,596567,786.92M
69,KRC,Kilroy Realty Corporation,4.65B,0.33%,1479278,1.12B
70,IRT,"Independence Realty Trust, Inc.",4.43B,0.58%,1084351,641.63M
71,AHR,"American Healthcare REIT, Inc.",4.41B,-1.74%,1451455,2.01B
72,COMP,"Compass, Inc.",4.02B,-3.72%,4482536,5.35B
73,SBRA,"Sabra Health Care REIT, Inc.",3.95B,-0.30%,1665153,682.32M
74,RYN,Rayonier Inc.,3.93B,-0.57%,704609,1.00B
75,HHH,Howard Hughes Holdings Inc.,3.80B,-0.66%,192256,1.20B
76,SKT,Tanger Inc.,3.79B,-0.62%,345906,522.82M
77,APLE,"Apple Hospitality REIT, Inc.",3.70B,-,1413701,1.41B
78,DEI,"Douglas Emmett, Inc.",3.69B,0.44%,1230025,965.44M
79,PCH,PotlatchDeltic Corporation,3.52B,0.86%,645874,1.06B
80,EPR,EPR Properties,3.49B,-0.64%,555199,681.72M
81,NMRK,"Newmark Group, Inc.",3.43B,0.28%,867111,2.61B
82,CDP,COPT Defense Properties,3.37B,-0.14%,748197,749.50M
83,HASI,"HA Sustainable Infrastructure Capital, Inc.",3.36B,-2.23%,2002314,139.08M
84,HIW,"Highwoods Properties, Inc.",3.22B,0.78%,1033770,829.29M
85,CWK,Cushman & Wakefield plc,3.16B,-0.58%,1080861,9.37B
86,BXMT,"Blackstone Mortgage Trust, Inc.",3.14B,-0.17%,759120,-102.52M
87,BNL,"Broadstone Net Lease, Inc.",3.11B,-0.25%,1610744,424.67M
88,NHI,"National Health Investors, Inc.",3.09B,-0.19%,96773,329.85M
89,OUT,OUTFRONT Media Inc.,3.05B,-0.43%,1747006,1.84B
90,MPW,"Medical Properties Trust, Inc.",2.82B,-0.21%,15381893,660.17M
91,JOE,The St. Joe Company,2.81B,-1.84%,177726,385.14M
92,AKR,Acadia Realty Trust,2.80B,-0.65%,688503,367.40M
93,PK,Park Hotels & Resorts Inc.,2.78B,0.07%,5409630,2.66B
94,ABR,"Arbor Realty Trust, Inc.",2.74B,-0.30%,2459743,650.35M
95,UE,Urban Edge Properties,2.68B,-1.07%,651039,435.18M
96,FCPT,"Four Corners Property Trust, Inc.",2.66B,-0.87%,300969,264.88M
97,ESRT,"Empire State Realty Trust, Inc.",2.62B,0.53%,1092209,758.43M
98,CURB,Curbline Properties Corp.,2.57B,-1.13%,328627,111.43M
99,ESBA,"Empire State Realty OP, L.P.",2.53B,-2.53%,2435,758.43M
100,LXP,LXP Industrial Trust,2.45B,-1.42%,2465949,340.56M
101,CCS,"Century Communities, Inc.",2.36B,-2.33%,680631,4.40B
102,ROIC,Retail Opportunity Investments Corp.,2.34B,0.17%,991275,336.79M
103,IVT,InvenTrust Properties Corp.,2.29B,-1.13%,383254,294.56M
104,SHO,"Sunstone Hotel Investors, Inc.",2.28B,-1.39%,1459664,910.26M
105,VTMX,"Corporación Inmobiliaria Vesta, S.A.B. de C.V.",2.24B,-2.81%,308243,243.24M
106,DBRG,"DigitalBridge Group, Inc.",2.04B,1.01%,1645113,876.65M
107,IIPR,"Innovative Industrial Properties, Inc.",2.03B,-1.88%,404914,310.93M
108,AAT,"American Assets Trust, Inc.",1.87B,-0.41%,300026,452.50M
109,DRH,DiamondRock Hospitality Company,1.83B,-0.68%,857611,1.11B
110,EXPI,"eXp World Holdings, Inc.",1.75B,-1.04%,862694,4.46B
111,GTY,Getty Realty Corp.,1.71B,-0.10%,296706,198.02M
112,GNL,"Global Net Lease, Inc.",1.66B,-,772261,812.62M
113,VRE,"Veris Residential, Inc.",1.62B,-0.31%,402189,293.37M
114,PEB,Pebblebrook Hotel Trust,1.58B,-1.20%,1383799,1.45B
115,LTC,"LTC Properties, Inc.",1.56B,0.50%,381052,198.71M
116,JBGS,JBG SMITH Properties,1.53B,0.85%,324296,567.03M
117,XHR,"Xenia Hotels & Resorts, Inc.",1.52B,-0.73%,468209,1.03B
118,RLJ,RLJ Lodging Trust,1.49B,-1.22%,902833,1.36B
119,MMI,"Marcus & Millichap, Inc.",1.48B,-0.05%,95357,622.23M
120,LADR,Ladder Capital Corp,1.43B,-0.53%,395763,257.01M
121,UMH,"UMH Properties, Inc.",1.42B,0.06%,232666,235.20M
122,AIV,Apartment Investment and Management Company,1.38B,-0.77%,785975,204.74M
123,SILA,"Sila Realty Trust, Inc.",1.37B,1.84%,479188,186.23M
124,ELME,Elme Communities,1.34B,0.13%,315279,239.52M
125,DEA,"Easterly Government Properties, Inc.",1.34B,0.26%,656966,302.12M
126,UNIT,Uniti Group Inc.,1.33B,-0.73%,1912192,1.16B
127,TWO,Two Harbors Investment Corp.,1.32B,1.51%,1837691,593.49M
128,ALEX,"Alexander & Baldwin, Inc.",1.30B,0.45%,274222,230.95M
129,BFS,"Saul Centers, Inc.",1.25B,-0.68%,50746,267.61M
130,SDHC,Smith Douglas Homes Corp.,1.24B,-3.27%,79843,905.30M
131,KW,"Kennedy-Wilson Holdings, Inc.",1.24B,-1.20%,353955,483.20M
132,ARI,"Apollo Commercial Real Estate Finance, Inc.",1.22B,-0.23%,500485,161.10M
133,FOR,Forestar Group Inc.,1.21B,-3.32%,160747,1.45B
134,IRS,IRSA Inversiones y Representaciones Sociedad Anónima,1.21B,-2.76%,94132,370.00M
135,CIM,Chimera Investment Corporation,1.20B,1.29%,799903,442.34M
136,NTST,NETSTREIT Corp.,1.19B,-1.03%,1712070,155.55M
137,PMT,PennyMac Mortgage Investment Trust,1.18B,5.51%,2024924,504.60M
138,PGRE,"Paramount Group, Inc.",1.16B,0.62%,1383924,553.64M
139,SAFE,Safehold Inc.,1.16B,-0.25%,286120,401.07M
140,EFC,Ellington Financial Inc.,1.15B,0.80%,814085,290.29M
141,RC,Ready Capital Corporation,1.13B,-0.75%,3365722,140.36M
142,DX,"Dynex Capital, Inc.",1.12B,0.91%,2689548,150.40M
143,PDM,"Piedmont Office Realty Trust, Inc.",1.08B,0.11%,702342,572.42M
144,MFA,"MFA Financial, Inc.",1.07B,1.35%,1411604,366.19M
145,CSR,Centerspace,1.06B,-0.39%,54604,258.64M
146,ARR,"ARMOUR Residential REIT, Inc.",1.05B,0.21%,3158229,185.09M
147,FBRT,"Franklin BSP Realty Trust, Inc.",1.04B,0.47%,642301,169.68M
148,REAX,The Real Brokerage Inc.,1.01B,-0.58%,985697,1.10B
149,NXRT,"NexPoint Residential Trust, Inc.",1.01B,-0.20%,99597,264.97M
150,RDFN,Redfin Corporation,991.84M,-3.73%,4376075,1.02B
151,AHH,"Armada Hoffler Properties, Inc.",991.30M,0.93%,516596,756.90M
152,OPEN,Opendoor Technologies Inc.,986.80M,-3.50%,28399926,4.94B
153,FPH,"Five Point Holdings, LLC",976.48M,2.34%,746036,237.93M
154,ALX,"Alexander's, Inc.",970.13M,-0.89%,11389,233.40M
155,BDN,Brandywine Realty Trust,950.77M,0.18%,2005715,306.93M
156,CBL,"CBL & Associates Properties, Inc.",941.40M,3.90%,366180,523.58M
157,RWT,"Redwood Trust, Inc.",868.00M,1.08%,588915,268.36M
158,INN,"Summit Hotel Properties, Inc.",834.46M,-0.74%,646338,736.29M
159,SITC,SITE Centers Corp.,785.40M,-1.64%,657498,451.68M
160,PLYM,"Plymouth Industrial REIT, Inc.",770.78M,-0.59%,295510,201.57M
161,BRSP,"BrightSpire Capital, Inc.",730.13M,-0.18%,509961,378.10M
162,GOOD,Gladstone Commercial Corporation,712.57M,0.50%,223472,147.92M
163,ORC,"Orchid Island Capital, Inc.",706.52M,5.56%,8564416,54.41M
164,KREF,KKR Real Estate Finance Trust Inc.,694.34M,-0.60%,690020,66.59M
165,WSR,Whitestone REIT,687.36M,-,148197,149.45M
166,TRTX,"TPG RE Finance Trust, Inc.",680.60M,-0.12%,271850,133.09M
167,STRW,"Strawberry Fields REIT, Inc.",623.06M,-2.27%,29321,112.05M
168,DHC,Diversified Healthcare Trust,598.36M,2.48%,797265,1.48B
169,RMR,The RMR Group Inc.,594.54M,0.43%,127114,196.92M
170,CTO,"CTO Realty Growth, Inc.",588.43M,0.41%,163154,118.66M
171,FRPH,"FRP Holdings, Inc.",581.19M,-0.88%,38207,31.41M
172,FPI,Farmland Partners Inc.,571.95M,-0.34%,226457,58.47M
173,CHCT,Community Healthcare Trust Incorporated,560.02M,0.20%,120885,115.61M
174,OLP,"One Liberty Properties, Inc.",549.01M,-,29344,89.14M
175,NYMT,"New York Mortgage Trust, Inc.",546.19M,-0.17%,596531,252.54M
176,GMRE,Global Medical REIT Inc.,541.33M,-0.89%,233983,136.59M
177,UHT,Universal Health Realty Income Trust,540.69M,-0.36%,126109,99.90M
178,IVR,Invesco Mortgage Capital Inc.,513.78M,1.56%,1007345,102.89M
179,FVR,"FrontView REIT, Inc.",479.67M,-0.69%,83858,58.66M
180,SVC,Service Properties Trust,474.95M,-0.35%,1097365,1.88B
181,NLOP,Net Lease Office Properties,471.94M,-0.31%,43317,160.91M
182,CMTG,"Claros Mortgage Trust, Inc.",459.90M,0.92%,394268,50.58M
183,HPP,"Hudson Pacific Properties, Inc.",452.98M,0.97%,2275777,847.71M
184,CLDT,Chatham Lodging Trust,437.60M,-0.23%,234598,313.27M
185,HOUS,Anywhere Real Estate Inc.,401.65M,-1.63%,477318,5.58B
186,MLP,"Maui Land & Pineapple Company, Inc.",395.18M,-4.82%,21478,12.20M
187,LAND,Gladstone Land Corporation,392.97M,0.09%,250932,88.45M
188,PKST,Peakstone Realty Trust,391.11M,-0.37%,146976,233.20M
189,PSTL,"Postal Realty Trust, Inc.",374.79M,1.46%,73236,72.01M
190,NREF,"NexPoint Real Estate Finance, Inc.",346.72M,-,23800,73.16M
191,BRT,BRT Apartments Corp.,338.83M,-1.66%,23001,96.74M
192,SEG,Seaport Entertainment Group Inc.,338.08M,0.04%,108036,111.49M
193,LPA,Logistic Properties of the Americas,315.45M,-0.40%,12249,44.31M
194,RMAX,"RE/MAX Holdings, Inc.",313.69M,-3.01%,92027,311.82M
195,ACRE,Ares Commercial Real Estate Corporation,308.35M,-1.57%,424154,39.42M
196,REFI,"Chicago Atlantic Real Estate Finance, Inc.",301.78M,0.79%,123157,56.86M
197,LSEA,Landsea Homes Corporation,301.15M,-5.14%,218118,1.46B
198,NEN,New England Realty Associates Limited Partnership,290.61M,-,-,81.17M
199,ILPT,Industrial Logistics Properties Trust,262.59M,-1.49%,225119,440.70M
200,PINE,"Alpine Income Property Trust, Inc.",261.28M,2.43%,114397,50.02M
201,AOMR,"Angel Oak Mortgage REIT, Inc.",240.29M,0.10%,55936,94.44M
202,OZ,"Belpointe PREP, LLC",230.45M,-1.60%,812,2.09M
203,ARL,"American Realty Investors, Inc.",227.10M,-3.17%,2852,51.03M
204,ONL,Orion Office REIT Inc.,226.59M,-0.25%,325917,169.64M
205,TCI,"Transcontinental Realty Investors, Inc.",223.24M,-5.45%,5101,49.82M
206,CIO,"City Office REIT, Inc.",213.22M,0.95%,188596,173.53M
207,SRG,Seritage Growth Properties,210.44M,-1.06%,194858,56.36M
208,MITT,"AG Mortgage Investment Trust, Inc.",202.73M,1.63%,243862,80.74M
209,SEVN,Seven Hills Realty Trust,195.23M,0.31%,39292,30.40M
210,BHR,Braemar Hotels & Resorts Inc.,187.99M,-0.39%,196101,732.34M
211,FSP,Franklin Street Properties Corp.,187.46M,-2.16%,183012,126.51M
212,EQC,Equity Commonwealth,187.03M,2.35%,573211,58.43M
213,AFCG,Advanced Flower Capital Inc.,178.69M,-0.37%,83172,43.16M
214,CLPR,Clipper Realty Inc.,172.97M,-1.69%,39080,145.60M
215,AXR,AMREP Corporation,159.56M,-0.72%,9587,63.22M
216,DOUG,Douglas Elliman Inc.,158.72M,1.14%,597078,966.44M
217,MDV,"Modiv Industrial, Inc.",156.15M,0.53%,32794,47.42M
218,STRS,Stratus Properties Inc.,155.98M,0.89%,7322,48.16M
219,BHM,"Bluerock Homes Trust, Inc.",149.79M,0.96%,3025,58.20M
220,GPMT,Granite Point Mortgage Trust Inc.,141.88M,-0.35%,150401,-140.09M
221,RPT,Rithm Property Trust Inc.,139.90M,-,220008,-55.49M
222,LFT,"Lument Finance Trust, Inc.",139.10M,2.31%,76534,36.40M
223,ACR,ACRES Commercial Realty Corp.,126.63M,0.45%,7964,77.44M
224,STHO,Star Holdings,118.41M,-0.11%,100434,117.75M
225,CHMI,Cherry Hill Mortgage Investment Corporation,106.01M,1.54%,410384,-2.60M
226,CHCI,"Comstock Holding Companies, Inc.",83.86M,-1.17%,2357,45.40M
227,MAYS,"J.W. Mays, Inc.",83.65M,0.61%,1,21.81M
228,SUNS,"Sunrise Realty Trust, Inc.",83.10M,-,278484,734.23K
229,AIRE,reAlpha Tech Corp.,67.42M,-3.29%,289150,379.24K
230,LOAN,"Manhattan Bridge Capital, Inc.",64.06M,1.82%,14372,7.39M
231,OPAD,Offerpad Solutions Inc.,64.01M,-,38158,985.01M
232,SELF,"Global Self Storage, Inc.",58.15M,-0.39%,8979,12.32M
233,SACH,Sachem Capital Corp.,56.83M,3.42%,281602,10.95M
234,RFL,"Rafael Holdings, Inc.",50.83M,5.10%,21965,697.00K
235,OPI,Office Properties Income Trust,50.68M,0.96%,197354,517.51M
236,AHT,"Ashford Hospitality Trust, Inc.",45.60M,0.38%,8961,1.22B
237,IHT,InnSuites Hospitality Trust,30.11M,-0.79%,1597,7.69M
238,MKZR,"MacKenzie Realty Capital, Inc.",29.28M,-5.26%,157397,17.56M
239,FTHM,Fathom Holdings Inc.,28.95M,2.40%,59159,317.52M
240,NYC,American Strategic Investment Co.,26.40M,1.64%,5595,62.06M
241,LRE,"Lead Real Estate Co., Ltd",22.51M,4.43%,1284,117.80M
242,GYRO,"Gyrodyne, LLC",20.12M,-3.68%,1219,2.74M
243,DUO,Fangdd Network Group Ltd.,18.84M,-3.35%,886252,37.35M
244,ASPS,Altisource Portfolio Solutions S.A.,18.24M,-4.29%,91252,153.28M
245,XHG,XChange TEC.INC,17.63M,2.68%,216029,41.11M
246,WETH,Wetouch Technology Inc.,17.18M,-8.28%,374737,41.02M
247,MDRR,"Medalist Diversified REIT, Inc.",16.87M,0.89%,2805,9.92M
248,SOHO,Sotherly Hotels Inc.,16.13M,0.36%,35107,179.86M
249,XIN,"Xinyuan Real Estate Co., Ltd.",15.47M,0.37%,22677,667.14M
250,GIPR,"Generation Income Properties, Inc.",9.49M,-2.78%,9675,10.22M
251,AEI,Alset Inc.,9.39M,-0.23%,71013,13.19M
252,LRHC,La Rosa Holdings Corp.,8.67M,1.63%,1118385,63.17M
253,SQFT,"Presidio Property Trust, Inc.",8.29M,-3.58%,15384,18.59M
254,OMH,Ohmyhome Limited,8.16M,-1.44%,34412,5.39M
255,CMCT,Creative Media & Community Trust Corporation,7.76M,13.18%,286918,124.60M
256,GBR,"New Concept Energy, Inc.",5.95M,-1.69%,34399,147.00K
257,PW,Power REIT,4.29M,2.08%,116827,3.15M
258,ALBT,Avalon GloboCare Corp.,3.60M,-0.30%,6437,-8.32M
259,SGD,Safe and Green Development Corporation,2.38M,-,82294,173.19K
260,WHLR,"Wheeler Real Estate Investment Trust, Inc.",2.06M,-12.34%,113291,102.75M
261,UOKA,MDJM Ltd,2.03M,-2.77%,3006233,114.85K
262,UK,Ucommune International Ltd,1.70M,2.61%,397318,42.47M
