,Symbol,Company Name,Market Cap,% Change,Volume,Revenue
0,AAPL,Apple Inc.,"3,548.94B",-0.67%,93080144,395.76B
1,MSFT,Microsoft Corporation,"3,085.55B",0.02%,33325644,261.80B
2,NVDA,NVIDIA Corporation,"2,940.51B",-3.67%,368055717,113.27B
3,AVGO,Broadcom Inc.,"1,037.17B",2.60%,40802093,51.57B
4,TSM,Taiwan Semiconductor Manufacturing Company Limited,899.12B,0.56%,13910400,88.29B
5,ORCL,Oracle Corporation,475.65B,-0.19%,6430145,54.93B
6,CRM,"Salesforce, Inc.",327.01B,-0.54%,4453658,37.19B
7,SAP,SAP SE,324.67B,-1.18%,846413,35.38B
8,ASML,ASML Holding N.V.,295.83B,0.31%,1976452,29.26B
9,CSCO,"Cisco Systems, Inc.",241.36B,0.22%,16369718,52.98B
10,ACN,Accenture plc,240.78B,1.10%,2201582,66.36B
11,IBM,International Business Machines Corporation,236.43B,-1.00%,7196689,62.75B
12,NOW,"ServiceNow, Inc.",209.79B,0.56%,2865460,10.98B
13,QCOM,QUALCOMM Incorporated,191.16B,0.58%,7722203,38.96B
14,ADBE,Adobe Inc.,190.42B,-1.92%,4585524,21.51B
15,AMD,"Advanced Micro Devices, Inc.",188.16B,-2.45%,40031421,24.30B
16,PLTR,Palantir Technologies Inc.,187.91B,1.56%,78083346,2.65B
17,INTU,Intuit Inc.,168.37B,-0.51%,1267988,16.59B
18,TXN,Texas Instruments Incorporated,168.18B,0.38%,6288826,15.64B
19,ARM,Arm Holdings plc,167.69B,4.12%,7980798,3.54B
20,SHOP,Shopify Inc.,150.92B,-2.00%,7202273,8.21B
21,AMAT,"Applied Materials, Inc.",146.57B,-0.75%,5574585,27.18B
22,ANET,Arista Networks Inc,145.16B,1.20%,9002886,6.61B
23,UBER,"Uber Technologies, Inc.",140.77B,0.39%,14390280,41.96B
24,SONY,Sony Group Corporation,133.79B,-1.30%,2124280,91.76B
25,APP,AppLovin Corporation,124.03B,1.12%,3352203,4.29B
26,ADP,"Automatic Data Processing, Inc.",123.29B,-0.08%,1730166,19.90B
27,FI,"Fiserv, Inc.",122.91B,0.06%,1388701,20.12B
28,PANW,"Palo Alto Networks, Inc.",121.02B,-1.60%,4780529,8.29B
29,ADI,"Analog Devices, Inc.",105.12B,-0.24%,3461058,9.43B
30,LRCX,Lam Research Corporation,104.15B,0.40%,16504097,16.21B
31,MU,"Micron Technology, Inc.",101.66B,-1.36%,19096930,29.09B
32,KLAC,KLA Corporation,98.75B,-0.56%,1624352,10.85B
33,CRWD,"CrowdStrike Holdings, Inc.",98.05B,0.30%,3087771,3.74B
34,MRVL,"Marvell Technology, Inc.",97.66B,2.29%,14664330,5.38B
35,INFY,Infosys Limited,89.95B,0.60%,8843858,19.11B
36,APH,Amphenol Corporation,85.33B,-1.23%,4537812,15.22B
37,MSTR,MicroStrategy Incorporated,84.41B,-1.56%,15460704,467.24M
38,INTC,Intel Corporation,84.13B,-2.90%,116226394,53.10B
39,CDNS,"Cadence Design Systems, Inc.",81.63B,-0.05%,1282657,4.35B
40,SNPS,"Synopsys, Inc.",81.23B,-0.17%,1087573,6.13B
41,TEAM,Atlassian Corporation,79.90B,14.92%,8318898,4.79B
42,MSI,"Motorola Solutions, Inc.",78.42B,-0.71%,691666,10.66B
43,FTNT,"Fortinet, Inc.",77.32B,-0.05%,4059403,5.71B
44,DELL,Dell Technologies Inc.,72.28B,-1.66%,6071167,93.95B
45,WDAY,"Workday, Inc.",69.71B,0.77%,1651575,8.16B
46,ADSK,"Autodesk, Inc.",66.89B,0.45%,1274814,5.96B
47,ROP,"Roper Technologies, Inc.",61.73B,0.89%,978873,7.04B
48,SNOW,Snowflake Inc.,59.92B,1.24%,4050225,3.41B
49,TTD,"The Trade Desk, Inc.",58.58B,-0.22%,3097472,2.31B
50,XYZ,"Block, Inc.",56.28B,-2.29%,6813209,23.86B
51,PAYX,"Paychex, Inc.",53.17B,-0.26%,1751542,5.37B
52,NXPI,NXP Semiconductors N.V.,53.00B,-1.34%,3005985,12.93B
53,DDOG,"Datadog, Inc.",48.48B,0.07%,4948325,2.54B
54,NET,"Cloudflare, Inc.",47.50B,0.83%,2867086,1.57B
55,FICO,Fair Isaac Corporation,45.80B,0.38%,199121,1.72B
56,TEL,TE Connectivity plc,44.15B,-1.23%,1352632,15.85B
57,FIS,"Fidelity National Information Services, Inc.",43.86B,-0.74%,1579968,10.03B
58,GLW,Corning Incorporated,42.34B,4.18%,8505459,13.12B
59,IT,"Gartner, Inc.",41.87B,-1.01%,371362,6.14B
60,GRMN,Garmin Ltd.,41.45B,-0.55%,408177,5.96B
61,CTSH,Cognizant Technology Solutions Corporation,40.96B,-0.18%,2462746,19.41B
62,HUBS,"HubSpot, Inc.",40.24B,0.98%,438099,2.51B
63,WIT,Wipro Limited,37.70B,-0.27%,4074745,10.38B
64,MPWR,"Monolithic Power Systems, Inc.",31.09B,0.09%,750100,2.04B
65,ZS,"Zscaler, Inc.",31.09B,-0.12%,1104129,2.30B
66,KEYS,"Keysight Technologies, Inc.",30.84B,4.59%,1721462,4.98B
67,ANSS,"ANSYS, Inc.",30.65B,-0.30%,379401,2.47B
68,HPQ,HP Inc.,30.48B,-0.91%,6178087,53.56B
69,GDDY,GoDaddy Inc.,29.85B,-0.41%,846083,4.48B
70,MCHP,Microchip Technology Incorporated,29.16B,-1.56%,10237429,5.50B
71,IOT,Samsara Inc.,28.90B,-0.94%,1318545,1.18B
72,FTV,Fortive Corporation,28.22B,-0.37%,1881449,6.20B
73,HPE,Hewlett Packard Enterprise Company,27.87B,-,17005104,30.13B
74,BR,"Broadridge Financial Solutions, Inc.",27.85B,-0.38%,721111,6.68B
75,ZM,Zoom Communications Inc.,26.65B,-0.40%,2050904,4.63B
76,GIB,CGI Inc.,26.56B,-1.00%,293781,10.33B
77,CDW,CDW Corporation,26.54B,0.70%,1567376,20.83B
78,CPAY,"Corpay, Inc.",26.52B,-1.80%,389594,3.88B
79,TYL,"Tyler Technologies, Inc.",25.75B,0.46%,272427,2.08B
80,NOK,Nokia Oyj,25.34B,-2.13%,22017655,19.90B
81,ERIC,Telefonaktiebolaget LM Ericsson (publ),25.29B,-2.98%,25998479,22.40B
82,NTAP,"NetApp, Inc.",24.82B,-0.28%,1306575,6.47B
83,UI,Ubiquiti Inc.,24.40B,1.20%,56242,2.02B
84,CHKP,Check Point Software Technologies Ltd.,23.98B,-0.44%,1150601,2.57B
85,TDY,Teledyne Technologies Incorporated,23.83B,-1.45%,297345,5.67B
86,ASX,"ASE Technology Holding Co., Ltd.",23.48B,0.69%,14478220,18.69B
87,PTC,PTC Inc.,23.29B,0.77%,1440883,2.30B
88,TOST,"Toast, Inc.",23.24B,1.51%,6501415,4.66B
89,GFS,GlobalFoundries Inc.,22.92B,-0.07%,1499217,6.77B
90,WDC,Western Digital Corporation,22.52B,-0.99%,8033190,15.60B
91,TWLO,Twilio Inc.,22.48B,-1.19%,3727312,4.34B
92,ON,ON Semiconductor Corporation,22.29B,-1.75%,6353767,7.38B
93,PSTG,"Pure Storage, Inc.",22.12B,-0.86%,1537170,3.08B
94,VRSN,"VeriSign, Inc.",20.66B,0.46%,685250,1.54B
95,STX,Seagate Technology Holdings plc,20.40B,-1.95%,2788372,8.04B
96,MDB,"MongoDB, Inc.",20.35B,0.83%,1552428,1.92B
97,STM,STMicroelectronics N.V.,20.35B,-0.31%,10694686,13.27B
98,ZBRA,Zebra Technologies Corporation,20.22B,-0.70%,528865,4.66B
99,SSNC,"SS&C Technologies Holdings, Inc.",20.05B,-0.33%,1014357,5.76B
100,DOCU,"DocuSign, Inc.",19.54B,0.92%,2803048,2.91B
101,AFRM,"Affirm Holdings, Inc.",19.18B,-1.66%,4143130,2.52B
102,LDOS,"Leidos Holdings, Inc.",18.95B,-0.11%,1296777,16.28B
103,TER,"Teradyne, Inc.",18.86B,0.62%,3688314,2.82B
104,GRAB,Grab Holdings Limited,18.44B,-1.29%,18425583,2.69B
105,TRMB,Trimble Inc.,18.42B,-0.56%,1344830,3.63B
106,NTNX,"Nutanix, Inc.",18.42B,1.11%,3026657,2.23B
107,CYBR,CyberArk Software Ltd.,18.29B,-0.17%,341405,909.46M
108,KSPI,Joint Stock Company Kaspi.kz,18.07B,-2.75%,265760,4.93B
109,FSLR,"First Solar, Inc.",17.93B,0.08%,1781168,3.85B
110,JBL,Jabil Inc.,17.79B,-0.14%,862315,27.49B
111,GWRE,"Guidewire Software, Inc.",17.65B,-0.12%,1082468,1.04B
112,DT,"Dynatrace, Inc.",17.29B,-0.03%,3162305,1.63B
113,AZPN,"Aspen Technology, Inc.",17.27B,-0.36%,1043373,1.09B
114,FFIV,"F5, Inc.",17.25B,-1.40%,650162,2.89B
115,SMCI,"Super Micro Computer, Inc.",16.70B,-0.42%,37459341,14.94B
116,GEN,Gen Digital Inc.,16.58B,-3.51%,6160643,3.90B
117,FLEX,Flex Ltd.,16.15B,-1.02%,3737926,25.58B
118,OKTA,"Okta, Inc.",16.15B,0.49%,2664988,2.53B
119,ALAB,"Astera Labs, Inc.",16.09B,4.70%,6415046,305.71M
120,DUOL,"Duolingo, Inc.",16.01B,0.20%,511943,689.46M
121,UMC,United Microelectronics Corporation,15.42B,-1.03%,8214516,7.09B
122,ENTG,"Entegris, Inc.",15.33B,-0.19%,1971439,3.20B
123,LOGI,Logitech International S.A.,15.01B,-1.85%,1230286,4.56B
124,AKAM,"Akamai Technologies, Inc.",15.01B,-1.56%,1508155,3.97B
125,BSY,"Bentley Systems, Incorporated",14.66B,1.37%,1825744,1.31B
126,CLS,Celestica Inc.,14.43B,8.16%,10760160,9.65B
127,EPAM,"EPAM Systems, Inc.",14.40B,1.33%,582714,4.64B
128,SWKS,"Skyworks Solutions, Inc.",14.19B,-0.72%,2566674,4.18B
129,COHR,Coherent Corp.,14.00B,0.90%,3124145,5.00B
130,RBRK,"Rubrik, Inc.",13.57B,-1.03%,1326898,803.46M
131,WIX,Wix.com Ltd.,13.37B,-1.44%,807546,1.70B
132,MNDY,monday.com Ltd.,12.74B,5.62%,1170436,906.59M
133,MANH,"Manhattan Associates, Inc.",12.71B,-2.59%,1283281,1.04B
134,JKHY,"Jack Henry & Associates, Inc.",12.70B,-0.14%,688683,2.25B
135,KVYO,"Klaviyo, Inc.",12.41B,-2.58%,1366552,868.92M
136,CIEN,Ciena Corporation,12.38B,2.94%,2354499,4.01B
137,SNX,TD SYNNEX Corporation,12.06B,0.42%,715683,58.45B
138,PCOR,"Procore Technologies, Inc.",11.83B,-0.67%,1283712,1.11B
139,GTLB,GitLab Inc.,11.81B,4.87%,5146437,711.60M
140,YMM,Full Truck Alliance Co. Ltd.,11.78B,-3.43%,3618111,1.49B
141,CRDO,Credo Technology Group Holding Ltd,11.71B,8.39%,9153034,245.59M
142,AUR,"Aurora Innovation, Inc.",11.69B,-0.15%,12839476,-
143,ESTC,Elastic N.V.,11.67B,1.79%,962733,1.38B
144,PAYC,"Paycom Software, Inc.",11.60B,1.12%,529496,1.82B
145,JNPR,"Juniper Networks, Inc.",11.54B,1.40%,6015355,5.03B
146,PCTY,Paylocity Holding Corporation,11.46B,2.02%,636571,1.45B
147,DAY,Dayforce Inc.,11.16B,0.24%,1273752,1.69B
148,FOUR,"Shift4 Payments, Inc.",10.80B,-1.41%,859224,3.15B
149,NICE,NICE Ltd.,10.52B,0.69%,645604,2.64B
150,ONTO,Onto Innovation Inc.,10.11B,-0.20%,647036,942.24M
151,BILL,"BILL Holdings, Inc.",10.02B,0.68%,1971780,1.34B
152,DBX,"Dropbox, Inc.",9.96B,0.06%,3028709,2.54B
153,DOX,Amdocs Limited,9.95B,0.83%,500760,5.00B
154,DSGX,The Descartes Systems Group Inc.,9.94B,-1.39%,196659,631.76M
155,MTSI,"MACOM Technology Solutions Holdings, Inc.",9.83B,1.06%,552675,729.58M
156,CFLT,"Confluent, Inc.",9.73B,0.61%,3594500,915.61M
157,ALTR,Altair Engineering Inc.,9.40B,-0.14%,652780,644.66M
158,PEGA,Pegasystems Inc.,9.29B,1.34%,1010964,1.48B
159,TTAN,"ServiceTitan, Inc.",9.24B,2.42%,219593,724.36M
160,GLOB,Globant S.A.,9.20B,3.04%,523383,2.35B
161,VERX,"Vertex, Inc.",9.01B,0.96%,559317,643.23M
162,U,Unity Software Inc.,8.94B,-3.52%,7173781,1.97B
163,KD,"Kyndryl Holdings, Inc.",8.82B,0.66%,2034311,15.30B
164,CACI,CACI International Inc,8.66B,-0.11%,276953,8.13B
165,G,Genpact Limited,8.59B,0.56%,1949852,4.66B
166,IONQ,"IonQ, Inc.",8.55B,1.75%,19303001,37.47M
167,PSN,Parsons Corporation,8.42B,0.58%,2203348,6.51B
168,ENPH,"Enphase Energy, Inc.",8.41B,0.37%,3510624,1.25B
169,APPF,"AppFolio, Inc.",8.40B,-7.76%,986642,794.20M
170,EXLS,"ExlService Holdings, Inc.",8.09B,-0.46%,764246,1.77B
171,SATS,EchoStar Corporation,7.91B,0.69%,1016120,16.02B
172,LSCC,Lattice Semiconductor Corporation,7.87B,0.51%,1854505,562.58M
173,INFA,Informatica Inc.,7.84B,0.16%,647947,1.66B
174,FN,Fabrinet,7.84B,1.59%,705294,3.00B
175,PATH,UiPath Inc.,7.82B,-2.47%,9165524,1.41B
176,QRVO,"Qorvo, Inc.",7.75B,-0.88%,2296415,3.79B
177,OTEX,Open Text Corporation,7.71B,-1.70%,611734,5.61B
178,S,"SentinelOne, Inc.",7.70B,-0.70%,3336485,770.12M
179,MKSI,"MKS Instruments, Inc.",7.62B,0.27%,989824,3.54B
180,NXT,Nextracker Inc.,7.34B,-0.41%,2312610,2.77B
181,WEX,WEX Inc.,7.32B,-1.29%,338174,2.66B
182,CCCS,CCC Intelligent Solutions Holdings Inc.,7.29B,-0.63%,4437771,926.94M
183,OS,"OneStream, Inc.",7.19B,-0.13%,638829,459.53M
184,NVMI,Nova Ltd.,7.12B,1.31%,210572,611.85M
185,OLED,Universal Display Corporation,7.12B,-0.96%,585982,643.71M
186,CVLT,"Commvault Systems, Inc.",7.01B,0.86%,501310,943.87M
187,CWAN,"Clearwater Analytics Holdings, Inc.",7.00B,-1.09%,991250,424.36M
188,HCP,"HashiCorp, Inc.",6.99B,-0.15%,3271613,654.89M
189,SPSC,"SPS Commerce, Inc.",6.94B,0.67%,307399,611.82M
190,CGNX,Cognex Corporation,6.84B,0.45%,1374316,881.50M
191,RMBS,Rambus Inc.,6.57B,0.67%,1080475,517.75M
192,BMI,"Badger Meter, Inc.",6.29B,2.56%,418835,826.56M
193,SRAD,Sportradar Group AG,6.26B,-1.64%,506561,1.17B
194,ARW,"Arrow Electronics, Inc.",6.13B,-0.38%,250185,28.49B
195,AMKR,"Amkor Technology, Inc.",6.07B,-1.05%,1385082,6.44B
196,LFUS,"Littelfuse, Inc.",5.91B,-1.97%,169882,2.19B
197,ASTS,"AST SpaceMobile, Inc.",5.86B,11.15%,26264904,2.50M
198,LITE,Lumentum Holdings Inc.,5.84B,1.29%,2083538,1.38B
199,VNT,Vontier Corporation,5.79B,-1.33%,486271,2.99B
200,SMTC,Semtech Corporation,5.77B,-1.08%,2208080,851.23M
201,QTWO,"Q2 Holdings, Inc.",5.75B,-2.59%,683186,675.54M
202,FRSH,Freshworks Inc.,5.63B,-,4442738,685.96M
203,ACIW,"ACI Worldwide, Inc.",5.62B,-1.47%,487663,1.62B
204,LYFT,"Lyft, Inc.",5.62B,-0.15%,11390084,5.46B
205,INTA,"Intapp, Inc.",5.52B,-1.74%,731221,447.75M
206,NSIT,"Insight Enterprises, Inc.",5.49B,-0.43%,548726,8.87B
207,INGM,Ingram Micro Holding Corporation,5.48B,1.39%,239888,47.66B
208,TSEM,Tower Semiconductor Ltd.,5.45B,0.43%,625312,1.40B
209,QXO,"QXO, Inc.",5.44B,-0.97%,1789872,56.84M
210,WK,Workiva Inc.,5.44B,-0.89%,515683,705.44M
211,NOVT,Novanta Inc.,5.38B,0.40%,203379,922.75M
212,CRUS,"Cirrus Logic, Inc.",5.34B,1.16%,879107,1.91B
213,SAIC,Science Applications International Corporation,5.29B,-0.90%,457888,7.38B
214,CLBT,Cellebrite DI Ltd.,5.25B,0.17%,1058346,385.17M
215,SOUN,"SoundHound AI, Inc.",5.23B,1.07%,41055365,67.30M
216,TENB,"Tenable Holdings, Inc.",5.18B,-0.30%,1232498,877.60M
217,VRNS,"Varonis Systems, Inc.",5.10B,0.93%,2117762,546.54M
218,QLYS,"Qualys, Inc.",5.10B,-0.23%,393095,592.95M
219,ASAN,"Asana, Inc.",4.88B,-0.05%,4295156,706.68M
220,ITRI,"Itron, Inc.",4.84B,-0.10%,472023,2.41B
221,BOX,"Box, Inc.",4.80B,0.48%,1379443,1.07B
222,SITM,SiTime Corporation,4.77B,0.22%,304018,176.99M
223,BRZE,"Braze, Inc.",4.76B,0.26%,770848,563.97M
224,BDC,Belden Inc.,4.70B,-0.94%,209607,2.35B
225,RELY,"Remitly Global, Inc.",4.65B,-0.97%,1310873,1.18B
226,IDCC,"InterDigital, Inc.",4.64B,-0.96%,206363,721.23M
227,PONY,Pony AI Inc.,4.59B,-2.01%,527048,84.33M
228,SANM,Sanmina Corporation,4.55B,-0.57%,714373,7.70B
229,AVT,"Avnet, Inc.",4.47B,0.49%,749359,22.48B
230,ALGM,"Allegro MicroSystems, Inc.",4.43B,0.38%,4530268,772.76M
231,SLAB,Silicon Laboratories Inc.,4.40B,-0.08%,348198,504.98M
232,ZETA,Zeta Global Holdings Corp.,4.36B,0.16%,2134606,901.40M
233,EEFT,"Euronet Worldwide, Inc.",4.33B,-0.58%,202866,3.90B
234,CAMT,Camtek Ltd.,4.29B,3.95%,641336,400.63M
235,GDS,GDS Holdings Limited,4.22B,-5.81%,1981811,1.56B
236,GBTG,"Global Business Travel Group, Inc.",4.15B,-2.00%,537937,2.38B
237,ST,Sensata Technologies Holding plc,4.06B,-0.98%,1440000,4.02B
238,AI,"C3.ai, Inc.",4.05B,-2.18%,3181080,346.54M
239,BL,"BlackLine, Inc.",3.99B,0.65%,619117,639.61M
240,PYCR,"Paycor HCM, Inc.",3.99B,-0.14%,2349369,678.84M
241,PAY,"Paymentus Holdings, Inc.",3.98B,-0.37%,319686,778.67M
242,NCNO,"nCino, Inc.",3.94B,-1.59%,1014934,522.98M
243,DXC,DXC Technology Company,3.93B,0.84%,1109129,13.26B
244,ASGN,ASGN Incorporated,3.90B,-0.74%,397916,4.19B
245,FROG,JFrog Ltd.,3.88B,-1.70%,812987,409.67M
246,CLVT,Clarivate Plc,3.85B,-1.28%,2118607,2.58B
247,PLXS,Plexus Corp.,3.84B,-1.13%,185262,3.95B
248,BLKB,"Blackbaud, Inc.",3.83B,0.40%,216491,1.15B
249,DOCN,"DigitalOcean Holdings, Inc.",3.83B,-0.53%,1242878,756.56M
250,PAYO,Payoneer Global Inc.,3.78B,-2.84%,1925979,940.30M
251,DLO,DLocal Limited,3.76B,-2.29%,632446,729.49M
252,RGTI,"Rigetti Computing, Inc.",3.69B,7.07%,199930395,11.89M
253,ALIT,"Alight, Inc.",3.65B,-0.87%,4350449,3.36B
254,PI,"Impinj, Inc.",3.59B,-0.82%,394552,345.17M
255,LIF,"Life360, Inc.",3.57B,-4.15%,236830,342.92M
256,POWI,"Power Integrations, Inc.",3.54B,3.78%,783602,403.23M
257,ZI,ZoomInfo Technologies Inc.,3.53B,-1.72%,6365078,1.22B
258,AVPT,"AvePoint, Inc.",3.52B,0.32%,1957102,315.92M
259,RUM,Rumble Inc.,3.52B,2.15%,3455262,85.65M
260,ALKT,"Alkami Technology, Inc.",3.50B,-3.55%,485502,315.56M
261,DV,"DoubleVerify Holdings, Inc.",3.49B,0.10%,851870,638.46M
262,CORZ,"Core Scientific, Inc.",3.43B,0.08%,13231936,557.68M
263,ESE,ESCO Technologies Inc.,3.42B,-0.46%,97126,1.03B
264,CNXC,Concentrix Corporation,3.37B,-1.65%,631772,9.62B
265,SYNA,Synaptics Incorporated,3.33B,-1.46%,727418,979.40M
266,OSIS,"OSI Systems, Inc.",3.30B,0.12%,170370,1.65B
267,YOU,"Clear Secure, Inc.",3.30B,0.85%,1459615,735.18M
268,AMBA,"Ambarella, Inc.",3.20B,-1.83%,518327,252.47M
269,LPL,"LG Display Co., Ltd.",3.18B,-0.62%,107030,18.02B
270,IPGP,IPG Photonics Corporation,3.17B,-0.27%,168421,1.04B
271,GRND,Grindr Inc.,3.15B,0.51%,1074228,319.10M
272,RNG,"RingCentral, Inc.",3.13B,-2.16%,778993,2.36B
273,FORM,"FormFactor, Inc.",3.10B,0.55%,778380,742.28M
274,FIVN,"Five9, Inc.",3.08B,0.56%,1230301,1.00B
275,TDC,Teradata Corporation,3.05B,-1.54%,562264,1.80B
276,ALRM,"Alarm.com Holdings, Inc.",3.00B,-0.95%,218300,923.82M
277,KC,Kingsoft Cloud Holdings Limited,2.90B,-5.35%,2967642,1.04B
278,PAR,PAR Technology Corporation,2.81B,-0.60%,371760,453.99M
279,DIOD,Diodes Incorporated,2.73B,0.98%,523920,1.29B
280,BTDR,Bitdeer Technologies Group,2.73B,1.93%,4662965,395.61M
281,ODD,Oddity Tech Ltd.,2.73B,1.81%,448007,620.65M
282,STNE,StoneCo Ltd.,2.72B,-3.58%,4328144,2.27B
283,VIAV,Viavi Solutions Inc.,2.67B,20.52%,17592813,1.01B
284,WNS,WNS (Holdings) Limited,2.66B,-1.54%,462992,1.32B
285,CALX,"Calix, Inc.",2.63B,-1.24%,731722,831.52M
286,BB,BlackBerry Limited,2.62B,0.68%,26028623,638.00M
287,SEMR,"Semrush Holdings, Inc.",2.56B,0.40%,764462,357.57M
288,APPN,Appian Corporation,2.55B,-0.23%,310580,595.66M
289,SWI,SolarWinds Corporation,2.54B,-0.67%,294718,784.73M
290,TTMI,"TTM Technologies, Inc.",2.51B,0.04%,640899,2.36B
291,AGYS,"Agilysys, Inc.",2.50B,-1.68%,300691,263.57M
292,PRGS,Progress Software Corporation,2.49B,0.58%,708925,753.41M
293,RPD,"Rapid7, Inc.",2.43B,-1.10%,523143,833.01M
294,FLYW,Flywire Corporation,2.40B,-1.02%,537240,475.14M
295,KLIC,"Kulicke and Soffa Industries, Inc.",2.38B,0.05%,451281,706.23M
296,RZLV,Rezolve AI Limited,2.33B,-2.34%,4090437,-
297,PAGS,PagSeguro Digital Ltd.,2.32B,-2.61%,4573195,3.23B
298,NATL,NCR Atleos Corporation,2.31B,-2.93%,167695,4.31B
299,VICR,Vicor Corporation,2.31B,0.87%,203620,355.54M
300,VSH,"Vishay Intertechnology, Inc.",2.30B,1.68%,1788941,3.01B
301,CXM,"Sprinklr, Inc.",2.27B,0.34%,833431,788.06M
302,IBTA,"Ibotta, Inc.",2.22B,-2.95%,187233,368.55M
303,RAMP,"LiveRamp Holdings, Inc.",2.22B,-1.28%,472992,707.17M
304,ACLS,"Axcelis Technologies, Inc.",2.21B,-3.06%,734934,1.08B
305,LSPD,Lightspeed Commerce Inc.,2.20B,-1.70%,702694,1.01B
306,AVDX,"AvidXchange Holdings, Inc.",2.18B,-0.56%,701401,427.57M
307,PLUS,ePlus inc.,2.12B,1.01%,164843,2.12B
308,EXTR,"Extreme Networks, Inc.",2.10B,1.35%,1306494,1.02B
309,EVTC,"EVERTEC, Inc.",2.07B,0.09%,295969,823.71M
310,RUN,Sunrun Inc.,2.03B,-3.93%,9805855,2.04B
311,CNXN,"PC Connection, Inc.",1.95B,1.39%,97666,2.79B
312,JAMF,Jamf Holding Corp.,1.94B,-1.88%,467728,615.07M
313,MQ,"Marqeta, Inc.",1.93B,-2.78%,3365264,490.03M
314,DAVA,Endava plc,1.93B,-0.18%,193240,1.00B
315,DFIN,"Donnelley Financial Solutions, Inc.",1.92B,-1.07%,140418,802.10M
316,GDYN,"Grid Dynamics Holdings, Inc.",1.88B,0.09%,619137,328.36M
317,SPT,"Sprout Social, Inc.",1.88B,-1.30%,442188,392.40M
318,VNET,"VNET Group, Inc.",1.86B,-6.82%,6096013,1.13B
319,EVCM,EverCommerce Inc.,1.86B,0.50%,113929,693.21M
320,SIMO,Silicon Motion Technology Corporation,1.84B,1.94%,472228,814.77M
321,NABL,"N-able, Inc.",1.80B,-1.62%,539410,458.05M
322,VYX,NCR Voyix Corporation,1.79B,-0.73%,1134106,3.59B
323,HIMX,"Himax Technologies, Inc.",1.77B,4.22%,5453673,897.26M
324,ROG,Rogers Corporation,1.74B,-0.89%,238419,842.50M
325,QBTS,D-Wave Quantum Inc.,1.73B,5.32%,74502401,9.42M
326,NTCT,"NetScout Systems, Inc.",1.71B,-4.87%,774748,821.14M
327,GB,Global Blue Group Holding AG,1.67B,-1.84%,81332,517.91M
328,SONO,"Sonos, Inc.",1.67B,-1.71%,1245214,1.52B
329,PD,"PagerDuty, Inc.",1.67B,0.38%,1006784,457.17M
330,KN,Knowles Corporation,1.67B,-0.11%,731778,801.00M
331,MTTR,"Matterport, Inc.",1.66B,0.97%,2766058,165.43M
332,UCTT,"Ultra Clean Holdings, Inc.",1.66B,1.96%,677176,1.98B
333,CSGS,"CSG Systems International, Inc.",1.64B,1.29%,295281,1.18B
334,DBD,"Diebold Nixdorf, Incorporated",1.63B,-0.39%,94932,3.80B
335,NN,NextNav Inc.,1.62B,5.97%,1326901,4.96M
336,UPBD,"Upbound Group, Inc.",1.60B,-1.87%,404020,4.26B
337,APLD,Applied Digital Corporation,1.59B,-3.52%,23216258,211.62M
338,VRNT,Verint Systems Inc.,1.58B,-1.13%,604809,920.75M
339,INFN,Infinera Corporation,1.57B,-0.30%,566677,1.46B
340,AMPL,"Amplitude, Inc.",1.56B,2.35%,568043,292.54M
341,CTS,CTS Corporation,1.54B,-0.27%,87938,513.03M
342,BHE,"Benchmark Electronics, Inc.",1.54B,0.35%,406118,2.66B
343,ZUO,"Zuora, Inc.",1.53B,-0.10%,1619445,452.76M
344,SPNS,Sapiens International Corporation N.V.,1.53B,2.93%,380972,538.93M
345,MXL,"MaxLinear, Inc.",1.51B,2.23%,4314816,360.53M
346,TASK,"TaskUs, Inc.",1.47B,-2.78%,152301,955.01M
347,FSLY,"Fastly, Inc.",1.47B,-2.42%,2450026,540.87M
348,TUYA,Tuya Inc.,1.46B,-1.59%,1597490,280.97M
349,PLAB,"Photronics, Inc.",1.46B,-0.30%,460047,866.95M
350,MLNK,"MeridianLink, Inc.",1.45B,-2.73%,382519,311.44M
351,ATEN,"A10 Networks, Inc.",1.45B,-1.31%,595006,257.91M
352,VECO,Veeco Instruments Inc.,1.44B,-0.35%,724425,709.09M
353,ENFN,"Enfusion, Inc.",1.44B,0.27%,474980,195.16M
354,KARO,Karooooo Ltd.,1.43B,-1.81%,26151,245.97M
355,FORTY,Formula Systems (1985) Ltd.,1.41B,0.30%,2810,2.71B
356,EXOD,"Exodus Movement, Inc.",1.41B,-18.74%,155298,89.94M
357,ADEA,Adeia Inc.,1.40B,-3.75%,551071,343.72M
358,DSP,Viant Technology Inc.,1.39B,0.50%,224782,263.59M
359,AAOI,"Applied Optoelectronics, Inc.",1.38B,-0.53%,2030710,209.55M
360,NYAX,Nayax Ltd.,1.38B,-0.05%,3247,291.65M
361,QUBT,Quantum Computing Inc.,1.34B,3.80%,22249320,386.00K
362,SMWB,Similarweb Ltd.,1.32B,-4.70%,527664,241.08M
363,HLIT,Harmonic Inc.,1.31B,-0.62%,718343,623.65M
364,SABR,Sabre Corporation,1.29B,-1.18%,2953443,3.00B
365,ACMR,"ACM Research, Inc.",1.29B,0.05%,2491010,728.97M
366,DCBO,Docebo Inc.,1.27B,-2.08%,49560,209.17M
367,VTEX,VTEX,1.24B,-1.48%,535216,225.91M
368,VSAT,"Viasat, Inc.",1.24B,4.11%,3560495,4.53B
369,DAVE,Dave Inc.,1.22B,-1.16%,577156,319.36M
370,OLO,Olo Inc.,1.21B,-0.94%,1092523,271.87M
371,DQ,Daqo New Energy Corp.,1.18B,-2.13%,502872,1.31B
372,PSFE,Paysafe Limited,1.18B,-1.52%,145333,1.70B
373,DGII,Digi International Inc.,1.15B,0.84%,227006,424.05M
374,CRCT,"Cricut, Inc.",1.15B,-2.01%,224644,734.48M
375,PRO,"PROS Holdings, Inc.",1.12B,0.68%,453568,322.89M
376,AOSL,Alpha and Omega Semiconductor Limited,1.12B,2.67%,590755,658.53M
377,ARRY,"Array Technologies, Inc.",1.11B,-1.87%,4613405,982.19M
378,VMEO,"Vimeo, Inc.",1.11B,-1.47%,948810,419.39M
379,JKS,"JinkoSolar Holding Co., Ltd.",1.10B,-0.95%,389054,14.89B
380,COMM,"CommScope Holding Company, Inc.",1.09B,1.41%,4630928,5.18B
381,PENG,"Penguin Solutions, Inc.",1.08B,1.10%,777769,1.24B
382,PDFS,"PDF Solutions, Inc.",1.08B,4.58%,277457,170.51M
383,INOD,Innodata Inc.,1.08B,2.74%,1503460,137.39M
384,COHU,"Cohu, Inc.",1.07B,1.15%,279053,444.88M
385,BBAI,"BigBear.ai Holdings, Inc.",1.07B,2.91%,40549024,154.97M
386,TIXT,TELUS International (Cda) Inc.,1.06B,-1.28%,367420,2.66B
387,XRX,Xerox Holdings Corporation,1.06B,-1.50%,2681535,6.22B
388,BELFA,Bel Fuse Inc.,1.04B,-8.03%,12946,524.94M
389,BELFB,Bel Fuse Inc.,1.02B,-2.14%,99471,524.94M
390,BLND,"Blend Labs, Inc.",985.33M,-2.78%,1992767,156.72M
391,SCSC,"ScanSource, Inc.",981.95M,-1.74%,395738,3.02B
392,ML,MoneyLion Inc.,976.35M,-0.39%,137643,500.28M
393,CRSR,"Corsair Gaming, Inc.",959.06M,-1.40%,967031,1.32B
394,WOLF,"Wolfspeed, Inc.",953.65M,0.66%,26499966,776.60M
395,RDWR,Radware Ltd.,934.39M,-2.15%,80226,266.88M
396,BASE,"Couchbase, Inc.",928.65M,2.07%,675433,204.63M
397,ICHR,"Ichor Holdings, Ltd.",926.32M,-0.83%,309140,819.23M
398,CINT,CI&T Inc.,924.29M,0.87%,48442,410.25M
399,ETWO,"E2open Parent Holdings, Inc.",893.84M,-1.87%,1797360,613.46M
400,GCT,GigaCloud Technology Inc.,873.52M,-6.12%,1055593,1.11B
401,HCKT,"The Hackett Group, Inc.",852.09M,-0.26%,116608,300.74M
402,RSKD,Riskified Ltd.,843.25M,-0.96%,278724,318.05M
403,YEXT,"Yext, Inc.",839.75M,-1.05%,490686,408.97M
404,INDI,"indie Semiconductor, Inc.",827.86M,-3.07%,5748755,228.81M
405,IIIV,"i3 Verticals, Inc.",823.57M,-0.92%,176862,229.92M
406,ADTN,"ADTRAN Holdings, Inc.",819.05M,-2.63%,1233711,905.35M
407,SHLS,"Shoals Technologies Group, Inc.",796.82M,1.92%,6453556,422.66M
408,NTGR,"NETGEAR, Inc.",795.48M,-0.40%,652596,680.01M
409,DMRC,Digimarc Corporation,784.99M,-2.76%,107444,39.04M
410,AIOT,"PowerFleet, Inc.",781.25M,-3.27%,1428542,221.07M
411,DAKT,"Daktronics, Inc.",772.76M,-2.84%,298083,820.60M
412,CEVA,"CEVA, Inc.",761.02M,0.25%,259988,101.88M
413,SEDG,"SolarEdge Technologies, Inc.",759.15M,-1.58%,2643404,1.05B
414,SCWX,SecureWorks Corp.,756.45M,0.24%,2057206,339.72M
415,MLAB,"Mesa Laboratories, Inc.",747.85M,-3.21%,33300,228.38M
416,PRTH,"Priority Technology Holdings, Inc.",731.72M,-1.04%,480633,851.91M
417,OSPN,OneSpan Inc.,730.95M,-1.18%,473154,244.94M
418,PUBM,"PubMatic, Inc.",722.23M,-1.37%,179924,290.35M
419,IMOS,ChipMOS TECHNOLOGIES INC.,709.78M,-3.73%,18051,724.84M
420,RCAT,"Red Cat Holdings, Inc.",704.61M,0.92%,7716365,16.47M
421,RPAY,Repay Holdings Corporation,698.37M,-1.71%,434857,310.76M
422,PGY,Pagaya Technologies Ltd.,683.52M,-3.63%,1414244,970.90M
423,CSIQ,Canadian Solar Inc.,682.14M,-1.62%,1278528,6.17B
424,CGNT,Cognyte Software Ltd.,670.32M,-0.43%,172896,339.82M
425,SSYS,Stratasys Ltd.,664.59M,-0.80%,291606,578.44M
426,ITRN,Ituran Location and Control Ltd.,664.25M,0.88%,76636,331.18M
427,DGNX,Diginex Limited,662.70M,-16.45%,700143,1.18M
428,CAN,Canaan Inc.,656.71M,-7.17%,15969974,229.63M
429,CNDT,Conduent Incorporated,633.16M,-1.49%,459762,3.51B
430,YALA,Yalla Group Limited,632.30M,-1.97%,106206,329.77M
431,MGIC,Magic Software Enterprises Ltd.,622.58M,-0.94%,44627,535.48M
432,LYTS,LSI Industries Inc.,607.75M,-0.33%,137419,523.02M
433,FARO,"FARO Technologies, Inc.",600.06M,-0.91%,261269,347.73M
434,RXT,"Rackspace Technology, Inc.",598.51M,10.50%,1688901,2.77B
435,CTLP,"Cantaloupe, Inc.",594.11M,-3.33%,236915,276.75M
436,IMXI,"International Money Express, Inc.",588.08M,-1.25%,157093,665.67M
437,CLMB,"Climb Global Solutions, Inc.",567.46M,-2.12%,21305,410.63M
438,NVTS,Navitas Semiconductor Corporation,565.99M,-,4947528,91.38M
439,DJCO,Daily Journal Corporation,564.88M,-3.07%,17693,69.93M
440,CCSI,"Consensus Cloud Solutions, Inc.",546.68M,-0.32%,133120,351.15M
441,LASR,"nLIGHT, Inc.",540.96M,-1.85%,291786,203.06M
442,CRNC,Cerence Inc.,533.63M,-7.98%,5447850,331.50M
443,CLFD,"Clearfield, Inc.",515.48M,5.04%,240584,166.71M
444,API,"Agora, Inc.",514.28M,-7.60%,1692473,134.84M
445,HKD,AMTD Digital Inc.,509.18M,1.15%,224217,27.78M
446,NNDM,Nano Dimension Ltd.,506.44M,-2.53%,1001414,57.66M
447,RDVT,"Red Violet, Inc.",502.02M,0.91%,76444,70.69M
448,OUST,"Ouster, Inc.",495.72M,0.81%,1057876,105.45M
449,MTLS,Materialise NV,494.98M,-3.12%,149902,297.10M
450,SKYT,"SkyWater Technology, Inc.",492.29M,3.30%,698344,345.94M
451,BAND,Bandwidth Inc.,488.85M,-1.11%,245892,703.90M
452,DDD,3D Systems Corporation,488.23M,-3.49%,2243692,443.95M
453,BIGC,"BigCommerce Holdings, Inc.",477.33M,-2.40%,886343,330.05M
454,LGTY,"Logility Supply Chain Solutions, Inc.",475.56M,-0.07%,828322,102.40M
455,UIS,Unisys Corporation,461.96M,-1.48%,308032,2.02B
456,MITK,"Mitek Systems, Inc.",461.36M,-0.78%,384018,172.08M
457,BKSY,BlackSky Technology Inc.,456.93M,10.46%,1807801,107.23M
458,PRCH,"Porch Group, Inc.",450.48M,3.49%,1312102,452.10M
459,KULR,"KULR Technology Group, Inc.",445.32M,-5.02%,11714883,9.70M
460,AIP,"Arteris, Inc.",426.68M,-5.26%,240377,54.74M
461,ALNT,Allient Inc.,424.67M,-1.68%,63277,548.96M
462,GILT,Gilat Satellite Networks Ltd.,407.67M,1.42%,320787,302.93M
463,XPER,Xperi Inc.,404.37M,-1.20%,446158,508.56M
464,MEI,"Methode Electronics, Inc.",403.63M,-5.67%,362999,1.09B
465,LSAK,"Lesaka Technologies, Inc.",397.52M,3.00%,42456,573.68M
466,CRNT,Ceragon Networks Ltd.,395.86M,0.22%,791732,377.62M
467,TRAK,"ReposiTrak, Inc.",385.85M,-2.13%,35448,20.83M
468,OOMA,"Ooma, Inc.",383.80M,-0.76%,97225,253.43M
469,KLTR,"Kaltura, Inc.",377.23M,10.04%,924115,177.59M
470,EGHT,"8x8, Inc.",365.85M,-4.76%,612160,719.56M
471,POET,POET Technologies Inc.,365.72M,2.36%,2260706,119.95K
472,TBCH,Turtle Beach Corporation,356.41M,0.62%,125617,326.23M
473,TSSI,"TSS, Inc.",349.75M,7.14%,1642748,122.53M
474,MVIS,"MicroVision, Inc.",348.24M,1.27%,6022875,8.15M
475,NVEC,NVE Corporation,346.63M,-0.06%,81181,25.69M
476,AEHR,"Aehr Test Systems, Inc.",336.63M,-0.09%,607661,50.74M
477,DOMO,"Domo, Inc.",331.24M,2.54%,288144,318.46M
478,NRDY,"Nerdy, Inc.",328.29M,-1.09%,1015718,197.33M
479,LAES,SEALSQ Corp,323.35M,-0.93%,24929065,20.14M
480,NOVA,Sunnova Energy International Inc.,321.13M,-8.87%,13740307,809.98M
481,EXFY,"Expensify, Inc.",318.49M,-1.92%,260830,137.44M
482,ALLT,Allot Ltd.,317.63M,-0.36%,607590,91.63M
483,ASUR,"Asure Software, Inc.",313.87M,-0.59%,61958,115.26M
484,VPG,"Vishay Precision Group, Inc.",308.46M,-0.81%,119666,323.40M
485,AUDC,AudioCodes Ltd.,307.69M,-0.49%,45561,244.18M
486,EB,"Eventbrite, Inc.",307.11M,-4.80%,744737,336.37M
487,BLZE,"Backblaze, Inc.",306.43M,-1.79%,270948,122.58M
488,VUZI,Vuzix Corporation,304.77M,8.95%,3498903,5.55M
489,LAW,"CS Disco, Inc.",301.94M,-2.14%,111781,143.58M
490,ILLR,Triller Group Inc.,294.49M,2.15%,447397,45.24M
491,IBEX,IBEX Limited,290.59M,-0.36%,98511,513.68M
492,ONTF,"ON24, Inc.",286.97M,-0.58%,144951,150.74M
493,SMRT,"SmartRent, Inc.",283.08M,-2.00%,837968,199.77M
494,APPS,"Digital Turbine, Inc.",271.76M,4.38%,3344572,491.57M
495,IMMR,Immersion Corporation,270.15M,-1.65%,470424,163.13M
496,KOPN,Kopin Corporation,266.72M,2.96%,5355322,44.27M
497,TSAT,Telesat Corporation,261.77M,-4.06%,37063,450.76M
498,ATGL,Alpha Technology Group Limited,261.75M,-0.56%,20466,1.59M
499,RMNI,"Rimini Street, Inc.",261.62M,-1.37%,217587,426.65M
500,ARQQ,Arqit Quantum Inc.,256.33M,-4.52%,555027,293.00K
501,PDYN,Palladyne AI Corp.,256.26M,0.71%,4073787,7.77M
502,ATOM,Atomera Incorporated,252.10M,4.66%,600999,662.00K
503,ICG,Intchains Group Limited,251.14M,-,19193,34.65M
504,VLN,Valens Semiconductor Ltd.,250.84M,-6.35%,231375,63.13M
505,SVCO,"Silvaco Group, Inc.",246.21M,0.82%,98544,54.31M
506,ARBE,Arbe Robotics Ltd.,244.22M,6.22%,7998696,1.02M
507,AVNW,"Aviat Networks, Inc.",241.75M,1.93%,165354,409.60M
508,BKKT,"Bakkt Holdings, Inc.",240.07M,-3.78%,717589,1.91B
509,SANG,Sangoma Technologies Corporation,238.58M,-4.50%,7501,244.41M
510,MAPS,"WM Technology, Inc.",231.21M,-0.72%,1035507,183.31M
511,AEYE,"AudioEye, Inc.",230.65M,-1.81%,153329,33.35M
512,AEVA,"Aeva Technologies, Inc.",228.46M,4.69%,565058,7.98M
513,TLS,Telos Corporation,225.10M,-4.01%,257808,122.96M
514,HPAI,Helport AI Limited,222.80M,1.01%,2764,29.58M
515,PERF,Perfect Corp.,221.01M,-4.41%,134500,58.45M
516,AZ,A2Z Cust2Mate Solutions Corp.,217.49M,-,61904,6.63M
517,BCOV,Brightcove Inc.,201.64M,0.23%,134941,199.83M
518,CSPI,CSP Inc.,197.45M,14.04%,84551,55.22M
519,REKR,"Rekor Systems, Inc.",190.47M,10.93%,10188136,43.82M
520,RELL,"Richardson Electronics, Ltd.",190.19M,1.38%,85100,202.97M
521,MRT,"Marti Technologies, Inc.",188.11M,2.55%,51525,18.95M
522,CCRD,CoreCard Corporation,182.60M,2.80%,22496,54.73M
523,INSG,Inseego Corp.,181.16M,-0.16%,61240,207.48M
524,YIBO,Planet Image International Limited,181.04M,3.38%,1145165,153.28M
525,TTEC,"TTEC Holdings, Inc.",180.42M,0.80%,228268,2.27B
526,NOTE,"FiscalNote Holdings, Inc.",176.52M,-0.79%,1736902,125.06M
527,EGAN,eGain Corporation,174.00M,-1.93%,88757,90.43M
528,MPTI,"M-tron Industries, Inc.",168.80M,1.45%,28630,46.98M
529,PSQH,"PSQ Holdings, Inc.",168.18M,0.25%,944473,18.74M
530,SSTI,"SoundThinking, Inc.",168.06M,-1.55%,32796,104.67M
531,TCX,Tucows Inc.,167.82M,-4.51%,36377,356.14M
532,VOXX,VOXX International Corporation,166.16M,0.14%,149669,427.49M
533,NVNI,Nvni Group Limited,162.00M,0.53%,1829941,23.56M
534,FEIM,"Frequency Electronics, Inc.",160.80M,-0.89%,36485,60.19M
535,GRRR,Gorilla Technology Group Inc.,157.80M,0.74%,1169355,78.94M
536,XNET,Xunlei Limited,157.21M,-4.62%,250188,359.61M
537,TOYO,"TOYO Co., Ltd.",156.39M,-2.81%,15934,200.46M
538,TROO,"TROOPS, Inc.",152.40M,-,20667,4.34M
539,LTRX,"Lantronix, Inc.",151.21M,1.55%,329269,161.72M
540,MX,Magnachip Semiconductor Corporation,150.67M,1.00%,186622,219.52M
541,GPRO,"GoPro, Inc.",150.44M,-2.79%,2719722,896.01M
542,III,"Information Services Group, Inc.",150.16M,-0.65%,90524,255.99M
543,ONDS,Ondas Holdings Inc.,149.54M,3.55%,3058142,8.02M
544,AISP,"Airship AI Holdings, Inc.",147.11M,-2.83%,2768155,24.05M
545,NEON,Neonode Inc.,142.82M,-0.58%,56332,3.80M
546,PAYS,"Paysign, Inc.",142.44M,-3.27%,148098,56.47M
547,GNSS,Genasys Inc.,137.03M,-,121762,24.01M
548,NTCL,NetClass Technology Inc,136.27M,-6.28%,90125,11.60M
549,VERI,"Veritone, Inc.",136.01M,-1.29%,540202,124.88M
550,CSLR,"Complete Solaria, Inc.",134.99M,-0.54%,194910,40.80M
551,ZEO,Zeo Energy Corp.,134.48M,8.76%,99550,77.58M
552,MRAM,"Everspin Technologies, Inc.",134.47M,-1.13%,56991,53.87M
553,LPSN,"LivePerson, Inc.",130.82M,-0.69%,4347528,334.74M
554,ZENV,Zenvia Inc.,130.71M,-2.33%,80735,173.59M
555,UEIC,Universal Electronics Inc.,130.28M,-1.86%,71358,382.02M
556,YAAS,Youxin Technology Ltd,129.50M,1.31%,62996,521.24K
557,DHX,"DHI Group, Inc.",128.75M,-4.39%,204169,144.43M
558,PCLA,PicoCELA Inc.,127.37M,2.58%,266637,4.76M
559,QUIK,QuickLogic Corporation,124.59M,-0.12%,249666,21.89M
560,WBX,Wallbox N.V.,121.79M,4.35%,269029,179.62M
561,QH,Quhuo Limited,121.54M,0.37%,1321,493.47M
562,KVHI,"KVH Industries, Inc.",120.97M,1.16%,5943,118.37M
563,BKTI,BK Technologies Corporation,119.23M,-0.09%,23317,74.97M
564,LPTH,"LightPath Technologies, Inc.",118.99M,1.69%,146586,32.05M
565,RSSS,"Research Solutions, Inc.",116.67M,2.67%,84229,46.61M
566,UPLD,"Upland Software, Inc.",115.25M,-2.10%,232853,278.95M
567,INTT,inTEST Corporation,113.23M,2.58%,16460,121.97M
568,CGTL,Creative Global Technology Holdings Limited,112.33M,-7.26%,5274,35.61M
569,VEEA,Veea Inc.,109.92M,-0.65%,38928,140.04K
570,QMCO,Quantum Corporation,108.61M,-0.22%,1886904,285.24M
571,SILC,Silicom Ltd.,107.10M,2.93%,5380,58.11M
572,RDZN,"Roadzen, Inc.",106.84M,-2.04%,157538,46.45M
573,,Nano Labs Ltd,105.53M,-1.58%,20635,6.99M
574,MAXN,"Maxeon Solar Technologies, Ltd.",103.27M,-0.32%,123177,689.01M
575,GCTS,"GCT Semiconductor Holding, Inc.",103.11M,-5.26%,180926,11.53M
576,SNCR,"Synchronoss Technologies, Inc.",102.75M,-1.00%,30775,170.79M
577,OCFT,"OneConnect Financial Technology Co., Ltd.",97.90M,-2.33%,50468,407.83M
578,SATX,Satixfy Communications Ltd.,97.54M,-8.73%,95415,10.35M
579,SOL,Emeren Group Ltd,95.85M,-2.09%,160013,102.49M
580,LINK,"Interlink Electronics, Inc.",94.99M,-2.43%,27403,12.23M
581,WRAP,"Wrap Technologies, Inc.",93.14M,-2.40%,136714,4.23M
582,ALTS,ALT5 Sigma Corporation,92.86M,15.18%,427572,7.11M
583,YXT,YXT.COM Group Holding Limited,92.52M,-11.49%,71738,48.03M
584,AXTI,"AXT, Inc.",90.91M,0.48%,202606,94.69M
585,ALOT,"AstroNova, Inc.",87.33M,0.78%,4081,153.52M
586,ZENA,"ZenaTech, Inc.",84.12M,8.24%,295868,1.48M
587,PHUN,"Phunware, Inc.",78.96M,-1.00%,828436,3.54M
588,SQNS,Sequans Communications S.A.,78.48M,1.62%,76077,30.56M
589,AIRG,"Airgain, Inc.",77.94M,-1.86%,21025,55.59M
590,OPTX,"Syntec Optics Holdings, Inc.",77.78M,-5.78%,110291,29.39M
591,OSS,"One Stop Systems, Inc.",77.28M,2.81%,152721,52.71M
592,AUID,authID Inc.,76.56M,-3.58%,31611,758.64K
593,SMXT,"SolarMax Technology, Inc.",76.53M,-3.98%,105149,28.79M
594,DM,"Desktop Metal, Inc.",75.69M,-9.20%,221493,168.28M
595,TDTH,Trident Digital Tech Holdings Ltd,74.87M,22.11%,24736256,1.38M
596,ELTK,Eltek Ltd.,74.77M,-1.50%,7100,48.09M
597,MIND,"MIND Technology, Inc.",73.88M,-0.22%,262879,45.20M
598,ASYS,"Amtech Systems, Inc.",72.16M,0.60%,23223,101.21M
599,VTSI,"VirTra, Inc.",71.67M,-1.70%,44484,31.77M
600,GSIT,"GSI Technology, Inc.",71.36M,-4.11%,327811,19.79M
601,ALAR,Alarum Technologies Ltd.,69.15M,-1.88%,136873,31.56M
602,INUV,"Inuvo, Inc.",68.83M,1.32%,577470,78.45M
603,WFCF,"Where Food Comes From, Inc.",65.92M,0.89%,2698,25.82M
604,SOTK,Sono-Tek Corporation,62.37M,2.06%,15603,20.15M
605,TYGO,"Tigo Energy, Inc.",61.92M,5.27%,580738,45.99M
606,BMTX,"BM Technologies, Inc.",60.50M,-,128528,57.66M
607,SELX,Semilux International Ltd.,59.51M,7.43%,20372,1.04M
608,MKFG,Markforged Holding Corporation,58.36M,-2.41%,47823,86.89M
609,CMTL,Comtech Telecommunications Corp.,58.34M,-4.76%,1103011,504.29M
610,INLX,"Intellinetics, Inc.",58.25M,0.50%,7051,17.93M
611,FKWL,Franklin Wireless Corp.,57.98M,-2.77%,7483,34.46M
612,KOSS,Koss Corporation,55.92M,-3.08%,54330,12.29M
613,BMR,Beamr Imaging Ltd.,55.53M,-0.28%,124520,2.96M
614,WKEY,WISeKey International Holding AG,54.31M,-0.79%,372811,20.99M
615,NUKK,Nukkleus Inc.,52.71M,-5.35%,290896,10.75M
616,IDN,"Intellicheck, Inc.",52.37M,-,70946,19.24M
617,REFR,Research Frontiers Incorporated,51.62M,-0.65%,5620,1.47M
618,FTCI,"FTC Solar, Inc.",51.16M,1.53%,59307,57.35M
619,USIO,"Usio, Inc.",51.01M,5.03%,279710,81.03M
620,PXLW,"Pixelworks, Inc.",50.98M,1.28%,287319,54.19M
621,DUOT,"Duos Technologies Group, Inc.",50.54M,2.21%,125841,7.35M
622,SPRU,Spruce Power Holding Corporation,48.92M,-1.13%,16993,77.58M
623,SWVL,Swvl Holdings Corp.,48.54M,-0.19%,75821,19.80M
624,LGCL,Lucas GC Limited,46.78M,-15.49%,1163690,173.31M
625,JG,Aurora Mobile Limited,46.69M,2.63%,318702,42.83M
626,MOBX,"Mobix Labs, Inc.",45.48M,1.60%,567252,6.44M
627,FOXX,Foxx Development Holdings Inc.,45.43M,-2.35%,646282,26.34M
628,CTM,"Castellum, Inc.",45.32M,-2.24%,1854640,45.56M
629,TACT,TransAct Technologies Incorporated,44.85M,-,9797,46.42M
630,SYT,"SYLA Technologies Co., Ltd.",44.55M,-2.33%,5529,149.12M
631,FCUV,Focus Universal Inc.,43.89M,62.49%,1647368,1.08M
632,MNDO,MIND C.T.I. Ltd,42.01M,-0.43%,16957,21.86M
633,ZEPP,Zepp Health Corporation,41.99M,-,16950,208.95M
634,WCT,Wellchange Holdings Company Limited,41.89M,5.35%,471482,2.37M
635,OCC,Optical Cable Corporation,40.53M,-9.87%,136928,66.67M
636,KPLT,"Katapult Holdings, Inc.",40.22M,0.11%,37813,241.79M
637,AXIL,"AXIL Brands, Inc.",40.03M,2.31%,17276,26.55M
638,AIXI,Xiao-I Corporation,39.60M,-8.05%,130538,65.64M
639,BEEM,Beam Global,39.45M,-2.91%,148712,60.88M
640,ORKT,Orangekloud Technology Inc.,39.36M,26.28%,12400421,3.90M
641,KTCC,Key Tronic Corporation,39.28M,0.55%,25299,548.39M
642,MSAI,"MultiSensor AI Holdings, Inc.",38.96M,-2.29%,305614,7.62M
643,DSWL,"Deswell Industries, Inc.",37.93M,-,1997,66.81M
644,HKIT,Hitek Global Inc.,37.80M,-5.84%,19132,3.45M
645,EBON,Ebang International Holdings Inc.,35.67M,-3.24%,9205,3.59M
646,MTC,"MMTec, Inc.",35.60M,-2.05%,57744,-1.99M
647,LGL,"The LGL Group, Inc.",35.33M,-2.90%,3758,4.13M
648,CLPS,CLPS Incorporation,35.08M,0.79%,1251,142.81M
649,WYY,WidePoint Corporation,34.91M,-2.06%,13758,133.12M
650,AWRE,"Aware, Inc.",34.56M,-,13840,16.97M
651,VRAR,"The Glimpse Group, Inc.",34.45M,-0.58%,259693,8.14M
652,CMBM,Cambium Networks Corporation,33.33M,-1.67%,47106,172.22M
653,VHC,VirnetX Holding Corporation,32.63M,-1.69%,7442,5.00K
654,BTCT,BTC Digital Ltd.,32.47M,-2.22%,912533,8.48M
655,MASK,3 E Network Technology Group Limited,32.18M,-1.72%,189340,4.56M
656,MOGO,Mogo Inc.,31.88M,-2.22%,18173,31.00M
657,HTCR,"HeartCore Enterprises, Inc.",31.82M,7.04%,103572,30.29M
658,DTST,Data Storage Corporation,31.42M,2.99%,52402,25.14M
659,XBP,"XBP Europe Holdings, Inc.",31.07M,0.98%,8470,157.15M
660,HOLO,MicroCloud Hologram Inc.,31.02M,-5.03%,18798367,32.24M
661,NTWK,"NetSol Technologies, Inc.",30.87M,3.07%,20414,61.75M
662,AMPG,"AmpliTech Group, Inc.",30.67M,0.51%,842836,11.67M
663,BTCM,BIT Mining Limited,30.36M,-1.13%,25176,41.41M
664,SURG,"SurgePays, Inc.",29.22M,-3.29%,132728,83.60M
665,VSTE,Vast Renewables Limited,28.64M,-2.61%,270952,342.00K
666,DAIO,Data I/O Corporation,28.31M,1.83%,30096,23.46M
667,FAAS,DigiAsia Corp.,28.07M,-5.90%,231670,57.73M
668,HUBC,HUB Cyber Security Ltd.,27.93M,17.86%,8329083,33.36M
669,EMKR,Emcore Corporation,27.79M,-,76622,85.90M
670,GLE,Global Engine Group Holding Limited,26.90M,-7.55%,30128,6.33M
671,NXPL,NextPlat Corp,26.48M,-4.67%,62895,66.48M
672,CREX,"Creative Realities, Inc.",26.17M,0.60%,27982,54.30M
673,AIFF,"Firefly Neuroscience, Inc.",26.14M,-7.32%,190082,74.00K
674,TRT,Trio-Tech International,25.71M,-1.46%,2889,42.15M
675,CPSH,CPS Technologies Corporation,25.49M,-4.13%,45623,21.94M
676,UTSI,UTStarcom Holdings Corp.,24.91M,1.93%,3696,14.96M
677,CXAI,CXApp Inc.,24.85M,-1.31%,650725,7.20M
678,TURB,"Turbo Energy, S.A.",24.46M,2.30%,7708,11.66M
679,LDTC,LeddarTech Holdings Inc.,23.44M,-13.38%,492341,353.69K
680,CNTM,"ConnectM Technology Solutions, Inc.",23.24M,-7.56%,67766,21.79M
681,SMSI,"Smith Micro Software, Inc.",22.53M,-2.31%,163458,24.18M
682,MTEK,Maris-Tech Ltd.,22.14M,-1.06%,126549,6.97M
683,RTC,Baijiayun Group Ltd,21.92M,-2.78%,729579,59.79M
684,SAIH,SAIHEAT Limited,21.68M,1.73%,70736,6.95M
685,AGMH,AGM Group Holdings Inc.,21.59M,2.29%,73207,65.00M
686,SYNX,Silynxcom Ltd.,21.52M,0.49%,12864,9.89M
687,BOSC,B.O.S. Better Online Solutions Ltd.,21.43M,-0.80%,24767,40.45M
688,EZFL,EZFill Holdings Inc.,21.24M,6.88%,6887,26.67M
689,BLIN,"Bridgeline Digital, Inc.",20.63M,11.86%,311951,15.36M
690,STEC,Santech Holdings Limited,19.04M,-2.58%,32069,260.47M
691,JFU,9F Inc.,18.25M,-,8449,40.61M
692,MOB,Mobilicom Limited,17.97M,-2.08%,237099,3.46M
693,ELSE,"Electro-Sensors, Inc.",16.83M,-3.35%,423,9.29M
694,FEBO,Fenbo Holdings Limited,16.48M,-0.67%,2601,16.32M
695,IPM,Intelligent Protection Management Corp.,16.26M,-0.57%,29040,9.64M
696,JDZG,JIADE Limited,16.09M,-2.83%,182862,2.33M
697,TAIT,Taitron Components Incorporated,15.72M,0.38%,30505,4.34M
698,MLGO,MicroAlgo Inc.,15.46M,-1.90%,1309723,83.50M
699,JZ,Jianzhi Education Technology Group Company Limited,15.25M,-5.55%,3633,50.81M
700,IZM,ICZOOM Group Inc.,15.25M,2.36%,38211,177.93M
701,BNAI,"Brand Engagement Network, Inc.",14.36M,3.78%,343096,135.00K
702,DTSS,Datasea Inc.,14.10M,-0.50%,55045,38.18M
703,SONM,"Sonim Technologies, Inc.",13.98M,-1.37%,7203,56.74M
704,INTZ,Intrusion Inc.,13.94M,-5.46%,1215469,5.46M
705,ARBB,ARB IOT Group Limited,13.77M,-1.51%,35321,12.33M
706,BNZI,"Banzai International, Inc.",13.53M,-17.41%,2420368,4.31M
707,CLRO,"ClearOne, Inc.",12.99M,-4.58%,63437,12.58M
708,XTKG,"X3 Holdings Co., Ltd.",12.94M,-5.10%,39884,15.23M
709,PET,Wag! Group Co.,12.71M,0.39%,412683,76.75M
710,MYNA,Mynaric AG,11.69M,-8.11%,211314,5.96M
711,CISO,CISO Global Inc.,11.59M,-3.88%,91804,54.63M
712,UAVS,"AgEagle Aerial Systems, Inc.",11.47M,1.25%,406220,13.49M
713,UBXG,U-BX Technology Ltd.,11.27M,3.10%,19056,51.60M
714,WISA,"WiSA Technologies, Inc.",11.22M,6.30%,560751,2.19M
715,APCX,AppTech Payments Corp.,11.14M,-3.77%,42215,365.00K
716,SMTK,"SmartKem, Inc.",11.11M,-1.89%,8865,40.00K
717,ASTC,Astrotech Corporation,11.05M,-1.19%,2890,1.27M
718,SCKT,"Socket Mobile, Inc.",11.03M,2.84%,23214,18.33M
719,LEDS,SemiLEDs Corporation,10.89M,0.67%,15953,4.79M
720,BLBX,Blackboxstocks Inc.,10.80M,-9.73%,162437,2.76M
721,GMM,Global Mofy AI Limited,10.68M,-1.51%,66386,41.36M
722,MSN,Emerson Radio Corp.,10.29M,-7.74%,6397,9.76M
723,AMST,Amesite Inc.,10.16M,-1.62%,21059,114.80K
724,ELWS,"Earlyworks Co., Ltd",10.01M,1.22%,9253,1.14M
725,RYDE,Ryde Group Ltd,9.90M,-0.53%,54177,5.76M
726,SGMA,"SigmaTron International, Inc.",9.85M,-1.83%,18309,336.56M
727,MFI,mF International Limited,9.54M,-,157732,3.88M
728,DATS,"DatChat, Inc.",9.48M,-1.25%,583143,515.00
729,NXTT,Next Technology Holding Inc.,9.21M,-3.65%,41551,1.13M
730,RVYL,Ryvyl Inc.,9.17M,2.48%,45943,63.53M
731,LIDR,"AEye, Inc.",8.43M,-1.86%,1411514,225.00K
732,ASNS,"Actelis Networks, Inc.",8.07M,-0.77%,141832,7.72M
733,BOXL,Boxlight Corporation,8.06M,-3.19%,89896,150.71M
734,JNVR,Janover Inc.,7.66M,4.03%,5449,1.82M
735,WTO,UTime Limited,7.01M,-4.20%,526038,32.31M
736,MITQ,"Moving iMage Technologies, Inc.",6.94M,-5.47%,124412,18.76M
737,VISL,"Vislink Technologies, Inc.",6.90M,-21.57%,35516,32.44M
738,FRGT,"Freight Technologies, Inc.",6.76M,-4.32%,34581,17.57M
739,ULY,Urgent.ly Inc.,6.48M,-2.04%,25140,155.93M
740,MRIN,Marin Software Incorporated,6.30M,-0.74%,7344,16.71M
741,VS,Versus Systems Inc.,6.29M,1.33%,44094,91.50K
742,GITS,"Global Interactive Technologies, Inc.",6.17M,-1.06%,43346,-186.28K
743,IDAI,T Stamp Inc.,6.02M,-3.24%,77614,2.16M
744,VERB,"Verb Technology Company, Inc.",5.81M,-5.65%,23888,201.00K
745,CYN,Cyngn Inc.,5.81M,-18.99%,12507999,102.12K
746,TGL,Treasure Global Inc.,5.60M,3.22%,1039821,8.81M
747,SOPA,Society Pass Incorporated,5.46M,50.50%,11564588,6.91M
748,OST,"Ostin Technology Group Co., Ltd.",5.35M,-,217375,32.46M
749,FTFT,Future FinTech Group Inc.,5.23M,-3.08%,295053,18.54M
750,VVPR,VivoPower International PLC,4.84M,2.83%,73603,79.00K
751,OBLG,"Oblong, Inc.",4.83M,7.93%,76162,2.76M
752,CETX,"Cemtrex, Inc.",4.51M,-4.17%,57262,66.86M
753,IMTE,Integrated Media Technology Limited,4.32M,-4.55%,2161,123.34K
754,WATT,Energous Corporation,4.13M,4.24%,1463342,431.18K
755,IFBD,"Infobird Co., Ltd",3.76M,-1.51%,15088,300.00K
756,JTAI,Jet.AI Inc.,3.46M,-1.12%,96654,15.03M
757,PRSO,Peraso Inc.,3.11M,1.61%,52128,12.73M
758,ASTI,"Ascent Solar Technologies, Inc.",2.93M,-1.34%,20167,44.67K
759,SGN,"Signing Day Sports, Inc.",2.92M,47.66%,58532900,576.49K
760,OLB,"The OLB Group, Inc.",2.91M,-12.34%,60688,16.01M
761,SYTA,Siyata Mobile Inc.,2.78M,-14.36%,263041,11.99M
762,AUUD,Auddia Inc.,2.66M,-1.47%,83463,-
763,MYSZ,"My Size, Inc.",2.42M,2.13%,24513,9.63M
764,RIME,"Algorhythm Holdings, Inc.",2.41M,4.92%,313606818,32.48M
765,TAOP,Taoping Inc.,1.82M,0.99%,248801,42.64M
766,SVRE,SaverOne 2014 Ltd.,1.71M,-4.66%,309288,458.95K
767,WLDS,Wearable Devices Ltd.,1.38M,23.23%,2906926,464.00K
768,LYT,Lytus Technologies Holdings PTV. Ltd.,1.15M,-5.65%,492365,21.36M
769,SOBR,"SOBR Safe, Inc.",875.74K,-5.94%,543504,183.86K
770,ATCH,"AtlasClear Holdings, Inc.",863.55K,-3.93%,107169,-
