,Symbol,Company Name,Market Cap,% Change,Volume,Revenue
0,NEE,"NextEra Energy, Inc.",147.16B,0.36%,10708016,24.75B
1,GEV,GE Vernova Inc.,102.79B,-2.63%,4137083,34.94B
2,CEG,Constellation Energy Corporation,93.85B,-2.78%,4385102,23.98B
3,SO,The Southern Company,91.98B,-1.15%,3294671,26.43B
4,DUK,Duke Energy Corporation,86.51B,-0.24%,2274733,29.75B
5,NGG,National Grid plc,59.58B,-0.55%,788098,25.90B
6,VST,Vistra Corp.,57.17B,-4.69%,12141830,16.27B
7,SRE,Sempra,52.53B,-0.43%,2677639,12.92B
8,AEP,"American Electric Power Company, Inc.",52.38B,0.34%,4887040,19.60B
9,D,"Dominion Energy, Inc.",46.70B,-0.39%,2079719,14.59B
10,PEG,Public Service Enterprise Group Incorporated,41.62B,-0.35%,1854436,10.43B
11,EXC,Exelon Corporation,40.19B,-0.05%,6457845,22.92B
12,XEL,Xcel Energy Inc.,38.59B,0.51%,6279810,13.76B
13,ETR,Entergy Corporation,34.77B,-0.12%,7455483,11.86B
14,PCG,PG&E Corporation,34.21B,-0.25%,27013376,24.83B
15,ED,"Consolidated Edison, Inc.",32.48B,-0.13%,6072670,15.03B
16,WEC,"WEC Energy Group, Inc.",31.40B,-0.19%,4607978,8.53B
17,AEE,Ameren Corporation,25.14B,0.10%,1217668,7.06B
18,DTE,DTE Energy Company,24.83B,0.46%,1058821,12.42B
19,PPL,PPL Corporation,24.80B,0.39%,3542029,8.28B
20,AWK,"American Water Works Company, Inc.",24.29B,0.79%,760430,4.52B
21,FE,FirstEnergy Corp.,22.94B,0.20%,4581117,13.26B
22,ATO,Atmos Energy Corporation,22.15B,-0.14%,1240836,4.17B
23,FTS,Fortis Inc.,21.35B,-0.40%,472596,8.47B
24,CNP,"CenterPoint Energy, Inc.",21.23B,-0.94%,3489652,8.56B
25,ES,Eversource Energy,21.13B,0.45%,2816944,11.62B
26,EIX,Edison International,20.91B,-0.11%,12046646,17.32B
27,NRG,"NRG Energy, Inc.",20.75B,-2.44%,2459968,28.12B
28,CMS,CMS Energy Corporation,19.72B,-0.30%,1298099,7.48B
29,NI,NiSource Inc.,17.41B,-1.11%,3264842,5.29B
30,BIP,Brookfield Infrastructure Partners L.P.,15.34B,-2.26%,257398,21.04B
31,LNT,Alliant Energy Corporation,15.11B,0.08%,1617235,3.97B
32,EVRG,"Evergy, Inc.",14.76B,-0.12%,2210328,5.78B
33,EBR,Centrais Elétricas Brasileiras S.A. - Eletrobrás,14.06B,-0.64%,995359,6.99B
34,SBS,Companhia de Saneamento Básico do Estado de São Paulo - SABESP,11.07B,-0.25%,721923,6.53B
35,BEP,Brookfield Renewable Partners L.P.,10.28B,5.75%,1682191,6.50B
36,TLN,Talen Energy Corporation,10.19B,-1.43%,1019294,2.02B
37,PNW,Pinnacle West Capital Corporation,9.89B,-0.20%,497616,5.02B
38,WTRG,"Essential Utilities, Inc.",9.74B,0.06%,1148839,1.96B
39,KEP,Korea Electric Power Corporation,9.30B,-1.36%,154238,70.35B
40,OGE,OGE Energy Corp.,8.49B,-1.15%,657435,2.79B
41,AES,The AES Corporation,7.82B,-0.85%,11952979,12.28B
42,UGI,UGI Corporation,6.60B,-0.84%,1285513,7.21B
43,CIG.C,Companhia Energética de Minas Gerais - CEMIG,6.04B,3.70%,4637,7.09B
44,CIG,Companhia Energética de Minas Gerais - CEMIG,6.04B,0.54%,1200623,7.09B
45,IDA,"IDACORP, Inc.",5.86B,0.01%,227933,1.84B
46,PAM,Pampa Energía S.A.,5.49B,-0.36%,179833,2.71B
47,SWX,"Southwest Gas Holdings, Inc.",5.36B,-0.39%,990161,5.21B
48,OKLO,Oklo Inc.,5.08B,-0.72%,26237895,-
49,BIPC,Brookfield Infrastructure Corporation,4.97B,-0.71%,423358,3.67B
50,NJR,New Jersey Resources Corporation,4.78B,0.13%,528648,1.80B
51,ELPC,Companhia Paranaense de Energia - COPEL,4.72B,-2.16%,4514,4.08B
52,ELP,Companhia Paranaense de Energia - COPEL,4.72B,-0.89%,221221,4.08B
53,TXNM,"TXNM Energy, Inc.",4.36B,0.56%,645821,1.91B
54,POR,Portland General Electric Company,4.34B,-0.41%,1393621,3.34B
55,BKH,Black Hills Corporation,4.20B,-0.49%,615989,2.12B
56,ENIC,Enel Chile S.A.,4.11B,-,680063,5.29B
57,SR,Spire Inc.,4.10B,-0.95%,677143,2.59B
58,NFE,New Fortress Energy Inc.,4.03B,-3.66%,2397841,2.42B
59,OGS,"ONE Gas, Inc.",4.00B,0.20%,615831,2.06B
60,ORA,"Ormat Technologies, Inc.",3.88B,-0.16%,734165,890.25M
61,BEPC,Brookfield Renewable Corporation,3.87B,4.63%,1494309,4.57B
62,ALE,"ALLETE, Inc.",3.79B,-0.09%,442547,1.57B
63,TAC,TransAlta Corporation,3.45B,-0.52%,1034372,2.07B
64,AQN,Algonquin Power & Utilities Corp.,3.43B,2.30%,16798107,2.61B
65,NWE,"NorthWestern Energy Group, Inc.",3.31B,-0.52%,350313,1.50B
66,MGEE,"MGE Energy, Inc.",3.25B,-0.47%,274993,653.68M
67,OTTR,Otter Tail Corporation,3.22B,-0.82%,253612,1.34B
68,CWEN,"Clearway Energy, Inc.",3.00B,-0.15%,488963,1.36B
69,AVA,Avista Corporation,2.90B,0.25%,270779,1.92B
70,AWR,American States Water Company,2.82B,0.96%,261355,577.54M
71,CPK,Chesapeake Utilities Corporation,2.80B,-0.70%,103963,757.49M
72,CWT,California Water Service Group,2.69B,1.09%,521898,1.03B
73,CEPU,Central Puerto S.A.,2.45B,-0.48%,214697,375.58M
74,FLNC,"Fluence Energy, Inc.",2.36B,-5.86%,4025174,2.70B
75,RNW,ReNew Energy Global Plc,2.35B,0.31%,1477240,998.53M
76,CTRI,"Centuri Holdings, Inc.",1.97B,-1.72%,631056,2.59B
77,EDN,Empresa Distribuidora y Comercializadora Norte Sociedad Anónima,1.92B,-0.59%,185323,972.77M
78,ENLT,Enlight Renewable Energy Ltd,1.92B,0.25%,23486,358.42M
79,SJW,SJW Group,1.67B,1.23%,601517,721.96M
80,KEN,Kenon Holdings Ltd.,1.61B,-0.39%,7205,742.80M
81,NWN,Northwest Natural Holding Company,1.60B,-0.20%,186520,1.14B
82,HE,"Hawaiian Electric Industries, Inc.",1.58B,0.88%,1558213,3.69B
83,ARIS,"Aris Water Solutions, Inc.",1.49B,-8.00%,1069136,420.96M
84,SPH,"Suburban Propane Partners, L.P.",1.36B,-0.52%,482998,1.33B
85,NEP,"NextEra Energy Partners, LP",985.49M,0.96%,4563371,1.23B
86,MSEX,Middlesex Water Company,904.19M,-0.71%,93911,183.37M
87,UTL,Unitil Corporation,867.26M,-0.11%,71684,496.90M
88,AMPS,"Altus Power, Inc.",644.80M,-1.71%,479036,185.99M
89,MNTK,"Montauk Renewables, Inc.",596.24M,-2.11%,115198,194.85M
90,OPAL,OPAL Fuels Inc.,527.13M,-0.33%,139665,306.96M
91,YORW,The York Water Company,444.59M,0.15%,53494,74.19M
92,CWCO,Consolidated Water Co. Ltd.,414.56M,-0.42%,59819,158.81M
93,GNE,Genie Energy Ltd.,389.77M,-0.07%,80445,427.22M
94,CDZI,Cadiz Inc.,371.41M,5.33%,1013604,5.54M
95,ARTNA,Artesian Resources Corporation,319.24M,0.68%,45430,105.65M
96,PCYO,Pure Cycle Corporation,282.90M,-0.34%,48064,29.11M
97,GWRS,"Global Water Resources, Inc.",278.55M,-2.13%,30111,51.81M
98,NRGV,"Energy Vault Holdings, Inc.",264.69M,-5.95%,704260,130.96M
99,RGCO,"RGC Resources, Inc.",218.30M,-1.16%,15833,84.64M
100,ELLO,Ellomay Capital Ltd.,205.64M,-,4010,44.85M
101,VGAS,"Verde Clean Fuels, Inc.",117.94M,-3.66%,7054,-
102,STEM,"Stem, Inc.",98.74M,5.79%,6107886,256.18M
103,SUUN,SolarBank Corporation,86.11M,0.37%,52124,49.37M
104,WAVE,Eco Wave Power Global AB (publ),47.23M,5.32%,29132,279.00K
105,ADN,"Advent Technologies Holdings, Inc.",14.47M,0.92%,8849,8.16M
106,BNRG,Brenmiller Energy Ltd,9.65M,-11.69%,235600,41.00K
107,HTOO,Fusion Fuel Green PLC,8.65M,15.28%,491079,4.44M
108,CREG,Smart Powerr Corp.,5.87M,6.33%,19522,-
109,ALCE,Alternus Clean Energy Inc,939.09K,-3.72%,149492,-
